,Transaction ID,Item,Quantity,Price Per Unit,Total Spent,Payment Method,Location,Transaction Date,Day,Month
0,TXN_1961373,Coffee,2,2.0,4.0,Credit Card,Takeaway,2023-09-08,Friday,September
1,TXN_4977031,Cake,4,3.0,12.0,Cash,In-store,2023-05-16,Tuesday,May
2,TXN_4271903,Cookie,4,1.0,4.0,Credit Card,In-store,2023-07-19,Wednesday,July
3,TXN_7034554,Salad,2,5.0,10.0,UNKNOWN,UNKNOWN,2023-04-27,Thursday,April
4,TXN_3160411,Coffee,2,2.0,4.0,Digital Wallet,In-store,2023-06-11,Sunday,June
5,TXN_2602893,Smoothie,5,4.0,20.0,Credit Card,UNKNOWN,2023-03-31,Friday,March
7,TXN_6699534,Sandwich,4,4.0,16.0,Cash,UNKNOWN,2023-10-28,Saturday,October
9,TXN_2064365,Sandwich,5,4.0,20.0,UNKNOWN,In-store,2023-12-31,Sunday,December
10,TXN_2548360,Salad,5,5.0,25.0,Cash,Takeaway,2023-11-07,Tuesday,November
12,TXN_7619095,Sandwich,2,4.0,8.0,Cash,In-store,2023-05-03,Wednesday,May
13,TXN_9437049,Cookie,5,1.0,5.0,UNKNOWN,Takeaway,2023-06-01,Thursday,June
15,TXN_2847255,Salad,3,5.0,15.0,Credit Card,In-store,2023-11-15,Wednesday,November
16,TXN_3765707,Sandwich,1,4.0,4.0,UNKNOWN,UNKNOWN,2023-06-10,Saturday,June
17,TXN_6769710,Juice,2,3.0,6.0,Cash,In-store,2023-02-24,Friday,February
18,TXN_8876618,Cake,5,3.0,15.0,Cash,UNKNOWN,2023-03-25,Saturday,March
19,TXN_3709394,Juice,4,3.0,12.0,Cash,Takeaway,2023-01-15,Sunday,January
21,TXN_3567645,Smoothie,4,4.0,16.0,Credit Card,Takeaway,2023-03-30,Thursday,March
22,TXN_5132361,Sandwich,3,4.0,12.0,Digital Wallet,Takeaway,2023-12-01,Friday,December
23,TXN_2616390,Sandwich,2,4.0,8.0,UNKNOWN,UNKNOWN,2023-09-18,Monday,September
24,TXN_9400181,Sandwich,5,4.0,20.0,Cash,In-store,2023-06-03,Saturday,June
25,TXN_7958992,Smoothie,3,4.0,12.0,UNKNOWN,UNKNOWN,2023-12-13,Wednesday,December
26,TXN_5183041,Cookie,5,1.0,5.0,Credit Card,In-store,2023-04-20,Thursday,April
27,TXN_5695074,Juice,4,3.0,12.0,Credit Card,Takeaway,2023-04-10,Monday,April
28,TXN_8467949,Smoothie,5,4.0,20.0,Credit Card,UNKNOWN,2023-03-11,Saturday,March
32,TXN_9677376,Smoothie,4,4.0,16.0,UNKNOWN,In-store,2023-08-15,Tuesday,August
34,TXN_8853997,Smoothie,2,4.0,8.0,Digital Wallet,Takeaway,2023-10-09,Monday,October
35,TXN_9130559,Sandwich,1,4.0,4.0,Credit Card,UNKNOWN,2023-05-28,Sunday,May
37,TXN_1080432,Salad,2,5.0,10.0,Credit Card,In-store,2023-04-29,Saturday,April
38,TXN_2655815,Smoothie,4,4.0,16.0,UNKNOWN,Takeaway,2023-06-08,Thursday,June
39,TXN_6688524,Coffee,4,2.0,8.0,UNKNOWN,UNKNOWN,2023-06-29,Thursday,June
40,TXN_2083138,Smoothie,3,4.0,12.0,UNKNOWN,In-store,2023-04-17,Monday,April
41,TXN_2427584,Sandwich,4,4.0,16.0,UNKNOWN,Takeaway,2023-12-22,Friday,December
42,TXN_6650263,Tea,2,1.5,3.0,UNKNOWN,Takeaway,2023-01-10,Tuesday,January
43,TXN_9620080,Juice,4,3.0,12.0,UNKNOWN,Takeaway,2023-10-02,Monday,October
44,TXN_1491578,Cookie,2,1.0,2.0,UNKNOWN,UNKNOWN,2023-02-23,Thursday,February
45,TXN_5455792,Salad,3,5.0,15.0,Cash,UNKNOWN,2023-03-22,Wednesday,March
46,TXN_8078640,Juice,4,3.0,12.0,Digital Wallet,In-store,2023-11-03,Friday,November
47,TXN_9499313,Juice,5,3.0,15.0,UNKNOWN,UNKNOWN,2023-03-02,Thursday,March
48,TXN_8201146,Juice,5,3.0,15.0,Cash,UNKNOWN,2023-06-26,Monday,June
49,TXN_8230936,Cake,3,3.0,9.0,UNKNOWN,UNKNOWN,2023-05-02,Tuesday,May
50,TXN_7742742,Cake,5,3.0,15.0,UNKNOWN,Takeaway,2023-09-05,Tuesday,September
51,TXN_6342161,Salad,5,5.0,25.0,UNKNOWN,Takeaway,2023-01-08,Sunday,January
53,TXN_3363746,Smoothie,3,4.0,12.0,Credit Card,UNKNOWN,2023-11-25,Saturday,November
54,TXN_8614868,Smoothie,5,4.0,20.0,Digital Wallet,Takeaway,2023-12-05,Tuesday,December
56,TXN_3578141,Cake,5,3.0,15.0,UNKNOWN,Takeaway,2023-06-27,Tuesday,June
58,TXN_6421134,Sandwich,4,4.0,16.0,Cash,Takeaway,2023-11-03,Friday,November
59,TXN_8813311,Juice,5,3.0,15.0,UNKNOWN,In-store,2023-10-07,Saturday,October
60,TXN_9023317,Salad,1,5.0,5.0,UNKNOWN,UNKNOWN,2023-09-30,Saturday,September
62,TXN_2537617,Sandwich,1,4.0,4.0,Cash,UNKNOWN,2023-05-27,Saturday,May
64,TXN_9230615,Smoothie,4,4.0,16.0,Digital Wallet,UNKNOWN,2023-06-01,Thursday,June
65,TXN_4987129,Sandwich,3,4.0,12.0,UNKNOWN,In-store,2023-10-20,Friday,October
67,TXN_3068204,Cookie,1,1.0,1.0,Credit Card,Takeaway,2023-10-03,Tuesday,October
68,TXN_8427104,Salad,2,5.0,10.0,UNKNOWN,In-store,2023-10-27,Friday,October
70,TXN_2621580,Tea,2,1.5,3.0,Cash,In-store,2023-03-22,Wednesday,March
71,TXN_4726376,Cake,2,3.0,6.0,Credit Card,In-store,2023-01-31,Tuesday,January
73,TXN_4238417,Salad,2,5.0,10.0,UNKNOWN,UNKNOWN,2023-06-19,Monday,June
74,TXN_1900620,Smoothie,2,4.0,8.0,Credit Card,UNKNOWN,2023-12-14,Thursday,December
75,TXN_6420335,Coffee,1,2.0,2.0,Cash,Takeaway,2023-07-16,Sunday,July
76,TXN_3858209,Sandwich,4,4.0,16.0,Cash,UNKNOWN,2023-02-22,Wednesday,February
78,TXN_8735480,Tea,5,1.5,7.5,Cash,UNKNOWN,2023-06-02,Friday,June
79,TXN_3829165,Juice,4,3.0,12.0,Cash,In-store,2023-06-15,Thursday,June
80,TXN_3748616,Coffee,2,2.0,4.0,Credit Card,In-store,2023-12-09,Saturday,December
81,TXN_1993289,Sandwich,2,4.0,8.0,UNKNOWN,In-store,2023-04-18,Tuesday,April
82,TXN_2123367,Cookie,2,1.0,2.0,UNKNOWN,UNKNOWN,2023-11-07,Tuesday,November
83,TXN_5266394,Cake,3,3.0,9.0,Cash,In-store,2023-10-28,Saturday,October
84,TXN_5107946,Cake,4,3.0,12.0,Credit Card,UNKNOWN,2023-12-22,Friday,December
85,TXN_8035512,Tea,3,1.5,4.5,Cash,UNKNOWN,2023-10-29,Sunday,October
86,TXN_8718498,Cake,5,3.0,15.0,Credit Card,UNKNOWN,2023-04-30,Sunday,April
87,TXN_3955361,Cookie,5,1.0,5.0,UNKNOWN,Takeaway,2023-04-02,Sunday,April
90,TXN_8976658,Tea,2,1.5,3.0,Credit Card,In-store,2023-08-16,Wednesday,August
92,TXN_2725602,Juice,5,3.0,15.0,Credit Card,UNKNOWN,2023-09-10,Sunday,September
93,TXN_3011323,Coffee,3,2.0,6.0,Credit Card,UNKNOWN,2023-03-07,Tuesday,March
94,TXN_6289610,Juice,3,3.0,9.0,Cash,Takeaway,2023-08-07,Monday,August
95,TXN_8268061,Salad,3,5.0,15.0,UNKNOWN,Takeaway,2023-08-20,Sunday,August
96,TXN_5220895,Salad,5,5.0,25.0,Cash,In-store,2023-06-10,Saturday,June
97,TXN_3085509,Coffee,4,2.0,8.0,Digital Wallet,In-store,2023-04-15,Saturday,April
98,TXN_9999113,Juice,4,3.0,12.0,Cash,Takeaway,2023-05-27,Saturday,May
99,TXN_8779771,Coffee,4,2.0,8.0,Cash,In-store,2023-07-25,Tuesday,July
101,TXN_1621920,Salad,3,5.0,15.0,UNKNOWN,Takeaway,2023-10-28,Saturday,October
102,TXN_3808639,Juice,2,3.0,6.0,Digital Wallet,Takeaway,2023-12-15,Friday,December
105,TXN_6955416,Salad,4,5.0,20.0,UNKNOWN,In-store,2023-02-25,Saturday,February
106,TXN_3775339,Cookie,3,1.0,3.0,Credit Card,UNKNOWN,2023-04-03,Monday,April
107,TXN_9547091,Cookie,3,1.0,3.0,Credit Card,UNKNOWN,2023-10-08,Sunday,October
108,TXN_4358673,Cookie,5,1.0,5.0,Digital Wallet,Takeaway,2023-12-28,Thursday,December
109,TXN_4174591,Tea,4,1.5,6.0,Digital Wallet,UNKNOWN,2023-08-30,Wednesday,August
110,TXN_3398520,Sandwich,1,4.0,4.0,UNKNOWN,In-store,2023-02-03,Friday,February
111,TXN_6171384,Smoothie,2,4.0,8.0,Credit Card,UNKNOWN,2023-09-12,Tuesday,September
112,TXN_2530938,Smoothie,5,4.0,20.0,UNKNOWN,Takeaway,2023-04-27,Thursday,April
113,TXN_3314971,Juice,3,3.0,9.0,Digital Wallet,UNKNOWN,2023-05-04,Thursday,May
114,TXN_3092382,Coffee,5,2.0,10.0,Digital Wallet,UNKNOWN,2023-02-21,Tuesday,February
116,TXN_1535311,Juice,3,3.0,9.0,Cash,UNKNOWN,2023-03-16,Thursday,March
119,TXN_4368416,Salad,2,5.0,10.0,Credit Card,Takeaway,2023-02-24,Friday,February
120,TXN_9790731,Cake,2,3.0,6.0,UNKNOWN,UNKNOWN,2023-06-02,Friday,June
121,TXN_9339456,Coffee,3,2.0,6.0,UNKNOWN,Takeaway,2023-03-29,Wednesday,March
122,TXN_5179020,Cake,2,3.0,6.0,UNKNOWN,Takeaway,2023-06-18,Sunday,June
123,TXN_6258471,Coffee,5,2.0,10.0,Digital Wallet,In-store,2023-09-23,Saturday,September
124,TXN_7945375,Juice,3,3.0,9.0,UNKNOWN,UNKNOWN,2023-01-14,Saturday,January
125,TXN_4685453,Tea,4,1.5,6.0,Cash,In-store,2023-09-14,Thursday,September
126,TXN_9646452,Juice,5,3.0,15.0,Credit Card,UNKNOWN,2023-09-16,Saturday,September
127,TXN_9096052,Smoothie,4,4.0,16.0,Credit Card,Takeaway,2023-12-28,Thursday,December
128,TXN_5916991,Juice,2,3.0,6.0,Digital Wallet,Takeaway,2023-02-06,Monday,February
129,TXN_3407169,Sandwich,2,4.0,8.0,Cash,In-store,2023-03-11,Saturday,March
130,TXN_2277042,Tea,1,1.5,1.5,Cash,UNKNOWN,2023-04-08,Saturday,April
131,TXN_9273729,Tea,1,1.5,1.5,UNKNOWN,UNKNOWN,2023-12-19,Tuesday,December
132,TXN_2181545,Juice,4,3.0,12.0,Credit Card,Takeaway,2023-07-14,Friday,July
133,TXN_1150033,Juice,5,3.0,15.0,Cash,In-store,2023-04-18,Tuesday,April
134,TXN_1443912,Juice,2,3.0,6.0,UNKNOWN,UNKNOWN,2023-06-08,Thursday,June
135,TXN_8700451,Tea,5,1.5,7.5,Credit Card,Takeaway,2023-12-12,Tuesday,December
136,TXN_6380550,Coffee,5,2.0,10.0,Cash,In-store,2023-01-05,Thursday,January
137,TXN_4885518,Salad,3,5.0,15.0,Credit Card,In-store,2023-06-10,Saturday,June
138,TXN_3972167,Sandwich,5,4.0,20.0,UNKNOWN,In-store,2023-01-23,Monday,January
139,TXN_4878378,Tea,1,1.5,1.5,Credit Card,UNKNOWN,2023-02-20,Monday,February
140,TXN_2484241,Cake,3,3.0,9.0,Digital Wallet,UNKNOWN,2023-07-19,Wednesday,July
141,TXN_2368126,Cake,5,3.0,15.0,UNKNOWN,In-store,2023-12-06,Wednesday,December
143,TXN_8495063,Juice,1,3.0,3.0,Cash,UNKNOWN,2023-05-31,Wednesday,May
144,TXN_4811133,Salad,2,5.0,10.0,Cash,UNKNOWN,2023-08-11,Friday,August
145,TXN_8729570,Tea,5,1.5,7.5,UNKNOWN,In-store,2023-09-03,Sunday,September
146,TXN_7623634,Cake,2,3.0,6.0,Credit Card,In-store,2023-07-11,Tuesday,July
147,TXN_9336980,Salad,4,5.0,20.0,Cash,In-store,2023-06-06,Tuesday,June
148,TXN_3424331,Cake,4,3.0,12.0,UNKNOWN,UNKNOWN,2023-01-18,Wednesday,January
149,TXN_5072031,Cake,2,3.0,6.0,Cash,Takeaway,2023-03-23,Thursday,March
150,TXN_8687151,Salad,5,5.0,25.0,Cash,UNKNOWN,2023-06-10,Saturday,June
152,TXN_5265095,Coffee,1,2.0,2.0,UNKNOWN,UNKNOWN,2023-06-23,Friday,June
154,TXN_4108138,Coffee,5,2.0,10.0,Cash,UNKNOWN,2023-08-03,Thursday,August
155,TXN_1909796,Smoothie,2,4.0,8.0,UNKNOWN,Takeaway,2023-07-12,Wednesday,July
156,TXN_1928241,Coffee,3,2.0,6.0,Cash,In-store,2023-04-30,Sunday,April
157,TXN_4283157,Salad,5,5.0,25.0,Digital Wallet,In-store,2023-11-25,Saturday,November
158,TXN_8013032,Coffee,2,2.0,4.0,Credit Card,UNKNOWN,2023-03-07,Tuesday,March
159,TXN_8301424,Juice,2,3.0,6.0,UNKNOWN,UNKNOWN,2023-06-27,Tuesday,June
161,TXN_7965998,Juice,1,3.0,3.0,Credit Card,In-store,2023-11-02,Thursday,November
162,TXN_9238666,Cookie,1,1.0,1.0,UNKNOWN,Takeaway,2023-07-31,Monday,July
163,TXN_1631695,Tea,2,1.5,3.0,UNKNOWN,In-store,2023-09-19,Tuesday,September
164,TXN_1435086,Cake,5,3.0,15.0,UNKNOWN,UNKNOWN,2023-02-09,Thursday,February
166,TXN_1648671,Sandwich,3,4.0,12.0,Cash,Takeaway,2023-05-21,Sunday,May
167,TXN_4062737,Cake,3,3.0,9.0,Cash,In-store,2023-07-02,Sunday,July
169,TXN_9249507,Cookie,4,1.0,4.0,Credit Card,In-store,2023-11-21,Tuesday,November
170,TXN_4689500,Sandwich,4,4.0,16.0,UNKNOWN,UNKNOWN,2023-12-02,Saturday,December
171,TXN_8989148,Tea,2,1.5,3.0,UNKNOWN,UNKNOWN,2023-11-25,Saturday,November
172,TXN_8316826,Coffee,3,2.0,6.0,UNKNOWN,In-store,2023-04-17,Monday,April
173,TXN_9836934,Cookie,3,1.0,3.0,Digital Wallet,In-store,2023-03-13,Monday,March
174,TXN_8005489,Cake,3,3.0,9.0,UNKNOWN,In-store,2023-08-12,Saturday,August
176,TXN_3925836,Cookie,3,1.0,3.0,Digital Wallet,In-store,2023-02-16,Thursday,February
179,TXN_3978874,Smoothie,5,4.0,20.0,Credit Card,In-store,2023-03-13,Monday,March
180,TXN_8955912,Sandwich,1,4.0,4.0,UNKNOWN,UNKNOWN,2023-11-07,Tuesday,November
181,TXN_1136554,Smoothie,3,4.0,12.0,UNKNOWN,Takeaway,2023-03-26,Sunday,March
182,TXN_8007337,Cake,2,3.0,6.0,Digital Wallet,Takeaway,2023-11-01,Wednesday,November
183,TXN_8129834,Salad,1,5.0,5.0,Cash,UNKNOWN,2023-07-22,Saturday,July
185,TXN_5365809,Cake,3,3.0,9.0,Cash,In-store,2023-09-14,Thursday,September
186,TXN_8166407,Smoothie,2,4.0,8.0,UNKNOWN,UNKNOWN,2023-07-26,Wednesday,July
187,TXN_6629480,Smoothie,5,4.0,20.0,Credit Card,In-store,2023-02-28,Tuesday,February
188,TXN_3833797,Coffee,4,2.0,8.0,UNKNOWN,In-store,2023-01-27,Friday,January
190,TXN_2996519,Cake,5,3.0,15.0,Cash,UNKNOWN,2023-01-19,Thursday,January
191,TXN_8810894,Smoothie,1,4.0,4.0,UNKNOWN,UNKNOWN,2023-02-20,Monday,February
192,TXN_7412722,Juice,4,3.0,12.0,Cash,In-store,2023-04-07,Friday,April
193,TXN_3937509,Smoothie,2,4.0,8.0,UNKNOWN,In-store,2023-03-20,Monday,March
194,TXN_6000201,Cookie,3,1.0,3.0,Cash,Takeaway,2023-02-16,Thursday,February
195,TXN_1714274,Cookie,4,1.0,4.0,UNKNOWN,In-store,2023-12-27,Wednesday,December
196,TXN_3800182,Tea,2,1.5,3.0,Cash,In-store,2023-10-26,Thursday,October
199,TXN_6311602,Juice,3,3.0,9.0,Credit Card,UNKNOWN,2023-05-15,Monday,May
200,TXN_2950680,Coffee,2,2.0,4.0,Credit Card,Takeaway,2023-12-10,Sunday,December
201,TXN_6749847,Cake,2,3.0,6.0,Credit Card,UNKNOWN,2023-08-15,Tuesday,August
202,TXN_2143187,Smoothie,1,4.0,4.0,UNKNOWN,In-store,2023-04-21,Friday,April
204,TXN_4088917,Coffee,3,2.0,6.0,Cash,Takeaway,2023-02-04,Saturday,February
205,TXN_3779366,Cookie,1,1.0,1.0,Digital Wallet,In-store,2023-04-15,Saturday,April
206,TXN_7724048,Smoothie,1,4.0,4.0,UNKNOWN,In-store,2023-11-12,Sunday,November
207,TXN_2698591,Tea,5,1.5,7.5,UNKNOWN,UNKNOWN,2023-08-05,Saturday,August
208,TXN_3171373,Smoothie,3,4.0,12.0,Credit Card,In-store,2023-05-10,Wednesday,May
210,TXN_6498163,Smoothie,5,4.0,20.0,UNKNOWN,In-store,2023-07-15,Saturday,July
212,TXN_9089898,Salad,3,5.0,15.0,Credit Card,UNKNOWN,2023-01-11,Wednesday,January
213,TXN_8587583,Cake,1,3.0,3.0,UNKNOWN,UNKNOWN,2023-10-01,Sunday,October
215,TXN_3857960,Salad,4,5.0,20.0,Cash,In-store,2023-04-26,Wednesday,April
217,TXN_9250710,Salad,1,5.0,5.0,Cash,In-store,2023-05-28,Sunday,May
218,TXN_7058377,Juice,1,3.0,3.0,UNKNOWN,Takeaway,2023-04-30,Sunday,April
219,TXN_6766492,Salad,1,5.0,5.0,UNKNOWN,UNKNOWN,2023-01-14,Saturday,January
220,TXN_9879996,Coffee,4,2.0,8.0,Digital Wallet,In-store,2023-03-01,Wednesday,March
221,TXN_4291940,Cake,3,3.0,9.0,Credit Card,In-store,2023-11-13,Monday,November
222,TXN_7433461,Cookie,2,1.0,2.0,Digital Wallet,UNKNOWN,2023-07-09,Sunday,July
223,TXN_4068262,Salad,2,5.0,10.0,Credit Card,UNKNOWN,2023-05-13,Saturday,May
225,TXN_5047447,Salad,1,5.0,5.0,Digital Wallet,Takeaway,2023-12-27,Wednesday,December
226,TXN_6623508,Cookie,5,1.0,5.0,Digital Wallet,Takeaway,2023-05-18,Thursday,May
228,TXN_9350833,Cake,1,3.0,3.0,Cash,Takeaway,2023-01-17,Tuesday,January
229,TXN_8377564,Cake,5,3.0,15.0,UNKNOWN,In-store,2023-07-14,Friday,July
230,TXN_7031118,Salad,1,5.0,5.0,Credit Card,UNKNOWN,2023-03-29,Wednesday,March
231,TXN_2230167,Cake,4,3.0,12.0,Digital Wallet,Takeaway,2023-09-22,Friday,September
232,TXN_6446616,Tea,3,1.5,4.5,UNKNOWN,UNKNOWN,2023-09-30,Saturday,September
233,TXN_1721827,Cake,4,3.0,12.0,Digital Wallet,UNKNOWN,2023-08-22,Tuesday,August
234,TXN_6334895,Smoothie,1,4.0,4.0,Credit Card,UNKNOWN,2023-07-27,Thursday,July
237,TXN_4700144,Coffee,4,2.0,8.0,UNKNOWN,In-store,2023-12-21,Thursday,December
238,TXN_5526852,Sandwich,5,4.0,20.0,Digital Wallet,In-store,2023-09-28,Thursday,September
239,TXN_6846228,Salad,3,5.0,15.0,UNKNOWN,In-store,2023-11-16,Thursday,November
240,TXN_8570890,Juice,4,3.0,12.0,UNKNOWN,UNKNOWN,2023-04-14,Friday,April
242,TXN_3786188,Tea,3,1.5,4.5,Credit Card,In-store,2023-10-20,Friday,October
243,TXN_4530804,Coffee,4,2.0,8.0,UNKNOWN,UNKNOWN,2023-01-12,Thursday,January
244,TXN_9642066,Sandwich,3,4.0,12.0,Credit Card,In-store,2023-08-31,Thursday,August
245,TXN_7328294,Juice,2,3.0,6.0,Cash,UNKNOWN,2023-07-07,Friday,July
248,TXN_5415901,Cake,2,3.0,6.0,Digital Wallet,UNKNOWN,2023-10-21,Saturday,October
250,TXN_6616971,Juice,2,3.0,6.0,Digital Wallet,Takeaway,2023-09-02,Saturday,September
251,TXN_7803615,Salad,3,5.0,15.0,Cash,In-store,2023-12-13,Wednesday,December
253,TXN_3544789,Tea,4,1.5,6.0,UNKNOWN,In-store,2023-07-14,Friday,July
254,TXN_1583597,Salad,1,5.0,5.0,Cash,In-store,2023-05-10,Wednesday,May
255,TXN_8472308,Cookie,2,1.0,2.0,Digital Wallet,Takeaway,2023-08-19,Saturday,August
256,TXN_1967565,Smoothie,5,4.0,20.0,Credit Card,Takeaway,2023-03-31,Friday,March
257,TXN_2029497,Sandwich,2,4.0,8.0,Cash,Takeaway,2023-01-06,Friday,January
260,TXN_7852990,Sandwich,5,4.0,20.0,Digital Wallet,Takeaway,2023-07-10,Monday,July
261,TXN_2534066,Salad,2,5.0,10.0,Cash,UNKNOWN,2023-10-13,Friday,October
262,TXN_2059647,Tea,1,1.5,1.5,Digital Wallet,In-store,2023-05-29,Monday,May
263,TXN_2485183,Smoothie,5,4.0,20.0,Cash,In-store,2023-07-07,Friday,July
264,TXN_7374846,Sandwich,1,4.0,4.0,Credit Card,UNKNOWN,2023-05-29,Monday,May
265,TXN_9401522,Sandwich,4,4.0,16.0,Digital Wallet,In-store,2023-11-16,Thursday,November
266,TXN_8250651,Sandwich,4,4.0,16.0,Digital Wallet,In-store,2023-03-13,Monday,March
267,TXN_7191245,Cake,4,3.0,12.0,UNKNOWN,Takeaway,2023-05-22,Monday,May
268,TXN_8982764,Cake,5,3.0,15.0,Digital Wallet,Takeaway,2023-11-23,Thursday,November
270,TXN_1153869,Smoothie,5,4.0,20.0,Credit Card,Takeaway,2023-11-03,Friday,November
271,TXN_5043774,Sandwich,3,4.0,12.0,Cash,UNKNOWN,2023-06-08,Thursday,June
272,TXN_1746320,Salad,1,5.0,5.0,Cash,UNKNOWN,2023-11-14,Tuesday,November
273,TXN_1077129,Cookie,1,1.0,1.0,UNKNOWN,In-store,2023-09-12,Tuesday,September
275,TXN_5616583,Smoothie,1,4.0,4.0,UNKNOWN,UNKNOWN,2023-10-13,Friday,October
276,TXN_2078474,Cookie,2,1.0,2.0,UNKNOWN,Takeaway,2023-11-03,Friday,November
277,TXN_2130245,Smoothie,5,4.0,20.0,Credit Card,UNKNOWN,2023-11-13,Monday,November
279,TXN_9076216,Cake,1,3.0,3.0,Cash,UNKNOWN,2023-12-17,Sunday,December
280,TXN_6371987,Tea,5,1.5,7.5,UNKNOWN,Takeaway,2023-03-13,Monday,March
282,TXN_2084377,Smoothie,1,4.0,4.0,Credit Card,UNKNOWN,2023-10-22,Sunday,October
284,TXN_8605813,Cookie,1,1.0,1.0,UNKNOWN,UNKNOWN,2023-06-30,Friday,June
285,TXN_9755352,Sandwich,5,4.0,20.0,UNKNOWN,In-store,2023-05-13,Saturday,May
290,TXN_7557340,Tea,5,1.5,7.5,Credit Card,In-store,2023-12-11,Monday,December
291,TXN_1157817,Smoothie,1,4.0,4.0,Digital Wallet,In-store,2023-04-25,Tuesday,April
292,TXN_2020318,Tea,3,1.5,4.5,Digital Wallet,In-store,2023-10-12,Thursday,October
293,TXN_8692094,Coffee,5,2.0,10.0,UNKNOWN,Takeaway,2023-08-30,Wednesday,August
294,TXN_5307411,Cake,3,3.0,9.0,Digital Wallet,Takeaway,2023-10-21,Saturday,October
295,TXN_9703120,Coffee,3,2.0,6.0,Credit Card,UNKNOWN,2023-11-02,Thursday,November
296,TXN_1289133,Juice,1,3.0,3.0,Cash,UNKNOWN,2023-09-19,Tuesday,September
297,TXN_2031459,Cake,3,3.0,9.0,Cash,Takeaway,2023-07-04,Tuesday,July
298,TXN_1333682,Smoothie,1,4.0,4.0,Digital Wallet,UNKNOWN,2023-01-28,Saturday,January
299,TXN_2256622,Cookie,2,1.0,2.0,Cash,In-store,2023-10-04,Wednesday,October
301,TXN_4912930,Smoothie,3,4.0,12.0,Credit Card,In-store,2023-02-26,Sunday,February
302,TXN_4942692,Coffee,2,2.0,4.0,UNKNOWN,Takeaway,2023-01-15,Sunday,January
303,TXN_3723007,Tea,3,1.5,4.5,Digital Wallet,In-store,2023-05-18,Thursday,May
304,TXN_7922392,Sandwich,3,4.0,12.0,UNKNOWN,UNKNOWN,2023-05-03,Wednesday,May
305,TXN_7498727,Salad,3,5.0,15.0,Cash,UNKNOWN,2023-11-06,Monday,November
306,TXN_1222338,Cookie,1,1.0,1.0,UNKNOWN,In-store,2023-10-11,Wednesday,October
307,TXN_6878866,Smoothie,3,4.0,12.0,Credit Card,UNKNOWN,2023-02-25,Saturday,February
309,TXN_9223242,Smoothie,2,4.0,8.0,UNKNOWN,UNKNOWN,2023-09-10,Sunday,September
310,TXN_6244211,Smoothie,2,4.0,8.0,UNKNOWN,UNKNOWN,2023-08-11,Friday,August
312,TXN_4612864,Tea,3,1.5,4.5,UNKNOWN,UNKNOWN,2023-02-14,Tuesday,February
314,TXN_3047598,Cookie,1,1.0,1.0,UNKNOWN,UNKNOWN,2023-09-06,Wednesday,September
315,TXN_5754317,Coffee,2,2.0,4.0,Credit Card,Takeaway,2023-01-10,Tuesday,January
316,TXN_7496926,Sandwich,3,4.0,12.0,UNKNOWN,In-store,2023-04-23,Sunday,April
318,TXN_7559388,Salad,4,5.0,20.0,Digital Wallet,Takeaway,2023-02-26,Sunday,February
319,TXN_8540499,Cookie,3,1.0,3.0,Cash,In-store,2023-01-22,Sunday,January
320,TXN_4225756,Cookie,3,1.0,3.0,UNKNOWN,In-store,2023-03-10,Friday,March
321,TXN_6795640,Cookie,4,1.0,4.0,Digital Wallet,Takeaway,2023-01-28,Saturday,January
322,TXN_6702428,Coffee,5,2.0,10.0,Cash,Takeaway,2023-08-11,Friday,August
324,TXN_4639319,Coffee,5,2.0,10.0,Cash,UNKNOWN,2023-01-09,Monday,January
325,TXN_5997803,Coffee,5,2.0,10.0,UNKNOWN,In-store,2023-12-03,Sunday,December
328,TXN_8319993,Juice,1,3.0,3.0,Digital Wallet,UNKNOWN,2023-08-06,Sunday,August
330,TXN_5523450,Salad,5,5.0,25.0,Credit Card,Takeaway,2023-07-02,Sunday,July
331,TXN_7838964,Sandwich,3,4.0,12.0,Credit Card,In-store,2023-06-15,Thursday,June
332,TXN_2773987,Smoothie,5,4.0,20.0,UNKNOWN,UNKNOWN,2023-01-11,Wednesday,January
333,TXN_1158829,Tea,1,1.5,1.5,Credit Card,UNKNOWN,2023-10-02,Monday,October
335,TXN_8685737,Smoothie,2,4.0,8.0,UNKNOWN,In-store,2023-11-02,Thursday,November
336,TXN_5634135,Cookie,2,1.0,2.0,UNKNOWN,UNKNOWN,2023-01-27,Friday,January
337,TXN_1524626,Smoothie,2,4.0,8.0,Digital Wallet,UNKNOWN,2023-12-29,Friday,December
338,TXN_7275407,Smoothie,2,4.0,8.0,Digital Wallet,In-store,2023-10-20,Friday,October
339,TXN_2889622,Juice,4,3.0,12.0,Credit Card,UNKNOWN,2023-11-01,Wednesday,November
342,TXN_9472241,Salad,3,5.0,15.0,Cash,Takeaway,2023-06-30,Friday,June
343,TXN_7345414,Salad,1,5.0,5.0,UNKNOWN,UNKNOWN,2023-02-15,Wednesday,February
344,TXN_4473352,Cake,1,3.0,3.0,UNKNOWN,In-store,2023-11-16,Thursday,November
345,TXN_2814363,Tea,2,1.5,3.0,UNKNOWN,UNKNOWN,2023-07-02,Sunday,July
346,TXN_1846004,Juice,3,3.0,9.0,Cash,In-store,2023-05-21,Sunday,May
347,TXN_7140471,Cake,1,3.0,3.0,Credit Card,UNKNOWN,2023-05-25,Thursday,May
348,TXN_3119542,Smoothie,1,4.0,4.0,Credit Card,UNKNOWN,2023-10-31,Tuesday,October
349,TXN_7773968,Sandwich,5,4.0,20.0,Digital Wallet,Takeaway,2023-02-24,Friday,February
350,TXN_9081088,Tea,2,1.5,3.0,Cash,Takeaway,2023-02-27,Monday,February
351,TXN_8559167,Sandwich,5,4.0,20.0,UNKNOWN,Takeaway,2023-12-09,Saturday,December
352,TXN_1130191,Smoothie,2,4.0,8.0,Cash,In-store,2023-04-06,Thursday,April
353,TXN_5215451,Sandwich,5,4.0,20.0,Digital Wallet,UNKNOWN,2023-11-02,Thursday,November
354,TXN_1040764,Coffee,3,2.0,6.0,Cash,Takeaway,2023-07-27,Thursday,July
355,TXN_5457133,Juice,5,3.0,15.0,UNKNOWN,In-store,2023-03-03,Friday,March
357,TXN_2100697,Coffee,3,2.0,6.0,Digital Wallet,Takeaway,2023-09-19,Tuesday,September
358,TXN_7676968,Smoothie,4,4.0,16.0,UNKNOWN,In-store,2023-02-21,Tuesday,February
359,TXN_5726998,Cake,3,3.0,9.0,Credit Card,UNKNOWN,2023-08-12,Saturday,August
360,TXN_4134594,Sandwich,3,4.0,12.0,Digital Wallet,In-store,2023-09-27,Wednesday,September
361,TXN_5079340,Cookie,4,1.0,4.0,Cash,In-store,2023-08-18,Friday,August
363,TXN_1380601,Tea,4,1.5,6.0,Digital Wallet,In-store,2023-03-11,Saturday,March
364,TXN_3959152,Juice,1,3.0,3.0,UNKNOWN,In-store,2023-05-21,Sunday,May
365,TXN_7776739,Tea,2,1.5,3.0,UNKNOWN,Takeaway,2023-02-23,Thursday,February
367,TXN_8703771,Cake,5,3.0,15.0,UNKNOWN,In-store,2023-05-12,Friday,May
368,TXN_2052395,Smoothie,3,4.0,12.0,Credit Card,In-store,2023-07-06,Thursday,July
371,TXN_3638955,Cookie,2,1.0,2.0,Cash,Takeaway,2023-09-02,Saturday,September
373,TXN_8256593,Salad,2,5.0,10.0,Digital Wallet,Takeaway,2023-08-09,Wednesday,August
374,TXN_9271457,Cake,3,3.0,9.0,Digital Wallet,In-store,2023-02-27,Monday,February
375,TXN_5392603,Coffee,1,2.0,2.0,Cash,In-store,2023-05-14,Sunday,May
377,TXN_9263299,Cookie,2,1.0,2.0,Credit Card,Takeaway,2023-10-08,Sunday,October
378,TXN_2301505,Cake,5,3.0,15.0,Digital Wallet,UNKNOWN,2023-03-21,Tuesday,March
379,TXN_5895177,Cake,5,3.0,15.0,UNKNOWN,UNKNOWN,2023-08-16,Wednesday,August
381,TXN_8147357,Tea,5,1.5,7.5,UNKNOWN,Takeaway,2023-04-20,Thursday,April
382,TXN_1436343,Cookie,1,1.0,1.0,Credit Card,In-store,2023-11-26,Sunday,November
383,TXN_2214698,Salad,4,5.0,20.0,Credit Card,UNKNOWN,2023-10-10,Tuesday,October
384,TXN_7480234,Salad,1,5.0,5.0,Cash,Takeaway,2023-05-10,Wednesday,May
387,TXN_3093219,Juice,5,3.0,15.0,Cash,UNKNOWN,2023-01-28,Saturday,January
390,TXN_4010658,Tea,5,1.5,7.5,UNKNOWN,UNKNOWN,2023-09-26,Tuesday,September
391,TXN_1454467,Juice,3,3.0,9.0,Cash,In-store,2023-03-15,Wednesday,March
392,TXN_2598728,Cake,2,3.0,6.0,Credit Card,UNKNOWN,2023-01-13,Friday,January
393,TXN_3390285,Tea,2,1.5,3.0,UNKNOWN,Takeaway,2023-02-06,Monday,February
394,TXN_8224079,Cookie,5,1.0,5.0,Cash,In-store,2023-10-16,Monday,October
395,TXN_1916339,Cake,1,3.0,3.0,Cash,In-store,2023-07-15,Saturday,July
396,TXN_8611035,Sandwich,5,4.0,20.0,Digital Wallet,In-store,2023-05-28,Sunday,May
397,TXN_3595735,Tea,4,1.5,6.0,Digital Wallet,Takeaway,2023-03-26,Sunday,March
398,TXN_4884822,Cookie,1,1.0,1.0,Credit Card,UNKNOWN,2023-04-23,Sunday,April
399,TXN_3668051,Cake,1,3.0,3.0,UNKNOWN,UNKNOWN,2023-11-17,Friday,November
400,TXN_6169633,Salad,4,5.0,20.0,Credit Card,Takeaway,2023-12-20,Wednesday,December
401,TXN_3884811,Coffee,4,2.0,8.0,Credit Card,UNKNOWN,2023-06-10,Saturday,June
403,TXN_1234097,Cookie,4,1.0,4.0,Cash,UNKNOWN,2023-12-04,Monday,December
404,TXN_4518102,Tea,5,1.5,7.5,Credit Card,In-store,2023-02-08,Wednesday,February
405,TXN_5939055,Coffee,3,2.0,6.0,UNKNOWN,Takeaway,2023-10-21,Saturday,October
408,TXN_8158496,Tea,4,1.5,6.0,Cash,UNKNOWN,2023-06-19,Monday,June
409,TXN_2726848,Cake,5,3.0,15.0,Credit Card,UNKNOWN,2023-09-11,Monday,September
410,TXN_3666858,Cake,4,3.0,12.0,Credit Card,In-store,2023-12-27,Wednesday,December
411,TXN_5499915,Cookie,2,1.0,2.0,Digital Wallet,Takeaway,2023-02-01,Wednesday,February
413,TXN_8089522,Sandwich,4,4.0,16.0,Cash,Takeaway,2023-02-12,Sunday,February
414,TXN_1564754,Salad,3,5.0,15.0,Digital Wallet,In-store,2023-03-14,Tuesday,March
415,TXN_1824506,Cake,1,3.0,3.0,Cash,In-store,2023-03-02,Thursday,March
417,TXN_3677592,Sandwich,2,4.0,8.0,Cash,UNKNOWN,2023-05-29,Monday,May
418,TXN_1002457,Cookie,5,1.0,5.0,Digital Wallet,Takeaway,2023-09-29,Friday,September
419,TXN_8056263,Smoothie,5,4.0,20.0,UNKNOWN,In-store,2023-04-20,Thursday,April
420,TXN_4732351,Sandwich,1,4.0,4.0,Digital Wallet,In-store,2023-04-22,Saturday,April
421,TXN_8049191,Cake,3,3.0,9.0,Credit Card,UNKNOWN,2023-07-31,Monday,July
422,TXN_4980036,Cake,2,3.0,6.0,Cash,Takeaway,2023-01-05,Thursday,January
423,TXN_3022839,Coffee,5,2.0,10.0,Digital Wallet,Takeaway,2023-08-25,Friday,August
424,TXN_7701070,Coffee,5,2.0,10.0,Credit Card,Takeaway,2023-07-28,Friday,July
425,TXN_8048037,Sandwich,2,4.0,8.0,Digital Wallet,Takeaway,2023-03-31,Friday,March
427,TXN_4444463,Cake,4,3.0,12.0,UNKNOWN,UNKNOWN,2023-05-16,Tuesday,May
428,TXN_1887522,Sandwich,4,4.0,16.0,Cash,In-store,2023-02-20,Monday,February
429,TXN_6908953,Tea,1,1.5,1.5,UNKNOWN,In-store,2023-12-08,Friday,December
430,TXN_4759769,Sandwich,1,4.0,4.0,UNKNOWN,In-store,2023-08-03,Thursday,August
431,TXN_2254479,Tea,2,1.5,3.0,UNKNOWN,Takeaway,2023-08-03,Thursday,August
432,TXN_7555408,Salad,2,5.0,10.0,UNKNOWN,In-store,2023-06-06,Tuesday,June
433,TXN_6857943,Cake,5,3.0,15.0,UNKNOWN,Takeaway,2023-01-08,Sunday,January
435,TXN_9552845,Sandwich,3,4.0,12.0,Cash,UNKNOWN,2023-02-18,Saturday,February
436,TXN_6769465,Juice,5,3.0,15.0,Digital Wallet,In-store,2023-06-13,Tuesday,June
437,TXN_7438831,Coffee,5,2.0,10.0,UNKNOWN,UNKNOWN,2023-12-24,Sunday,December
439,TXN_3656762,Sandwich,2,4.0,8.0,UNKNOWN,Takeaway,2023-07-31,Monday,July
440,TXN_4980282,Cake,1,3.0,3.0,Digital Wallet,In-store,2023-10-22,Sunday,October
441,TXN_3580786,Tea,1,1.5,1.5,UNKNOWN,In-store,2023-03-28,Tuesday,March
443,TXN_2508476,Smoothie,5,4.0,20.0,Cash,UNKNOWN,2023-04-14,Friday,April
444,TXN_1325631,Cake,4,3.0,12.0,Credit Card,In-store,2023-02-11,Saturday,February
445,TXN_8209125,Cookie,3,1.0,3.0,Credit Card,Takeaway,2023-01-30,Monday,January
446,TXN_1751164,Salad,2,5.0,10.0,Cash,UNKNOWN,2023-09-11,Monday,September
447,TXN_3730415,Cake,4,3.0,12.0,Credit Card,Takeaway,2023-04-09,Sunday,April
448,TXN_4134253,Tea,4,1.5,6.0,Cash,In-store,2023-10-07,Saturday,October
449,TXN_3256497,Coffee,2,2.0,4.0,Cash,UNKNOWN,2023-08-20,Sunday,August
450,TXN_8763180,Smoothie,1,4.0,4.0,UNKNOWN,Takeaway,2023-04-16,Sunday,April
451,TXN_3219175,Sandwich,5,4.0,20.0,UNKNOWN,UNKNOWN,2023-02-23,Thursday,February
452,TXN_6234872,Smoothie,1,4.0,4.0,UNKNOWN,UNKNOWN,2023-12-23,Saturday,December
453,TXN_7919440,Tea,4,1.5,6.0,Cash,UNKNOWN,2023-08-19,Saturday,August
454,TXN_7558641,Coffee,1,2.0,2.0,Digital Wallet,In-store,2023-12-22,Friday,December
455,TXN_9940220,Juice,2,3.0,6.0,UNKNOWN,Takeaway,2023-03-05,Sunday,March
457,TXN_2130483,Tea,4,1.5,6.0,Cash,UNKNOWN,2023-11-25,Saturday,November
458,TXN_1972584,Sandwich,5,4.0,20.0,Digital Wallet,UNKNOWN,2023-07-10,Monday,July
459,TXN_3150792,Coffee,5,2.0,10.0,Cash,UNKNOWN,2023-07-02,Sunday,July
460,TXN_2980008,Cake,3,3.0,9.0,Digital Wallet,UNKNOWN,2023-11-17,Friday,November
461,TXN_5511805,Juice,1,3.0,3.0,UNKNOWN,Takeaway,2023-06-03,Saturday,June
462,TXN_7292548,Cookie,4,1.0,4.0,Digital Wallet,UNKNOWN,2023-03-24,Friday,March
463,TXN_2169664,Smoothie,1,4.0,4.0,Cash,UNKNOWN,2023-07-23,Sunday,July
464,TXN_3234877,Coffee,4,2.0,8.0,Cash,Takeaway,2023-07-29,Saturday,July
465,TXN_6368719,Cake,4,3.0,12.0,Credit Card,Takeaway,2023-01-03,Tuesday,January
466,TXN_8852585,Sandwich,4,4.0,16.0,Credit Card,Takeaway,2023-01-05,Thursday,January
467,TXN_9201010,Salad,1,5.0,5.0,Credit Card,Takeaway,2023-03-15,Wednesday,March
469,TXN_2873990,Sandwich,2,4.0,8.0,UNKNOWN,UNKNOWN,2023-03-12,Sunday,March
470,TXN_3088796,Sandwich,4,4.0,16.0,Credit Card,UNKNOWN,2023-08-16,Wednesday,August
471,TXN_3414935,Coffee,4,2.0,8.0,UNKNOWN,In-store,2023-08-03,Thursday,August
472,TXN_3607652,Salad,4,5.0,20.0,Digital Wallet,In-store,2023-06-05,Monday,June
473,TXN_8502094,Juice,5,3.0,15.0,Credit Card,In-store,2023-03-21,Tuesday,March
474,TXN_9068244,Sandwich,5,4.0,20.0,Digital Wallet,Takeaway,2023-10-19,Thursday,October
475,TXN_2696664,Cookie,5,1.0,5.0,UNKNOWN,In-store,2023-01-07,Saturday,January
477,TXN_7633490,Cookie,1,1.0,1.0,Cash,Takeaway,2023-10-27,Friday,October
478,TXN_9292230,Tea,4,1.5,6.0,Credit Card,In-store,2023-07-14,Friday,July
480,TXN_5081978,Cake,1,3.0,3.0,UNKNOWN,In-store,2023-10-19,Thursday,October
481,TXN_7314409,Smoothie,5,4.0,20.0,Credit Card,UNKNOWN,2023-08-06,Sunday,August
483,TXN_5645919,Coffee,3,2.0,6.0,Credit Card,UNKNOWN,2023-01-17,Tuesday,January
484,TXN_8006668,Tea,4,1.5,6.0,Credit Card,In-store,2023-12-22,Friday,December
485,TXN_8818168,Juice,4,3.0,12.0,Digital Wallet,UNKNOWN,2023-07-20,Thursday,July
486,TXN_4369043,Juice,2,3.0,6.0,Cash,UNKNOWN,2023-03-25,Saturday,March
487,TXN_3560062,Cookie,1,1.0,1.0,Cash,In-store,2023-03-20,Monday,March
488,TXN_4769307,Tea,5,1.5,7.5,Digital Wallet,UNKNOWN,2023-12-24,Sunday,December
489,TXN_7270652,Sandwich,1,4.0,4.0,UNKNOWN,Takeaway,2023-05-14,Sunday,May
490,TXN_4991815,Cake,5,3.0,15.0,Cash,UNKNOWN,2023-11-06,Monday,November
491,TXN_6360132,Sandwich,4,4.0,16.0,Cash,Takeaway,2023-09-16,Saturday,September
492,TXN_8199829,Cake,2,3.0,6.0,Credit Card,UNKNOWN,2023-07-29,Saturday,July
494,TXN_7864939,Sandwich,3,4.0,12.0,Digital Wallet,In-store,2023-08-19,Saturday,August
495,TXN_2640701,Salad,3,5.0,15.0,UNKNOWN,Takeaway,2023-05-07,Sunday,May
496,TXN_3740963,Salad,2,5.0,10.0,Digital Wallet,Takeaway,2023-01-22,Sunday,January
497,TXN_8101633,Sandwich,2,4.0,8.0,UNKNOWN,In-store,2023-08-10,Thursday,August
498,TXN_6063966,Juice,2,3.0,6.0,Digital Wallet,Takeaway,2023-10-24,Tuesday,October
499,TXN_3779640,Tea,1,1.5,1.5,Digital Wallet,In-store,2023-05-16,Tuesday,May
500,TXN_8278833,Cake,3,3.0,9.0,UNKNOWN,UNKNOWN,2023-02-26,Sunday,February
501,TXN_8778598,Sandwich,3,4.0,12.0,Cash,UNKNOWN,2023-09-02,Saturday,September
502,TXN_7550103,Cake,5,3.0,15.0,UNKNOWN,Takeaway,2023-01-19,Thursday,January
503,TXN_3664656,Cookie,5,1.0,5.0,UNKNOWN,Takeaway,2023-08-13,Sunday,August
504,TXN_7296560,Juice,2,3.0,6.0,UNKNOWN,UNKNOWN,2023-10-20,Friday,October
505,TXN_8136881,Salad,3,5.0,15.0,Cash,In-store,2023-08-28,Monday,August
506,TXN_3981449,Smoothie,2,4.0,8.0,Cash,In-store,2023-06-21,Wednesday,June
508,TXN_2641386,Sandwich,3,4.0,12.0,UNKNOWN,Takeaway,2023-03-25,Saturday,March
510,TXN_4033802,Tea,3,1.5,4.5,Cash,Takeaway,2023-03-02,Thursday,March
515,TXN_4183823,Sandwich,4,4.0,16.0,Credit Card,UNKNOWN,2023-03-28,Tuesday,March
517,TXN_4696439,Cookie,1,1.0,1.0,Cash,In-store,2023-05-27,Saturday,May
518,TXN_8826983,Smoothie,5,4.0,20.0,Cash,In-store,2023-01-14,Saturday,January
519,TXN_8267034,Juice,2,3.0,6.0,UNKNOWN,Takeaway,2023-06-20,Tuesday,June
520,TXN_1959334,Coffee,3,2.0,6.0,UNKNOWN,UNKNOWN,2023-06-29,Thursday,June
521,TXN_6842808,Tea,2,1.5,3.0,UNKNOWN,UNKNOWN,2023-10-22,Sunday,October
522,TXN_2947822,Cake,4,3.0,12.0,Digital Wallet,In-store,2023-10-27,Friday,October
524,TXN_2148838,Sandwich,2,4.0,8.0,Credit Card,UNKNOWN,2023-08-05,Saturday,August
525,TXN_1330506,Cookie,3,1.0,3.0,Digital Wallet,UNKNOWN,2023-11-10,Friday,November
527,TXN_8957369,Salad,4,5.0,20.0,Digital Wallet,UNKNOWN,2023-10-18,Wednesday,October
528,TXN_9340653,Smoothie,1,4.0,4.0,Digital Wallet,UNKNOWN,2023-10-19,Thursday,October
529,TXN_2493446,Sandwich,1,4.0,4.0,Cash,Takeaway,2023-05-19,Friday,May
530,TXN_4538354,Juice,3,3.0,9.0,Cash,Takeaway,2023-04-21,Friday,April
531,TXN_7098730,Cake,2,3.0,6.0,Digital Wallet,UNKNOWN,2023-11-10,Friday,November
533,TXN_2690314,Tea,5,1.5,7.5,Cash,In-store,2023-08-10,Thursday,August
534,TXN_8171171,Coffee,1,2.0,2.0,UNKNOWN,Takeaway,2023-05-13,Saturday,May
536,TXN_2968827,Salad,5,5.0,25.0,Digital Wallet,Takeaway,2023-09-14,Thursday,September
538,TXN_1387401,Cookie,4,1.0,4.0,Cash,In-store,2023-10-19,Thursday,October
539,TXN_6727029,Tea,2,1.5,3.0,UNKNOWN,Takeaway,2023-07-07,Friday,July
540,TXN_3917193,Juice,5,3.0,15.0,Credit Card,Takeaway,2023-11-17,Friday,November
541,TXN_8518516,Sandwich,4,4.0,16.0,UNKNOWN,UNKNOWN,2023-08-16,Wednesday,August
542,TXN_2062854,Sandwich,4,4.0,16.0,Digital Wallet,Takeaway,2023-12-01,Friday,December
543,TXN_4075863,Smoothie,3,4.0,12.0,Cash,Takeaway,2023-05-21,Sunday,May
544,TXN_5624860,Tea,3,1.5,4.5,Credit Card,Takeaway,2023-08-22,Tuesday,August
545,TXN_4621665,Smoothie,5,4.0,20.0,UNKNOWN,UNKNOWN,2023-01-17,Tuesday,January
546,TXN_6669417,Salad,5,5.0,25.0,UNKNOWN,Takeaway,2023-01-03,Tuesday,January
547,TXN_7837381,Sandwich,5,4.0,20.0,UNKNOWN,Takeaway,2023-07-17,Monday,July
548,TXN_1725926,Juice,5,3.0,15.0,Credit Card,UNKNOWN,2023-12-23,Saturday,December
549,TXN_3403173,Salad,1,5.0,5.0,UNKNOWN,UNKNOWN,2023-06-24,Saturday,June
553,TXN_3381656,Cake,5,3.0,15.0,Cash,Takeaway,2023-10-26,Thursday,October
554,TXN_9956154,Cake,4,3.0,12.0,UNKNOWN,In-store,2023-05-11,Thursday,May
556,TXN_6250692,Sandwich,1,4.0,4.0,UNKNOWN,UNKNOWN,2023-09-01,Friday,September
557,TXN_1183995,Salad,5,5.0,25.0,Digital Wallet,Takeaway,2023-03-28,Tuesday,March
558,TXN_9452225,Tea,1,1.5,1.5,UNKNOWN,In-store,2023-02-26,Sunday,February
559,TXN_9113574,Coffee,4,2.0,8.0,UNKNOWN,In-store,2023-01-04,Wednesday,January
560,TXN_5813015,Cookie,5,1.0,5.0,Digital Wallet,UNKNOWN,2023-10-07,Saturday,October
561,TXN_3213035,Smoothie,4,4.0,16.0,UNKNOWN,In-store,2023-05-21,Sunday,May
562,TXN_3789752,Juice,3,3.0,9.0,Digital Wallet,Takeaway,2023-12-16,Saturday,December
563,TXN_7578769,Sandwich,5,4.0,20.0,Digital Wallet,Takeaway,2023-01-30,Monday,January
564,TXN_3515664,Coffee,2,2.0,4.0,Cash,Takeaway,2023-09-25,Monday,September
565,TXN_6209258,Juice,1,3.0,3.0,Credit Card,UNKNOWN,2023-03-06,Monday,March
566,TXN_8594004,Cookie,4,1.0,4.0,Credit Card,UNKNOWN,2023-02-25,Saturday,February
567,TXN_6422433,Sandwich,5,4.0,20.0,Digital Wallet,Takeaway,2023-05-09,Tuesday,May
568,TXN_2865033,Coffee,2,2.0,4.0,Cash,UNKNOWN,2023-08-03,Thursday,August
569,TXN_5547519,Salad,4,5.0,20.0,UNKNOWN,In-store,2023-05-13,Saturday,May
570,TXN_2392263,Salad,5,5.0,25.0,UNKNOWN,Takeaway,2023-02-08,Wednesday,February
572,TXN_4669664,Cookie,1,1.0,1.0,Digital Wallet,In-store,2023-12-21,Thursday,December
573,TXN_9470612,Cake,3,3.0,9.0,UNKNOWN,Takeaway,2023-04-30,Sunday,April
574,TXN_7507962,Smoothie,4,4.0,16.0,UNKNOWN,UNKNOWN,2023-06-22,Thursday,June
575,TXN_1109715,Cake,1,3.0,3.0,UNKNOWN,In-store,2023-07-15,Saturday,July
576,TXN_8320245,Tea,3,1.5,4.5,UNKNOWN,Takeaway,2023-04-09,Sunday,April
577,TXN_5904646,Smoothie,1,4.0,4.0,UNKNOWN,UNKNOWN,2023-03-26,Sunday,March
578,TXN_4498526,Smoothie,3,4.0,12.0,Credit Card,UNKNOWN,2023-06-20,Tuesday,June
580,TXN_5209585,Tea,2,1.5,3.0,UNKNOWN,Takeaway,2023-08-12,Saturday,August
581,TXN_2213556,Coffee,1,2.0,2.0,Cash,In-store,2023-05-30,Tuesday,May
582,TXN_3826038,Salad,1,5.0,5.0,Cash,Takeaway,2023-10-20,Friday,October
583,TXN_7596587,Tea,3,1.5,4.5,Credit Card,UNKNOWN,2023-02-08,Wednesday,February
584,TXN_7380277,Sandwich,4,4.0,16.0,Digital Wallet,Takeaway,2023-04-24,Monday,April
585,TXN_1353479,Smoothie,4,4.0,16.0,Cash,UNKNOWN,2023-09-20,Wednesday,September
586,TXN_6054137,Juice,3,3.0,9.0,UNKNOWN,In-store,2023-05-09,Tuesday,May
588,TXN_9266394,Cookie,2,1.0,2.0,Credit Card,In-store,2023-07-12,Wednesday,July
592,TXN_6152588,Coffee,3,2.0,6.0,Cash,Takeaway,2023-11-21,Tuesday,November
594,TXN_2156206,Smoothie,2,4.0,8.0,UNKNOWN,UNKNOWN,2023-02-04,Saturday,February
595,TXN_3142258,Salad,4,5.0,20.0,UNKNOWN,Takeaway,2023-11-03,Friday,November
596,TXN_5739806,Smoothie,3,4.0,12.0,Credit Card,In-store,2023-09-18,Monday,September
597,TXN_9228978,Coffee,5,2.0,10.0,Digital Wallet,In-store,2023-02-09,Thursday,February
598,TXN_5897205,Cookie,1,1.0,1.0,UNKNOWN,In-store,2023-06-10,Saturday,June
599,TXN_1556652,Cake,5,3.0,15.0,Digital Wallet,UNKNOWN,2023-04-06,Thursday,April
600,TXN_8608765,Salad,4,5.0,20.0,Credit Card,UNKNOWN,2023-09-02,Saturday,September
603,TXN_1124753,Salad,4,5.0,20.0,Digital Wallet,In-store,2023-10-19,Thursday,October
604,TXN_9410981,Cookie,2,1.0,2.0,UNKNOWN,Takeaway,2023-02-07,Tuesday,February
606,TXN_7611120,Juice,2,3.0,6.0,Cash,Takeaway,2023-03-30,Thursday,March
607,TXN_2106959,Sandwich,5,4.0,20.0,Digital Wallet,UNKNOWN,2023-09-05,Tuesday,September
608,TXN_2237115,Coffee,1,2.0,2.0,UNKNOWN,Takeaway,2023-01-13,Friday,January
609,TXN_6836137,Cake,4,3.0,12.0,UNKNOWN,In-store,2023-08-30,Wednesday,August
610,TXN_6316959,Tea,2,1.5,3.0,Cash,In-store,2023-11-10,Friday,November
611,TXN_2265984,Cookie,5,1.0,5.0,Credit Card,Takeaway,2023-10-18,Wednesday,October
612,TXN_6352917,Salad,5,5.0,25.0,Cash,UNKNOWN,2023-05-05,Friday,May
613,TXN_9564123,Cake,4,3.0,12.0,Credit Card,UNKNOWN,2023-03-23,Thursday,March
615,TXN_1123138,Salad,1,5.0,5.0,Cash,In-store,2023-02-10,Friday,February
616,TXN_9212503,Salad,2,5.0,10.0,Digital Wallet,Takeaway,2023-10-08,Sunday,October
620,TXN_2806243,Salad,4,5.0,20.0,Digital Wallet,Takeaway,2023-01-14,Saturday,January
621,TXN_9759896,Tea,4,1.5,6.0,UNKNOWN,UNKNOWN,2023-12-02,Saturday,December
622,TXN_7560807,Salad,2,5.0,10.0,Credit Card,UNKNOWN,2023-04-16,Sunday,April
623,TXN_3286932,Cookie,1,1.0,1.0,Digital Wallet,Takeaway,2023-07-11,Tuesday,July
624,TXN_3481470,Salad,4,5.0,20.0,Credit Card,In-store,2023-12-24,Sunday,December
626,TXN_3469469,Cookie,1,1.0,1.0,Digital Wallet,In-store,2023-10-25,Wednesday,October
628,TXN_3179966,Tea,2,1.5,3.0,Digital Wallet,UNKNOWN,2023-05-27,Saturday,May
630,TXN_3629351,Cake,1,3.0,3.0,Digital Wallet,UNKNOWN,2023-07-21,Friday,July
631,TXN_3142836,Cake,2,3.0,6.0,Cash,UNKNOWN,2023-11-01,Wednesday,November
632,TXN_4998786,Cake,5,3.0,15.0,Credit Card,Takeaway,2023-10-25,Wednesday,October
633,TXN_7228816,Salad,1,5.0,5.0,UNKNOWN,In-store,2023-04-21,Friday,April
634,TXN_6904590,Coffee,4,2.0,8.0,Credit Card,UNKNOWN,2023-02-19,Sunday,February
635,TXN_2126408,Cookie,3,1.0,3.0,Cash,Takeaway,2023-10-19,Thursday,October
636,TXN_8664315,Salad,2,5.0,10.0,Cash,UNKNOWN,2023-08-14,Monday,August
637,TXN_8958593,Juice,5,3.0,15.0,Digital Wallet,In-store,2023-07-08,Saturday,July
638,TXN_2383598,Sandwich,2,4.0,8.0,Digital Wallet,In-store,2023-09-19,Tuesday,September
639,TXN_2211685,Smoothie,1,4.0,4.0,Credit Card,In-store,2023-06-06,Tuesday,June
640,TXN_1503602,Tea,5,1.5,7.5,Digital Wallet,UNKNOWN,2023-12-16,Saturday,December
642,TXN_8716752,Juice,1,3.0,3.0,UNKNOWN,In-store,2023-12-05,Tuesday,December
643,TXN_4266787,Juice,4,3.0,12.0,Credit Card,Takeaway,2023-01-12,Thursday,January
644,TXN_5933480,Sandwich,3,4.0,12.0,Digital Wallet,In-store,2023-09-04,Monday,September
646,TXN_4364091,Smoothie,1,4.0,4.0,UNKNOWN,Takeaway,2023-04-14,Friday,April
648,TXN_8964812,Salad,4,5.0,20.0,Digital Wallet,UNKNOWN,2023-10-14,Saturday,October
649,TXN_6721531,Tea,4,1.5,6.0,UNKNOWN,In-store,2023-03-06,Monday,March
650,TXN_5447508,Sandwich,3,4.0,12.0,Digital Wallet,Takeaway,2023-06-28,Wednesday,June
651,TXN_5686113,Sandwich,5,4.0,20.0,Digital Wallet,In-store,2023-09-09,Saturday,September
652,TXN_9239779,Salad,1,5.0,5.0,Cash,UNKNOWN,2023-01-09,Monday,January
653,TXN_9265319,Salad,3,5.0,15.0,Cash,UNKNOWN,2023-11-15,Wednesday,November
654,TXN_9265313,Cake,3,3.0,9.0,UNKNOWN,In-store,2023-10-01,Sunday,October
655,TXN_3397609,Smoothie,2,4.0,8.0,Digital Wallet,In-store,2023-07-22,Saturday,July
656,TXN_9347203,Sandwich,5,4.0,20.0,Cash,In-store,2023-04-15,Saturday,April
657,TXN_2132186,Salad,1,5.0,5.0,Credit Card,UNKNOWN,2023-02-01,Wednesday,February
658,TXN_3383926,Cake,3,3.0,9.0,Cash,Takeaway,2023-07-08,Saturday,July
659,TXN_6905718,Salad,5,5.0,25.0,Credit Card,In-store,2023-02-20,Monday,February
660,TXN_3130548,Cookie,4,1.0,4.0,UNKNOWN,Takeaway,2023-08-21,Monday,August
662,TXN_7993951,Tea,2,1.5,3.0,Digital Wallet,Takeaway,2023-12-14,Thursday,December
664,TXN_4876440,Cookie,3,1.0,3.0,UNKNOWN,Takeaway,2023-07-01,Saturday,July
665,TXN_9323513,Cake,3,3.0,9.0,UNKNOWN,Takeaway,2023-05-04,Thursday,May
666,TXN_9097641,Cake,4,3.0,12.0,Cash,Takeaway,2023-12-16,Saturday,December
667,TXN_1775884,Juice,4,3.0,12.0,Cash,UNKNOWN,2023-10-08,Sunday,October
668,TXN_8536115,Cake,1,3.0,3.0,Credit Card,Takeaway,2023-07-11,Tuesday,July
669,TXN_8032010,Tea,1,1.5,1.5,Cash,UNKNOWN,2023-06-14,Wednesday,June
670,TXN_2915281,Cookie,1,1.0,1.0,Digital Wallet,In-store,2023-07-01,Saturday,July
671,TXN_3468006,Smoothie,3,4.0,12.0,Credit Card,Takeaway,2023-07-28,Friday,July
672,TXN_7604541,Juice,4,3.0,12.0,Credit Card,In-store,2023-04-16,Sunday,April
673,TXN_7806146,Cake,3,3.0,9.0,Digital Wallet,In-store,2023-01-30,Monday,January
674,TXN_9238689,Cake,1,3.0,3.0,Digital Wallet,In-store,2023-03-09,Thursday,March
675,TXN_2601689,Salad,4,5.0,20.0,Digital Wallet,Takeaway,2023-01-14,Saturday,January
676,TXN_6428182,Cake,5,3.0,15.0,Cash,In-store,2023-11-10,Friday,November
677,TXN_6830557,Coffee,3,2.0,6.0,Digital Wallet,Takeaway,2023-11-08,Wednesday,November
678,TXN_6371264,Smoothie,5,4.0,20.0,Cash,Takeaway,2023-02-27,Monday,February
680,TXN_9236713,Cookie,5,1.0,5.0,Cash,In-store,2023-09-13,Wednesday,September
681,TXN_1079239,Smoothie,1,4.0,4.0,UNKNOWN,Takeaway,2023-02-08,Wednesday,February
682,TXN_4690833,Cake,1,3.0,3.0,Cash,Takeaway,2023-05-23,Tuesday,May
683,TXN_7946489,Juice,1,3.0,3.0,Cash,Takeaway,2023-09-11,Monday,September
684,TXN_8661288,Salad,2,5.0,10.0,Digital Wallet,Takeaway,2023-01-27,Friday,January
685,TXN_7187207,Coffee,5,2.0,10.0,Cash,UNKNOWN,2023-02-18,Saturday,February
687,TXN_2866147,Juice,2,3.0,6.0,UNKNOWN,Takeaway,2023-08-28,Monday,August
689,TXN_7444541,Salad,2,5.0,10.0,Cash,UNKNOWN,2023-11-29,Wednesday,November
690,TXN_6046604,Cookie,5,1.0,5.0,Credit Card,UNKNOWN,2023-06-29,Thursday,June
691,TXN_6111710,Salad,3,5.0,15.0,Credit Card,In-store,2023-06-18,Sunday,June
693,TXN_1773873,Salad,5,5.0,25.0,Credit Card,Takeaway,2023-06-10,Saturday,June
694,TXN_7688650,Tea,2,1.5,3.0,UNKNOWN,UNKNOWN,2023-10-26,Thursday,October
695,TXN_4570711,Sandwich,4,4.0,16.0,Credit Card,In-store,2023-12-11,Monday,December
696,TXN_5242469,Coffee,4,2.0,8.0,Credit Card,Takeaway,2023-04-01,Saturday,April
697,TXN_2977414,Cake,4,3.0,12.0,UNKNOWN,UNKNOWN,2023-06-09,Friday,June
698,TXN_8938144,Coffee,2,2.0,4.0,Credit Card,UNKNOWN,2023-01-27,Friday,January
700,TXN_1655100,Cake,4,3.0,12.0,Credit Card,Takeaway,2023-12-20,Wednesday,December
701,TXN_1526864,Smoothie,3,4.0,12.0,Digital Wallet,In-store,2023-01-27,Friday,January
702,TXN_1279428,Salad,1,5.0,5.0,Digital Wallet,UNKNOWN,2023-03-02,Thursday,March
703,TXN_9866728,Juice,1,3.0,3.0,Cash,In-store,2023-10-26,Thursday,October
704,TXN_1706201,Coffee,3,2.0,6.0,Credit Card,In-store,2023-08-23,Wednesday,August
705,TXN_2498488,Smoothie,2,4.0,8.0,Digital Wallet,Takeaway,2023-12-06,Wednesday,December
706,TXN_5387067,Salad,3,5.0,15.0,Credit Card,UNKNOWN,2023-06-11,Sunday,June
707,TXN_4431179,Sandwich,3,4.0,12.0,Digital Wallet,Takeaway,2023-08-13,Sunday,August
708,TXN_5051924,Tea,5,1.5,7.5,UNKNOWN,UNKNOWN,2023-05-23,Tuesday,May
709,TXN_9033890,Salad,1,5.0,5.0,UNKNOWN,Takeaway,2023-08-05,Saturday,August
710,TXN_1777959,Tea,5,1.5,7.5,UNKNOWN,Takeaway,2023-10-18,Wednesday,October
711,TXN_3574059,Cake,1,3.0,3.0,UNKNOWN,UNKNOWN,2023-01-18,Wednesday,January
713,TXN_2108894,Sandwich,4,4.0,16.0,Credit Card,In-store,2023-10-30,Monday,October
714,TXN_6347472,Tea,1,1.5,1.5,Digital Wallet,In-store,2023-03-22,Wednesday,March
715,TXN_8699110,Salad,3,5.0,15.0,UNKNOWN,Takeaway,2023-10-11,Wednesday,October
716,TXN_7188412,Sandwich,1,4.0,4.0,UNKNOWN,Takeaway,2023-08-08,Tuesday,August
719,TXN_8345723,Sandwich,1,4.0,4.0,Digital Wallet,Takeaway,2023-08-27,Sunday,August
720,TXN_9989415,Smoothie,5,4.0,20.0,Credit Card,Takeaway,2023-05-26,Friday,May
721,TXN_4476634,Tea,2,1.5,3.0,Credit Card,UNKNOWN,2023-06-16,Friday,June
723,TXN_2178964,Tea,4,1.5,6.0,Cash,Takeaway,2023-12-25,Monday,December
725,TXN_7889745,Sandwich,4,4.0,16.0,UNKNOWN,UNKNOWN,2023-01-25,Wednesday,January
726,TXN_7020671,Coffee,1,2.0,2.0,UNKNOWN,UNKNOWN,2023-09-01,Friday,September
728,TXN_6581437,Coffee,5,2.0,10.0,Digital Wallet,Takeaway,2023-10-23,Monday,October
729,TXN_1347965,Cookie,5,1.0,5.0,UNKNOWN,In-store,2023-02-19,Sunday,February
730,TXN_6128621,Salad,3,5.0,15.0,Digital Wallet,In-store,2023-11-10,Friday,November
731,TXN_5758199,Coffee,4,2.0,8.0,Credit Card,UNKNOWN,2023-06-11,Sunday,June
732,TXN_3145041,Tea,5,1.5,7.5,UNKNOWN,UNKNOWN,2023-09-23,Saturday,September
733,TXN_9960577,Sandwich,1,4.0,4.0,Cash,UNKNOWN,2023-06-24,Saturday,June
734,TXN_1349738,Sandwich,3,4.0,12.0,Cash,UNKNOWN,2023-03-26,Sunday,March
735,TXN_4512118,Coffee,2,2.0,4.0,Digital Wallet,Takeaway,2023-04-20,Thursday,April
736,TXN_5763254,Coffee,3,2.0,6.0,Digital Wallet,Takeaway,2023-09-15,Friday,September
739,TXN_8114990,Juice,1,3.0,3.0,UNKNOWN,UNKNOWN,2023-02-27,Monday,February
740,TXN_4961655,Juice,5,3.0,15.0,Cash,Takeaway,2023-05-06,Saturday,May
741,TXN_5595352,Juice,1,3.0,3.0,Cash,In-store,2023-02-20,Monday,February
742,TXN_2070818,Smoothie,5,4.0,20.0,UNKNOWN,Takeaway,2023-06-05,Monday,June
745,TXN_1869814,Tea,1,1.5,1.5,Digital Wallet,Takeaway,2023-05-24,Wednesday,May
747,TXN_6910915,Tea,4,1.5,6.0,Digital Wallet,Takeaway,2023-05-06,Saturday,May
748,TXN_3183527,Coffee,3,2.0,6.0,Digital Wallet,UNKNOWN,2023-10-26,Thursday,October
751,TXN_2611960,Sandwich,3,4.0,12.0,Credit Card,UNKNOWN,2023-09-11,Monday,September
752,TXN_7923140,Coffee,2,2.0,4.0,Digital Wallet,UNKNOWN,2023-04-02,Sunday,April
753,TXN_5229169,Juice,2,3.0,6.0,Credit Card,Takeaway,2023-09-08,Friday,September
754,TXN_1018880,Smoothie,5,4.0,20.0,Digital Wallet,UNKNOWN,2023-07-15,Saturday,July
755,TXN_4074732,Salad,3,5.0,15.0,Credit Card,UNKNOWN,2023-04-09,Sunday,April
756,TXN_9409728,Tea,2,1.5,3.0,UNKNOWN,In-store,2023-03-06,Monday,March
757,TXN_5840223,Tea,4,1.5,6.0,Cash,UNKNOWN,2023-12-20,Wednesday,December
758,TXN_5576265,Smoothie,4,4.0,16.0,Credit Card,Takeaway,2023-04-08,Saturday,April
760,TXN_5098938,Tea,5,1.5,7.5,UNKNOWN,UNKNOWN,2023-05-06,Saturday,May
761,TXN_6119823,Tea,2,1.5,3.0,UNKNOWN,Takeaway,2023-06-13,Tuesday,June
762,TXN_7308222,Salad,2,5.0,10.0,UNKNOWN,Takeaway,2023-03-09,Thursday,March
763,TXN_5408625,Cookie,5,1.0,5.0,Cash,UNKNOWN,2023-08-14,Monday,August
764,TXN_5969754,Tea,4,1.5,6.0,UNKNOWN,Takeaway,2023-01-29,Sunday,January
765,TXN_5740553,Salad,5,5.0,25.0,UNKNOWN,In-store,2023-08-29,Tuesday,August
770,TXN_1046394,Smoothie,1,4.0,4.0,Cash,In-store,2023-04-29,Saturday,April
772,TXN_2269396,Coffee,3,2.0,6.0,Digital Wallet,In-store,2023-10-26,Thursday,October
773,TXN_9263967,Cookie,3,1.0,3.0,Credit Card,In-store,2023-09-14,Thursday,September
774,TXN_6540946,Juice,4,3.0,12.0,Digital Wallet,UNKNOWN,2023-10-08,Sunday,October
775,TXN_2914088,Salad,5,5.0,25.0,Cash,In-store,2023-03-22,Wednesday,March
776,TXN_6571898,Juice,3,3.0,9.0,Digital Wallet,Takeaway,2023-02-02,Thursday,February
778,TXN_4498370,Smoothie,4,4.0,16.0,UNKNOWN,UNKNOWN,2023-07-24,Monday,July
779,TXN_4015710,Juice,4,3.0,12.0,Cash,UNKNOWN,2023-05-18,Thursday,May
781,TXN_2108486,Juice,4,3.0,12.0,Digital Wallet,Takeaway,2023-12-28,Thursday,December
783,TXN_5228270,Juice,3,3.0,9.0,UNKNOWN,Takeaway,2023-04-12,Wednesday,April
784,TXN_4387303,Cookie,1,1.0,1.0,UNKNOWN,UNKNOWN,2023-06-27,Tuesday,June
786,TXN_7786214,Smoothie,1,4.0,4.0,Credit Card,UNKNOWN,2023-11-25,Saturday,November
787,TXN_9587884,Tea,2,1.5,3.0,UNKNOWN,UNKNOWN,2023-01-05,Thursday,January
788,TXN_4625910,Juice,1,3.0,3.0,UNKNOWN,UNKNOWN,2023-01-17,Tuesday,January
789,TXN_8250731,Cookie,2,1.0,2.0,Cash,UNKNOWN,2023-08-24,Thursday,August
790,TXN_3605929,Smoothie,2,4.0,8.0,Credit Card,UNKNOWN,2023-04-26,Wednesday,April
791,TXN_4953450,Cookie,4,1.0,4.0,UNKNOWN,In-store,2023-03-10,Friday,March
792,TXN_5315441,Smoothie,5,4.0,20.0,Digital Wallet,In-store,2023-10-31,Tuesday,October
793,TXN_9196322,Cookie,4,1.0,4.0,Digital Wallet,In-store,2023-08-12,Saturday,August
794,TXN_4009547,Juice,4,3.0,12.0,Credit Card,UNKNOWN,2023-05-13,Saturday,May
798,TXN_2109416,Sandwich,1,4.0,4.0,UNKNOWN,In-store,2023-09-21,Thursday,September
800,TXN_1063366,Juice,3,3.0,9.0,UNKNOWN,UNKNOWN,2023-03-20,Monday,March
801,TXN_2393500,Juice,1,3.0,3.0,Credit Card,In-store,2023-12-15,Friday,December
802,TXN_9738758,Coffee,1,2.0,2.0,Cash,In-store,2023-12-31,Sunday,December
803,TXN_7838465,Sandwich,3,4.0,12.0,Credit Card,Takeaway,2023-06-15,Thursday,June
804,TXN_2447261,Cookie,3,1.0,3.0,Credit Card,Takeaway,2023-10-15,Sunday,October
808,TXN_1460963,Coffee,3,2.0,6.0,Cash,In-store,2023-02-10,Friday,February
809,TXN_1713128,Smoothie,3,4.0,12.0,Credit Card,UNKNOWN,2023-05-01,Monday,May
811,TXN_2840323,Tea,4,1.5,6.0,Credit Card,UNKNOWN,2023-05-07,Sunday,May
812,TXN_6691767,Salad,2,5.0,10.0,Cash,Takeaway,2023-02-05,Sunday,February
813,TXN_7280191,Coffee,3,2.0,6.0,UNKNOWN,Takeaway,2023-08-23,Wednesday,August
814,TXN_6932070,Tea,4,1.5,6.0,Credit Card,In-store,2023-06-10,Saturday,June
816,TXN_2815335,Juice,5,3.0,15.0,Cash,UNKNOWN,2023-03-30,Thursday,March
817,TXN_4916272,Tea,3,1.5,4.5,UNKNOWN,UNKNOWN,2023-03-03,Friday,March
819,TXN_5489408,Cookie,1,1.0,1.0,UNKNOWN,In-store,2023-05-02,Tuesday,May
820,TXN_4640977,Cookie,3,1.0,3.0,Credit Card,In-store,2023-02-11,Saturday,February
823,TXN_7896721,Cake,3,3.0,9.0,Credit Card,Takeaway,2023-04-22,Saturday,April
824,TXN_8973563,Coffee,1,2.0,2.0,UNKNOWN,UNKNOWN,2023-10-08,Sunday,October
825,TXN_4827371,Salad,2,5.0,10.0,UNKNOWN,Takeaway,2023-06-20,Tuesday,June
826,TXN_1559313,Smoothie,2,4.0,8.0,Credit Card,UNKNOWN,2023-12-02,Saturday,December
827,TXN_7384923,Sandwich,2,4.0,8.0,UNKNOWN,Takeaway,2023-01-24,Tuesday,January
828,TXN_7906197,Sandwich,5,4.0,20.0,Credit Card,In-store,2023-01-02,Monday,January
829,TXN_9018535,Cookie,2,1.0,2.0,Digital Wallet,Takeaway,2023-05-05,Friday,May
830,TXN_9103318,Sandwich,2,4.0,8.0,UNKNOWN,UNKNOWN,2023-11-13,Monday,November
831,TXN_8066743,Tea,3,1.5,4.5,Cash,Takeaway,2023-11-13,Monday,November
834,TXN_6376175,Juice,4,3.0,12.0,Digital Wallet,Takeaway,2023-02-24,Friday,February
835,TXN_9840274,Sandwich,5,4.0,20.0,UNKNOWN,Takeaway,2023-02-25,Saturday,February
836,TXN_4912458,Cake,4,3.0,12.0,UNKNOWN,Takeaway,2023-06-12,Monday,June
837,TXN_7982985,Cookie,1,1.0,1.0,Credit Card,UNKNOWN,2023-01-27,Friday,January
838,TXN_2855581,Coffee,4,2.0,8.0,Credit Card,UNKNOWN,2023-10-23,Monday,October
839,TXN_7585348,Cake,3,3.0,9.0,Credit Card,Takeaway,2023-03-16,Thursday,March
841,TXN_4005014,Sandwich,1,4.0,4.0,Digital Wallet,Takeaway,2023-07-10,Monday,July
842,TXN_3106215,Smoothie,3,4.0,12.0,UNKNOWN,Takeaway,2023-04-15,Saturday,April
843,TXN_4478185,Cake,2,3.0,6.0,Cash,In-store,2023-08-25,Friday,August
844,TXN_7815651,Salad,1,5.0,5.0,Cash,In-store,2023-01-16,Monday,January
845,TXN_3461209,Juice,4,3.0,12.0,Credit Card,In-store,2023-04-26,Wednesday,April
846,TXN_9498325,Salad,1,5.0,5.0,UNKNOWN,UNKNOWN,2023-04-04,Tuesday,April
847,TXN_1026827,Cookie,4,1.0,4.0,Digital Wallet,In-store,2023-01-02,Monday,January
849,TXN_7269513,Salad,3,5.0,15.0,Cash,UNKNOWN,2023-05-12,Friday,May
850,TXN_5134545,Tea,5,1.5,7.5,Digital Wallet,UNKNOWN,2023-10-17,Tuesday,October
851,TXN_7997144,Juice,4,3.0,12.0,Credit Card,UNKNOWN,2023-02-25,Saturday,February
852,TXN_7315198,Salad,2,5.0,10.0,UNKNOWN,UNKNOWN,2023-09-23,Saturday,September
853,TXN_4339682,Salad,5,5.0,25.0,UNKNOWN,In-store,2023-03-04,Saturday,March
854,TXN_3363831,Juice,3,3.0,9.0,Digital Wallet,UNKNOWN,2023-05-10,Wednesday,May
855,TXN_5369555,Juice,4,3.0,12.0,Cash,Takeaway,2023-02-24,Friday,February
856,TXN_6208034,Cake,1,3.0,3.0,Digital Wallet,UNKNOWN,2023-08-29,Tuesday,August
857,TXN_8187656,Tea,4,1.5,6.0,Credit Card,Takeaway,2023-05-01,Monday,May
858,TXN_6463415,Coffee,3,2.0,6.0,Digital Wallet,In-store,2023-04-12,Wednesday,April
859,TXN_1461895,Juice,5,3.0,15.0,UNKNOWN,UNKNOWN,2023-06-17,Saturday,June
860,TXN_3197752,Smoothie,2,4.0,8.0,UNKNOWN,UNKNOWN,2023-03-10,Friday,March
861,TXN_3112175,Coffee,4,2.0,8.0,Cash,UNKNOWN,2023-03-16,Thursday,March
862,TXN_6439579,Tea,5,1.5,7.5,Credit Card,UNKNOWN,2023-03-23,Thursday,March
864,TXN_5590805,Cake,1,3.0,3.0,UNKNOWN,Takeaway,2023-01-25,Wednesday,January
865,TXN_4634772,Juice,3,3.0,9.0,Credit Card,In-store,2023-01-12,Thursday,January
866,TXN_3519066,Cake,1,3.0,3.0,UNKNOWN,Takeaway,2023-11-08,Wednesday,November
867,TXN_8034156,Sandwich,1,4.0,4.0,Cash,In-store,2023-07-22,Saturday,July
868,TXN_2163229,Cookie,4,1.0,4.0,Cash,Takeaway,2023-12-21,Thursday,December
869,TXN_4109764,Juice,3,3.0,9.0,Credit Card,UNKNOWN,2023-07-12,Wednesday,July
870,TXN_1343750,Cookie,2,1.0,2.0,Digital Wallet,Takeaway,2023-02-15,Wednesday,February
871,TXN_6387964,Tea,5,1.5,7.5,Digital Wallet,UNKNOWN,2023-08-07,Monday,August
872,TXN_2743397,Cake,2,3.0,6.0,Digital Wallet,UNKNOWN,2023-10-03,Tuesday,October
873,TXN_8022689,Tea,1,1.5,1.5,Cash,Takeaway,2023-06-15,Thursday,June
874,TXN_9392028,Salad,5,5.0,25.0,Credit Card,In-store,2023-01-13,Friday,January
875,TXN_3547825,Cookie,3,1.0,3.0,UNKNOWN,Takeaway,2023-09-04,Monday,September
876,TXN_9101792,Coffee,5,2.0,10.0,Cash,UNKNOWN,2023-06-13,Tuesday,June
878,TXN_8503406,Smoothie,2,4.0,8.0,Digital Wallet,UNKNOWN,2023-02-15,Wednesday,February
879,TXN_1992966,Smoothie,5,4.0,20.0,UNKNOWN,In-store,2023-08-09,Wednesday,August
882,TXN_8689416,Juice,5,3.0,15.0,UNKNOWN,UNKNOWN,2023-03-19,Sunday,March
883,TXN_1964555,Smoothie,2,4.0,8.0,Digital Wallet,UNKNOWN,2023-04-11,Tuesday,April
886,TXN_1794862,Cake,2,3.0,6.0,Cash,UNKNOWN,2023-07-16,Sunday,July
887,TXN_5780615,Smoothie,3,4.0,12.0,Cash,UNKNOWN,2023-12-24,Sunday,December
888,TXN_2416816,Smoothie,5,4.0,20.0,Digital Wallet,In-store,2023-10-19,Thursday,October
889,TXN_8005682,Coffee,2,2.0,4.0,Credit Card,UNKNOWN,2023-03-16,Thursday,March
890,TXN_1778707,Salad,5,5.0,25.0,Credit Card,Takeaway,2023-03-26,Sunday,March
891,TXN_9959813,Sandwich,4,4.0,16.0,Digital Wallet,UNKNOWN,2023-09-05,Tuesday,September
894,TXN_7913451,Sandwich,5,4.0,20.0,Credit Card,UNKNOWN,2023-12-05,Tuesday,December
895,TXN_1901729,Cake,2,3.0,6.0,UNKNOWN,Takeaway,2023-03-18,Saturday,March
898,TXN_2098878,Juice,2,3.0,6.0,UNKNOWN,Takeaway,2023-08-19,Saturday,August
899,TXN_9536472,Juice,5,3.0,15.0,UNKNOWN,UNKNOWN,2023-11-12,Sunday,November
900,TXN_6696913,Cake,4,3.0,12.0,UNKNOWN,UNKNOWN,2023-10-22,Sunday,October
902,TXN_8888153,Coffee,5,2.0,10.0,UNKNOWN,UNKNOWN,2023-12-16,Saturday,December
904,TXN_2820693,Salad,3,5.0,15.0,Cash,Takeaway,2023-05-05,Friday,May
905,TXN_5661147,Cake,1,3.0,3.0,UNKNOWN,Takeaway,2023-11-06,Monday,November
906,TXN_3746260,Smoothie,5,4.0,20.0,Digital Wallet,Takeaway,2023-08-26,Saturday,August
907,TXN_7805035,Smoothie,3,4.0,12.0,UNKNOWN,In-store,2023-05-18,Thursday,May
908,TXN_2058243,Smoothie,5,4.0,20.0,UNKNOWN,Takeaway,2023-03-19,Sunday,March
909,TXN_5710748,Salad,1,5.0,5.0,UNKNOWN,UNKNOWN,2023-10-31,Tuesday,October
910,TXN_3725837,Coffee,5,2.0,10.0,Cash,In-store,2023-10-22,Sunday,October
913,TXN_4594922,Salad,2,5.0,10.0,Credit Card,Takeaway,2023-06-19,Monday,June
914,TXN_5163686,Salad,5,5.0,25.0,Credit Card,In-store,2023-05-29,Monday,May
915,TXN_5445318,Cookie,1,1.0,1.0,Digital Wallet,UNKNOWN,2023-02-16,Thursday,February
916,TXN_2391446,Sandwich,3,4.0,12.0,UNKNOWN,In-store,2023-12-06,Wednesday,December
917,TXN_2826603,Salad,2,5.0,10.0,Digital Wallet,Takeaway,2023-06-22,Thursday,June
920,TXN_3760598,Cake,3,3.0,9.0,Digital Wallet,In-store,2023-10-24,Tuesday,October
921,TXN_7679707,Tea,1,1.5,1.5,Credit Card,In-store,2023-07-22,Saturday,July
922,TXN_3831364,Tea,1,1.5,1.5,Digital Wallet,UNKNOWN,2023-03-03,Friday,March
923,TXN_5038513,Cookie,2,1.0,2.0,Digital Wallet,Takeaway,2023-10-24,Tuesday,October
924,TXN_5007619,Cake,5,3.0,15.0,Credit Card,In-store,2023-07-05,Wednesday,July
925,TXN_5124870,Tea,1,1.5,1.5,Digital Wallet,UNKNOWN,2023-08-11,Friday,August
926,TXN_8229546,Smoothie,2,4.0,8.0,Cash,UNKNOWN,2023-10-16,Monday,October
927,TXN_3173923,Cookie,2,1.0,2.0,Digital Wallet,UNKNOWN,2023-06-29,Thursday,June
928,TXN_8460786,Coffee,1,2.0,2.0,Cash,UNKNOWN,2023-05-17,Wednesday,May
931,TXN_9625287,Juice,2,3.0,6.0,Cash,In-store,2023-07-08,Saturday,July
933,TXN_4779440,Cookie,1,1.0,1.0,UNKNOWN,UNKNOWN,2023-07-12,Wednesday,July
934,TXN_7337979,Coffee,1,2.0,2.0,Digital Wallet,In-store,2023-05-27,Saturday,May
935,TXN_1713098,Smoothie,4,4.0,16.0,UNKNOWN,UNKNOWN,2023-11-22,Wednesday,November
936,TXN_5325729,Coffee,5,2.0,10.0,Digital Wallet,UNKNOWN,2023-05-04,Thursday,May
937,TXN_5630457,Smoothie,1,4.0,4.0,Credit Card,Takeaway,2023-03-01,Wednesday,March
938,TXN_4167859,Coffee,5,2.0,10.0,UNKNOWN,Takeaway,2023-08-17,Thursday,August
939,TXN_4487966,Juice,3,3.0,9.0,Cash,In-store,2023-08-10,Thursday,August
940,TXN_1122140,Sandwich,4,4.0,16.0,Cash,UNKNOWN,2023-06-19,Monday,June
941,TXN_7484682,Juice,1,3.0,3.0,Cash,UNKNOWN,2023-12-28,Thursday,December
942,TXN_5182042,Sandwich,4,4.0,16.0,UNKNOWN,Takeaway,2023-02-25,Saturday,February
943,TXN_4040989,Sandwich,1,4.0,4.0,UNKNOWN,UNKNOWN,2023-03-02,Thursday,March
945,TXN_3663712,Tea,4,1.5,6.0,Digital Wallet,Takeaway,2023-09-22,Friday,September
946,TXN_9140598,Juice,1,3.0,3.0,Digital Wallet,Takeaway,2023-07-10,Monday,July
949,TXN_5601300,Coffee,2,2.0,4.0,Digital Wallet,UNKNOWN,2023-02-24,Friday,February
950,TXN_9904662,Smoothie,1,4.0,4.0,UNKNOWN,In-store,2023-11-19,Sunday,November
951,TXN_3696194,Salad,2,5.0,10.0,Credit Card,In-store,2023-11-27,Monday,November
952,TXN_2964638,Salad,2,5.0,10.0,Digital Wallet,In-store,2023-09-28,Thursday,September
953,TXN_8336656,Salad,5,5.0,25.0,Cash,Takeaway,2023-12-02,Saturday,December
954,TXN_2024121,Juice,5,3.0,15.0,Digital Wallet,In-store,2023-11-06,Monday,November
955,TXN_6287890,Tea,5,1.5,7.5,Credit Card,Takeaway,2023-02-07,Tuesday,February
956,TXN_4712887,Tea,5,1.5,7.5,Credit Card,UNKNOWN,2023-01-04,Wednesday,January
957,TXN_4336892,Cookie,2,1.0,2.0,UNKNOWN,In-store,2023-06-04,Sunday,June
958,TXN_5447694,Smoothie,1,4.0,4.0,Digital Wallet,In-store,2023-11-18,Saturday,November
959,TXN_2492058,Smoothie,5,4.0,20.0,Cash,UNKNOWN,2023-09-22,Friday,September
960,TXN_3439712,Juice,4,3.0,12.0,UNKNOWN,In-store,2023-04-04,Tuesday,April
961,TXN_5350401,Sandwich,2,4.0,8.0,Digital Wallet,In-store,2023-10-28,Saturday,October
962,TXN_8999006,Smoothie,1,4.0,4.0,Cash,UNKNOWN,2023-02-07,Tuesday,February
963,TXN_8514689,Juice,5,3.0,15.0,UNKNOWN,UNKNOWN,2023-04-15,Saturday,April
964,TXN_1866028,Tea,5,1.5,7.5,Credit Card,Takeaway,2023-06-12,Monday,June
965,TXN_8379141,Salad,1,5.0,5.0,UNKNOWN,In-store,2023-10-01,Sunday,October
966,TXN_9152264,Cake,1,3.0,3.0,Digital Wallet,Takeaway,2023-03-15,Wednesday,March
968,TXN_3794585,Sandwich,1,4.0,4.0,Credit Card,In-store,2023-02-10,Friday,February
969,TXN_3856427,Juice,4,3.0,12.0,UNKNOWN,In-store,2023-03-25,Saturday,March
970,TXN_9890874,Sandwich,5,4.0,20.0,Cash,In-store,2023-09-02,Saturday,September
971,TXN_3945716,Tea,2,1.5,3.0,UNKNOWN,UNKNOWN,2023-09-17,Sunday,September
976,TXN_6024625,Coffee,5,2.0,10.0,Digital Wallet,Takeaway,2023-09-13,Wednesday,September
977,TXN_7470910,Salad,2,5.0,10.0,Cash,In-store,2023-11-22,Wednesday,November
979,TXN_1116119,Smoothie,4,4.0,16.0,Digital Wallet,In-store,2023-08-07,Monday,August
980,TXN_3471223,Coffee,1,2.0,2.0,Digital Wallet,In-store,2023-10-08,Sunday,October
981,TXN_4491072,Smoothie,4,4.0,16.0,Credit Card,UNKNOWN,2023-12-03,Sunday,December
982,TXN_2053993,Tea,2,1.5,3.0,UNKNOWN,Takeaway,2023-09-21,Thursday,September
983,TXN_9086709,Cake,1,3.0,3.0,UNKNOWN,In-store,2023-05-04,Thursday,May
986,TXN_5021925,Tea,4,1.5,6.0,Cash,In-store,2023-05-07,Sunday,May
989,TXN_7764154,Salad,2,5.0,10.0,Credit Card,Takeaway,2023-12-09,Saturday,December
992,TXN_2178735,Juice,3,3.0,9.0,Credit Card,Takeaway,2023-07-24,Monday,July
993,TXN_4125165,Coffee,5,2.0,10.0,Cash,UNKNOWN,2023-04-16,Sunday,April
994,TXN_5014959,Cookie,2,1.0,2.0,Credit Card,In-store,2023-11-28,Tuesday,November
995,TXN_8811565,Juice,5,3.0,15.0,Credit Card,UNKNOWN,2023-10-01,Sunday,October
996,TXN_9868382,Coffee,2,2.0,4.0,Digital Wallet,UNKNOWN,2023-06-02,Friday,June
997,TXN_2924611,Juice,3,3.0,9.0,Cash,UNKNOWN,2023-04-19,Wednesday,April
998,TXN_7063124,Cake,1,3.0,3.0,UNKNOWN,Takeaway,2023-04-10,Monday,April
1000,TXN_5348445,Salad,5,5.0,25.0,Digital Wallet,In-store,2023-11-15,Wednesday,November
1001,TXN_8920751,Tea,2,1.5,3.0,UNKNOWN,UNKNOWN,2023-04-20,Thursday,April
1002,TXN_7215985,Tea,4,1.5,6.0,Credit Card,In-store,2023-08-07,Monday,August
1003,TXN_7448296,Cookie,1,1.0,1.0,Credit Card,In-store,2023-11-15,Wednesday,November
1004,TXN_2625324,Coffee,1,2.0,2.0,UNKNOWN,UNKNOWN,2023-09-02,Saturday,September
1005,TXN_3542902,Smoothie,1,4.0,4.0,UNKNOWN,In-store,2023-06-10,Saturday,June
1006,TXN_1494608,Tea,3,1.5,4.5,Credit Card,In-store,2023-05-07,Sunday,May
1007,TXN_7615147,Sandwich,4,4.0,16.0,Cash,In-store,2023-05-19,Friday,May
1009,TXN_3426892,Salad,4,5.0,20.0,Credit Card,UNKNOWN,2023-05-23,Tuesday,May
1010,TXN_5892508,Smoothie,1,4.0,4.0,Credit Card,Takeaway,2023-03-21,Tuesday,March
1011,TXN_5546684,Coffee,1,2.0,2.0,Credit Card,In-store,2023-10-02,Monday,October
1013,TXN_5373527,Sandwich,2,4.0,8.0,UNKNOWN,UNKNOWN,2023-06-26,Monday,June
1014,TXN_6402128,Sandwich,4,4.0,16.0,Digital Wallet,In-store,2023-11-09,Thursday,November
1015,TXN_5009706,Sandwich,2,4.0,8.0,Digital Wallet,In-store,2023-09-20,Wednesday,September
1016,TXN_7223120,Juice,1,3.0,3.0,UNKNOWN,UNKNOWN,2023-03-13,Monday,March
1017,TXN_1991104,Juice,2,3.0,6.0,Digital Wallet,Takeaway,2023-11-29,Wednesday,November
1018,TXN_3380698,Coffee,3,2.0,6.0,Credit Card,Takeaway,2023-12-15,Friday,December
1020,TXN_2996948,Smoothie,3,4.0,12.0,UNKNOWN,UNKNOWN,2023-06-25,Sunday,June
1021,TXN_1148945,Coffee,1,2.0,2.0,UNKNOWN,UNKNOWN,2023-09-05,Tuesday,September
1022,TXN_2078577,Tea,4,1.5,6.0,Credit Card,UNKNOWN,2023-01-31,Tuesday,January
1023,TXN_4007285,Sandwich,5,4.0,20.0,Digital Wallet,UNKNOWN,2023-01-16,Monday,January
1025,TXN_1512118,Salad,4,5.0,20.0,Cash,In-store,2023-03-01,Wednesday,March
1026,TXN_6077816,Cake,3,3.0,9.0,Credit Card,UNKNOWN,2023-09-26,Tuesday,September
1027,TXN_5136936,Cake,3,3.0,9.0,Cash,UNKNOWN,2023-08-24,Thursday,August
1029,TXN_5654490,Tea,4,1.5,6.0,Credit Card,UNKNOWN,2023-05-22,Monday,May
1030,TXN_4033888,Sandwich,2,4.0,8.0,Cash,In-store,2023-02-04,Saturday,February
1031,TXN_4591512,Tea,2,1.5,3.0,UNKNOWN,UNKNOWN,2023-08-11,Friday,August
1032,TXN_6886495,Cookie,4,1.0,4.0,Cash,UNKNOWN,2023-08-07,Monday,August
1034,TXN_2153529,Cookie,1,1.0,1.0,Credit Card,UNKNOWN,2023-09-11,Monday,September
1035,TXN_7880148,Cake,3,3.0,9.0,Credit Card,Takeaway,2023-12-12,Tuesday,December
1036,TXN_3688181,Cake,1,3.0,3.0,UNKNOWN,Takeaway,2023-08-23,Wednesday,August
1037,TXN_2482129,Juice,1,3.0,3.0,Cash,UNKNOWN,2023-12-12,Tuesday,December
1038,TXN_4187420,Cake,3,3.0,9.0,Digital Wallet,In-store,2023-01-31,Tuesday,January
1039,TXN_4146452,Smoothie,1,4.0,4.0,UNKNOWN,Takeaway,2023-05-31,Wednesday,May
1040,TXN_9553579,Cake,2,3.0,6.0,Credit Card,In-store,2023-10-03,Tuesday,October
1041,TXN_3854285,Salad,3,5.0,15.0,Cash,Takeaway,2023-07-18,Tuesday,July
1042,TXN_5614488,Sandwich,1,4.0,4.0,Credit Card,Takeaway,2023-07-22,Saturday,July
1043,TXN_6187083,Cake,5,3.0,15.0,UNKNOWN,In-store,2023-06-02,Friday,June
1044,TXN_1521486,Salad,4,5.0,20.0,UNKNOWN,UNKNOWN,2023-01-28,Saturday,January
1046,TXN_6035534,Salad,4,5.0,20.0,Credit Card,In-store,2023-12-18,Monday,December
1048,TXN_7670743,Salad,4,5.0,20.0,UNKNOWN,In-store,2023-04-28,Friday,April
1049,TXN_7201724,Salad,1,5.0,5.0,Cash,Takeaway,2023-03-20,Monday,March
1051,TXN_3616362,Smoothie,5,4.0,20.0,Digital Wallet,In-store,2023-12-02,Saturday,December
1052,TXN_6113876,Cake,3,3.0,9.0,Cash,In-store,2023-03-01,Wednesday,March
1054,TXN_3163383,Tea,2,1.5,3.0,UNKNOWN,In-store,2023-10-24,Tuesday,October
1057,TXN_7894514,Cake,1,3.0,3.0,UNKNOWN,UNKNOWN,2023-09-25,Monday,September
1058,TXN_6450138,Cake,1,3.0,3.0,Credit Card,Takeaway,2023-04-13,Thursday,April
1059,TXN_9874588,Sandwich,2,4.0,8.0,UNKNOWN,Takeaway,2023-06-04,Sunday,June
1060,TXN_6732989,Salad,2,5.0,10.0,Credit Card,UNKNOWN,2023-04-29,Saturday,April
1061,TXN_5442610,Juice,2,3.0,6.0,UNKNOWN,Takeaway,2023-12-10,Sunday,December
1064,TXN_9328595,Tea,2,1.5,3.0,Cash,UNKNOWN,2023-10-24,Tuesday,October
1065,TXN_1324930,Sandwich,5,4.0,20.0,Credit Card,Takeaway,2023-01-11,Wednesday,January
1066,TXN_6148397,Tea,4,1.5,6.0,UNKNOWN,In-store,2023-03-20,Monday,March
1067,TXN_8298711,Coffee,3,2.0,6.0,UNKNOWN,Takeaway,2023-01-26,Thursday,January
1068,TXN_7085875,Juice,3,3.0,9.0,Digital Wallet,In-store,2023-08-23,Wednesday,August
1069,TXN_3857768,Coffee,2,2.0,4.0,Credit Card,UNKNOWN,2023-01-04,Wednesday,January
1070,TXN_5474440,Cake,2,3.0,6.0,Credit Card,UNKNOWN,2023-11-08,Wednesday,November
1071,TXN_6057379,Salad,5,5.0,25.0,Credit Card,Takeaway,2023-03-18,Saturday,March
1072,TXN_4637070,Tea,3,1.5,4.5,Credit Card,UNKNOWN,2023-06-13,Tuesday,June
1073,TXN_9313535,Cookie,1,1.0,1.0,Digital Wallet,Takeaway,2023-06-04,Sunday,June
1076,TXN_9626053,Salad,1,5.0,5.0,Cash,Takeaway,2023-08-11,Friday,August
1079,TXN_6622954,Smoothie,2,4.0,8.0,UNKNOWN,In-store,2023-01-13,Friday,January
1080,TXN_5509088,Sandwich,3,4.0,12.0,Digital Wallet,UNKNOWN,2023-08-28,Monday,August
1081,TXN_5583534,Cookie,2,1.0,2.0,Cash,Takeaway,2023-10-31,Tuesday,October
1082,TXN_1438257,Salad,4,5.0,20.0,Credit Card,Takeaway,2023-06-13,Tuesday,June
1083,TXN_6428593,Tea,5,1.5,7.5,UNKNOWN,UNKNOWN,2023-09-06,Wednesday,September
1084,TXN_4257830,Cookie,5,1.0,5.0,UNKNOWN,In-store,2023-08-04,Friday,August
1085,TXN_8780340,Cake,5,3.0,15.0,Credit Card,UNKNOWN,2023-08-29,Tuesday,August
1086,TXN_5801294,Salad,1,5.0,5.0,UNKNOWN,UNKNOWN,2023-10-20,Friday,October
1088,TXN_3963927,Sandwich,4,4.0,16.0,Credit Card,In-store,2023-01-03,Tuesday,January
1089,TXN_2906443,Cake,4,3.0,12.0,UNKNOWN,UNKNOWN,2023-08-14,Monday,August
1090,TXN_2660295,Cookie,3,1.0,3.0,UNKNOWN,UNKNOWN,2023-12-06,Wednesday,December
1091,TXN_7023528,Tea,5,1.5,7.5,Cash,In-store,2023-10-28,Saturday,October
1092,TXN_5419862,Juice,5,3.0,15.0,Digital Wallet,UNKNOWN,2023-05-29,Monday,May
1093,TXN_9124680,Cookie,2,1.0,2.0,Cash,Takeaway,2023-10-03,Tuesday,October
1094,TXN_7853635,Salad,3,5.0,15.0,Digital Wallet,Takeaway,2023-02-16,Thursday,February
1095,TXN_2009893,Smoothie,3,4.0,12.0,UNKNOWN,UNKNOWN,2023-12-06,Wednesday,December
1096,TXN_3516263,Cake,2,3.0,6.0,Digital Wallet,In-store,2023-09-23,Saturday,September
1097,TXN_1591640,Cake,2,3.0,6.0,Cash,In-store,2023-05-26,Friday,May
1098,TXN_9358958,Smoothie,1,4.0,4.0,UNKNOWN,Takeaway,2023-05-08,Monday,May
1100,TXN_7401710,Sandwich,5,4.0,20.0,Cash,UNKNOWN,2023-10-24,Tuesday,October
1101,TXN_2176727,Tea,1,1.5,1.5,UNKNOWN,Takeaway,2023-07-26,Wednesday,July
1102,TXN_5595717,Juice,2,3.0,6.0,UNKNOWN,UNKNOWN,2023-06-16,Friday,June
1103,TXN_1697018,Juice,4,3.0,12.0,Digital Wallet,In-store,2023-07-02,Sunday,July
1104,TXN_1910957,Tea,5,1.5,7.5,UNKNOWN,Takeaway,2023-07-25,Tuesday,July
1105,TXN_2667225,Salad,2,5.0,10.0,Cash,In-store,2023-11-21,Tuesday,November
1106,TXN_3152531,Coffee,3,2.0,6.0,Credit Card,UNKNOWN,2023-11-24,Friday,November
1108,TXN_5033045,Salad,3,5.0,15.0,Digital Wallet,UNKNOWN,2023-04-21,Friday,April
1109,TXN_7527249,Tea,3,1.5,4.5,UNKNOWN,Takeaway,2023-03-29,Wednesday,March
1110,TXN_9159212,Smoothie,3,4.0,12.0,Digital Wallet,Takeaway,2023-01-12,Thursday,January
1111,TXN_6881523,Juice,5,3.0,15.0,UNKNOWN,Takeaway,2023-02-24,Friday,February
1113,TXN_3282436,Salad,5,5.0,25.0,Credit Card,In-store,2023-12-14,Thursday,December
1114,TXN_4206256,Smoothie,3,4.0,12.0,UNKNOWN,UNKNOWN,2023-10-10,Tuesday,October
1115,TXN_8465274,Cake,3,3.0,9.0,Digital Wallet,Takeaway,2023-02-01,Wednesday,February
1117,TXN_7216922,Juice,5,3.0,15.0,UNKNOWN,UNKNOWN,2023-06-26,Monday,June
1118,TXN_8330446,Smoothie,3,4.0,12.0,Credit Card,In-store,2023-08-06,Sunday,August
1119,TXN_1282260,Sandwich,5,4.0,20.0,Digital Wallet,UNKNOWN,2023-07-21,Friday,July
1121,TXN_9769410,Salad,1,5.0,5.0,Cash,In-store,2023-07-22,Saturday,July
1123,TXN_3865224,Coffee,3,2.0,6.0,UNKNOWN,UNKNOWN,2023-07-25,Tuesday,July
1124,TXN_8135614,Juice,2,3.0,6.0,Digital Wallet,UNKNOWN,2023-01-28,Saturday,January
1125,TXN_9603131,Smoothie,5,4.0,20.0,UNKNOWN,UNKNOWN,2023-08-19,Saturday,August
1126,TXN_1437083,Smoothie,2,4.0,8.0,Credit Card,In-store,2023-03-15,Wednesday,March
1128,TXN_2413626,Cake,1,3.0,3.0,Credit Card,Takeaway,2023-11-06,Monday,November
1130,TXN_3392848,Cake,2,3.0,6.0,Cash,In-store,2023-04-03,Monday,April
1131,TXN_7027905,Sandwich,1,4.0,4.0,Credit Card,In-store,2023-07-17,Monday,July
1132,TXN_8808034,Smoothie,2,4.0,8.0,Cash,In-store,2023-08-09,Wednesday,August
1133,TXN_1663113,Smoothie,4,4.0,16.0,Credit Card,Takeaway,2023-12-24,Sunday,December
1134,TXN_1544070,Coffee,5,2.0,10.0,UNKNOWN,Takeaway,2023-09-05,Tuesday,September
1135,TXN_6189334,Sandwich,1,4.0,4.0,Cash,In-store,2023-01-12,Thursday,January
1138,TXN_3803732,Salad,4,5.0,20.0,Digital Wallet,UNKNOWN,2023-01-08,Sunday,January
1139,TXN_3410971,Smoothie,1,4.0,4.0,UNKNOWN,Takeaway,2023-01-02,Monday,January
1140,TXN_6467618,Tea,3,1.5,4.5,UNKNOWN,Takeaway,2023-10-12,Thursday,October
1141,TXN_6908287,Cookie,1,1.0,1.0,Cash,In-store,2023-08-04,Friday,August
1143,TXN_1803889,Salad,4,5.0,20.0,UNKNOWN,UNKNOWN,2023-06-23,Friday,June
1144,TXN_6829707,Sandwich,1,4.0,4.0,Cash,Takeaway,2023-08-17,Thursday,August
1145,TXN_7303706,Coffee,2,2.0,4.0,Cash,In-store,2023-12-14,Thursday,December
1146,TXN_1730647,Juice,5,3.0,15.0,Digital Wallet,In-store,2023-01-18,Wednesday,January
1147,TXN_9691018,Sandwich,2,4.0,8.0,Digital Wallet,UNKNOWN,2023-07-21,Friday,July
1148,TXN_5480564,Salad,3,5.0,15.0,Digital Wallet,UNKNOWN,2023-05-28,Sunday,May
1150,TXN_9138791,Cake,1,3.0,3.0,Digital Wallet,In-store,2023-03-22,Wednesday,March
1151,TXN_2367947,Smoothie,5,4.0,20.0,UNKNOWN,Takeaway,2023-05-13,Saturday,May
1152,TXN_4936135,Coffee,4,2.0,8.0,Cash,In-store,2023-12-08,Friday,December
1153,TXN_5311015,Smoothie,3,4.0,12.0,UNKNOWN,UNKNOWN,2023-05-11,Thursday,May
1155,TXN_8808631,Sandwich,5,4.0,20.0,UNKNOWN,Takeaway,2023-03-26,Sunday,March
1157,TXN_7732920,Sandwich,5,4.0,20.0,Cash,UNKNOWN,2023-02-11,Saturday,February
1158,TXN_4496665,Sandwich,2,4.0,8.0,Digital Wallet,Takeaway,2023-12-10,Sunday,December
1160,TXN_6816094,Tea,4,1.5,6.0,UNKNOWN,In-store,2023-12-30,Saturday,December
1161,TXN_8209794,Coffee,5,2.0,10.0,Credit Card,Takeaway,2023-10-25,Wednesday,October
1162,TXN_4135454,Sandwich,4,4.0,16.0,UNKNOWN,In-store,2023-07-23,Sunday,July
1164,TXN_2761542,Cookie,4,1.0,4.0,UNKNOWN,UNKNOWN,2023-10-15,Sunday,October
1165,TXN_7948095,Salad,5,5.0,25.0,UNKNOWN,Takeaway,2023-07-18,Tuesday,July
1166,TXN_3330687,Cake,5,3.0,15.0,Cash,In-store,2023-12-26,Tuesday,December
1168,TXN_6243479,Sandwich,5,4.0,20.0,UNKNOWN,UNKNOWN,2023-09-18,Monday,September
1169,TXN_9296807,Coffee,3,2.0,6.0,Credit Card,UNKNOWN,2023-12-20,Wednesday,December
1171,TXN_5354746,Coffee,4,2.0,8.0,Digital Wallet,Takeaway,2023-03-06,Monday,March
1172,TXN_1235969,Cookie,1,1.0,1.0,Digital Wallet,UNKNOWN,2023-07-08,Saturday,July
1173,TXN_4240796,Juice,4,3.0,12.0,UNKNOWN,UNKNOWN,2023-03-28,Tuesday,March
1174,TXN_3736798,Coffee,4,2.0,8.0,Digital Wallet,In-store,2023-07-01,Saturday,July
1176,TXN_8118419,Cake,3,3.0,9.0,UNKNOWN,UNKNOWN,2023-12-03,Sunday,December
1177,TXN_3089814,Cake,5,3.0,15.0,Digital Wallet,UNKNOWN,2023-03-25,Saturday,March
1178,TXN_6719521,Salad,5,5.0,25.0,Cash,In-store,2023-08-03,Thursday,August
1179,TXN_6530795,Cookie,1,1.0,1.0,Credit Card,UNKNOWN,2023-04-30,Sunday,April
1180,TXN_4176373,Cookie,3,1.0,3.0,Cash,UNKNOWN,2023-03-28,Tuesday,March
1181,TXN_7230500,Juice,3,3.0,9.0,Credit Card,UNKNOWN,2023-12-12,Tuesday,December
1182,TXN_7094898,Salad,4,5.0,20.0,UNKNOWN,Takeaway,2023-06-20,Tuesday,June
1183,TXN_2400518,Juice,3,3.0,9.0,Credit Card,UNKNOWN,2023-02-04,Saturday,February
1184,TXN_5349288,Coffee,4,2.0,8.0,Digital Wallet,UNKNOWN,2023-11-20,Monday,November
1185,TXN_6806290,Salad,3,5.0,15.0,UNKNOWN,UNKNOWN,2023-05-02,Tuesday,May
1187,TXN_5386752,Salad,4,5.0,20.0,Digital Wallet,In-store,2023-12-07,Thursday,December
1188,TXN_1022523,Salad,4,5.0,20.0,Cash,In-store,2023-11-25,Saturday,November
1189,TXN_3125997,Juice,4,3.0,12.0,UNKNOWN,UNKNOWN,2023-10-19,Thursday,October
1191,TXN_6202015,Cookie,2,1.0,2.0,Credit Card,Takeaway,2023-08-22,Tuesday,August
1192,TXN_6928137,Cake,3,3.0,9.0,Digital Wallet,In-store,2023-10-11,Wednesday,October
1193,TXN_3003809,Coffee,4,2.0,8.0,Cash,UNKNOWN,2023-04-21,Friday,April
1194,TXN_5913013,Cookie,2,1.0,2.0,Credit Card,Takeaway,2023-11-29,Wednesday,November
1195,TXN_7433269,Tea,1,1.5,1.5,Cash,In-store,2023-05-18,Thursday,May
1196,TXN_3103972,Cake,1,3.0,3.0,UNKNOWN,UNKNOWN,2023-03-01,Wednesday,March
1197,TXN_9081115,Juice,3,3.0,9.0,UNKNOWN,UNKNOWN,2023-12-04,Monday,December
1199,TXN_2633600,Salad,5,5.0,25.0,Cash,Takeaway,2023-11-28,Tuesday,November
1200,TXN_4631695,Cookie,5,1.0,5.0,UNKNOWN,In-store,2023-11-18,Saturday,November
1201,TXN_3121271,Smoothie,2,4.0,8.0,Credit Card,UNKNOWN,2023-08-13,Sunday,August
1202,TXN_4613883,Tea,1,1.5,1.5,Cash,UNKNOWN,2023-05-21,Sunday,May
1204,TXN_2166064,Coffee,4,2.0,8.0,UNKNOWN,In-store,2023-02-08,Wednesday,February
1205,TXN_4617771,Smoothie,4,4.0,16.0,Digital Wallet,Takeaway,2023-09-10,Sunday,September
1206,TXN_9444461,Sandwich,2,4.0,8.0,UNKNOWN,UNKNOWN,2023-05-28,Sunday,May
1208,TXN_1741325,Tea,2,1.5,3.0,Credit Card,In-store,2023-03-31,Friday,March
1209,TXN_9370294,Cake,2,3.0,6.0,Credit Card,UNKNOWN,2023-04-23,Sunday,April
1210,TXN_9983356,Sandwich,2,4.0,8.0,Digital Wallet,Takeaway,2023-09-20,Wednesday,September
1211,TXN_8964527,Sandwich,4,4.0,16.0,Digital Wallet,Takeaway,2023-02-22,Wednesday,February
1214,TXN_6313325,Cookie,5,1.0,5.0,UNKNOWN,UNKNOWN,2023-07-07,Friday,July
1215,TXN_9497634,Juice,3,3.0,9.0,Cash,UNKNOWN,2023-07-20,Thursday,July
1216,TXN_9408993,Sandwich,1,4.0,4.0,Digital Wallet,In-store,2023-08-19,Saturday,August
1217,TXN_7810285,Cake,4,3.0,12.0,Cash,Takeaway,2023-10-25,Wednesday,October
1218,TXN_5322809,Cake,2,3.0,6.0,UNKNOWN,UNKNOWN,2023-04-30,Sunday,April
1219,TXN_1961595,Smoothie,5,4.0,20.0,Digital Wallet,In-store,2023-07-02,Sunday,July
1220,TXN_1200795,Sandwich,1,4.0,4.0,UNKNOWN,In-store,2023-08-18,Friday,August
1221,TXN_8958073,Smoothie,1,4.0,4.0,UNKNOWN,UNKNOWN,2023-03-31,Friday,March
1222,TXN_4114503,Salad,5,5.0,25.0,UNKNOWN,Takeaway,2023-11-07,Tuesday,November
1223,TXN_4179561,Cookie,2,1.0,2.0,Digital Wallet,In-store,2023-11-12,Sunday,November
1224,TXN_5669113,Sandwich,2,4.0,8.0,UNKNOWN,Takeaway,2023-03-19,Sunday,March
1225,TXN_7574828,Coffee,2,2.0,4.0,UNKNOWN,In-store,2023-09-24,Sunday,September
1226,TXN_9056301,Cookie,2,1.0,2.0,Credit Card,Takeaway,2023-03-02,Thursday,March
1227,TXN_8530924,Sandwich,2,4.0,8.0,Credit Card,UNKNOWN,2023-08-05,Saturday,August
1230,TXN_5965422,Coffee,2,2.0,4.0,Credit Card,UNKNOWN,2023-06-20,Tuesday,June
1231,TXN_6910030,Coffee,4,2.0,8.0,Digital Wallet,Takeaway,2023-07-09,Sunday,July
1232,TXN_3713626,Sandwich,2,4.0,8.0,Cash,UNKNOWN,2023-12-24,Sunday,December
1233,TXN_5753095,Sandwich,4,4.0,16.0,UNKNOWN,UNKNOWN,2023-06-25,Sunday,June
1234,TXN_5538503,Smoothie,2,4.0,8.0,UNKNOWN,In-store,2023-09-05,Tuesday,September
1235,TXN_7609781,Smoothie,3,4.0,12.0,Cash,In-store,2023-03-13,Monday,March
1236,TXN_8398059,Cake,1,3.0,3.0,Cash,Takeaway,2023-10-15,Sunday,October
1237,TXN_3755379,Cookie,2,1.0,2.0,Digital Wallet,In-store,2023-11-19,Sunday,November
1239,TXN_1792573,Smoothie,5,4.0,20.0,Cash,Takeaway,2023-12-07,Thursday,December
1240,TXN_4812472,Cake,2,3.0,6.0,Cash,UNKNOWN,2023-09-16,Saturday,September
1243,TXN_5050993,Cookie,4,1.0,4.0,UNKNOWN,UNKNOWN,2023-02-06,Monday,February
1244,TXN_9991225,Cake,5,3.0,15.0,Credit Card,Takeaway,2023-02-03,Friday,February
1245,TXN_8734476,Tea,1,1.5,1.5,Cash,Takeaway,2023-09-12,Tuesday,September
1246,TXN_6471962,Sandwich,4,4.0,16.0,Cash,Takeaway,2023-09-21,Thursday,September
1247,TXN_1981602,Sandwich,4,4.0,16.0,Cash,UNKNOWN,2023-09-04,Monday,September
1248,TXN_4792702,Sandwich,1,4.0,4.0,Cash,Takeaway,2023-06-28,Wednesday,June
1249,TXN_3572190,Coffee,5,2.0,10.0,Credit Card,Takeaway,2023-03-05,Sunday,March
1250,TXN_6791398,Coffee,1,2.0,2.0,Credit Card,Takeaway,2023-12-17,Sunday,December
1251,TXN_8361255,Cake,3,3.0,9.0,Cash,Takeaway,2023-07-29,Saturday,July
1252,TXN_1096690,Smoothie,5,4.0,20.0,Credit Card,UNKNOWN,2023-10-09,Monday,October
1253,TXN_1371554,Sandwich,2,4.0,8.0,UNKNOWN,UNKNOWN,2023-05-19,Friday,May
1256,TXN_5858988,Juice,1,3.0,3.0,Credit Card,Takeaway,2023-06-24,Saturday,June
1257,TXN_1476066,Smoothie,2,4.0,8.0,UNKNOWN,Takeaway,2023-10-19,Thursday,October
1258,TXN_6078834,Smoothie,1,4.0,4.0,Digital Wallet,Takeaway,2023-04-28,Friday,April
1259,TXN_7812601,Tea,2,1.5,3.0,Credit Card,UNKNOWN,2023-11-15,Wednesday,November
1260,TXN_8186625,Cookie,1,1.0,1.0,Digital Wallet,Takeaway,2023-07-21,Friday,July
1261,TXN_3713976,Juice,2,3.0,6.0,UNKNOWN,Takeaway,2023-11-06,Monday,November
1262,TXN_2946829,Cookie,2,1.0,2.0,Digital Wallet,Takeaway,2023-02-08,Wednesday,February
1264,TXN_8750849,Cake,2,3.0,6.0,Credit Card,Takeaway,2023-03-03,Friday,March
1265,TXN_2889344,Sandwich,3,4.0,12.0,UNKNOWN,In-store,2023-05-21,Sunday,May
1266,TXN_4067814,Tea,5,1.5,7.5,Cash,UNKNOWN,2023-12-20,Wednesday,December
1267,TXN_2018654,Salad,1,5.0,5.0,UNKNOWN,UNKNOWN,2023-10-23,Monday,October
1268,TXN_1973716,Salad,4,5.0,20.0,Credit Card,In-store,2023-01-21,Saturday,January
1269,TXN_1105589,Coffee,5,2.0,10.0,Cash,Takeaway,2023-07-04,Tuesday,July
1270,TXN_3727374,Cake,2,3.0,6.0,UNKNOWN,In-store,2023-04-10,Monday,April
1271,TXN_9155299,Juice,3,3.0,9.0,UNKNOWN,Takeaway,2023-02-09,Thursday,February
1272,TXN_1346936,Cookie,5,1.0,5.0,UNKNOWN,UNKNOWN,2023-10-10,Tuesday,October
1273,TXN_2089778,Cake,1,3.0,3.0,UNKNOWN,In-store,2023-06-12,Monday,June
1275,TXN_5375349,Coffee,1,2.0,2.0,UNKNOWN,Takeaway,2023-11-13,Monday,November
1276,TXN_6206171,Cake,1,3.0,3.0,Digital Wallet,UNKNOWN,2023-03-19,Sunday,March
1277,TXN_9256387,Tea,5,1.5,7.5,UNKNOWN,UNKNOWN,2023-05-31,Wednesday,May
1278,TXN_6915192,Coffee,4,2.0,8.0,UNKNOWN,In-store,2023-12-09,Saturday,December
1279,TXN_8908224,Coffee,4,2.0,8.0,UNKNOWN,UNKNOWN,2023-08-21,Monday,August
1280,TXN_4988665,Cake,1,3.0,3.0,Digital Wallet,Takeaway,2023-12-16,Saturday,December
1281,TXN_7740907,Smoothie,5,4.0,20.0,UNKNOWN,In-store,2023-02-11,Saturday,February
1283,TXN_5019407,Juice,4,3.0,12.0,Credit Card,UNKNOWN,2023-04-17,Monday,April
1284,TXN_2482363,Tea,3,1.5,4.5,Cash,UNKNOWN,2023-08-06,Sunday,August
1285,TXN_5412834,Smoothie,4,4.0,16.0,Cash,Takeaway,2023-07-13,Thursday,July
1286,TXN_1389258,Salad,1,5.0,5.0,Cash,Takeaway,2023-12-31,Sunday,December
1287,TXN_3223187,Coffee,2,2.0,4.0,Credit Card,UNKNOWN,2023-08-21,Monday,August
1288,TXN_9288207,Cake,4,3.0,12.0,UNKNOWN,Takeaway,2023-05-16,Tuesday,May
1289,TXN_8300706,Salad,2,5.0,10.0,Digital Wallet,UNKNOWN,2023-12-23,Saturday,December
1290,TXN_8076559,Cake,5,3.0,15.0,Cash,Takeaway,2023-11-02,Thursday,November
1292,TXN_4310310,Cake,3,3.0,9.0,Cash,Takeaway,2023-03-08,Wednesday,March
1293,TXN_5301689,Cake,5,3.0,15.0,UNKNOWN,In-store,2023-04-11,Tuesday,April
1294,TXN_9971927,Smoothie,3,4.0,12.0,UNKNOWN,Takeaway,2023-08-07,Monday,August
1295,TXN_9143440,Coffee,4,2.0,8.0,Digital Wallet,UNKNOWN,2023-03-31,Friday,March
1297,TXN_2916209,Cake,2,3.0,6.0,UNKNOWN,In-store,2023-04-15,Saturday,April
1298,TXN_6411716,Cake,4,3.0,12.0,Credit Card,In-store,2023-02-25,Saturday,February
1299,TXN_7759607,Sandwich,1,4.0,4.0,Digital Wallet,UNKNOWN,2023-08-11,Friday,August
1300,TXN_8441057,Cake,4,3.0,12.0,Credit Card,UNKNOWN,2023-11-04,Saturday,November
1301,TXN_8283691,Juice,3,3.0,9.0,UNKNOWN,UNKNOWN,2023-01-25,Wednesday,January
1302,TXN_1154979,Coffee,3,2.0,6.0,Credit Card,In-store,2023-12-11,Monday,December
1303,TXN_4258949,Cake,2,3.0,6.0,UNKNOWN,UNKNOWN,2023-03-07,Tuesday,March
1304,TXN_6129205,Sandwich,5,4.0,20.0,Cash,In-store,2023-07-20,Thursday,July
1305,TXN_3444519,Cookie,4,1.0,4.0,UNKNOWN,Takeaway,2023-03-10,Friday,March
1306,TXN_6813508,Salad,1,5.0,5.0,Cash,UNKNOWN,2023-10-26,Thursday,October
1307,TXN_5540986,Cake,3,3.0,9.0,UNKNOWN,UNKNOWN,2023-05-12,Friday,May
1308,TXN_4832513,Cookie,5,1.0,5.0,Credit Card,In-store,2023-06-05,Monday,June
1309,TXN_6202035,Tea,2,1.5,3.0,UNKNOWN,In-store,2023-09-06,Wednesday,September
1310,TXN_4108120,Coffee,2,2.0,4.0,UNKNOWN,In-store,2023-06-14,Wednesday,June
1312,TXN_5379385,Coffee,5,2.0,10.0,Credit Card,UNKNOWN,2023-02-21,Tuesday,February
1313,TXN_6782228,Coffee,4,2.0,8.0,Credit Card,UNKNOWN,2023-08-18,Friday,August
1314,TXN_7268366,Juice,5,3.0,15.0,UNKNOWN,In-store,2023-12-14,Thursday,December
1315,TXN_1180969,Cookie,1,1.0,1.0,Digital Wallet,In-store,2023-01-06,Friday,January
1318,TXN_9469533,Cookie,4,1.0,4.0,Cash,UNKNOWN,2023-05-22,Monday,May
1319,TXN_6492919,Juice,3,3.0,9.0,Digital Wallet,UNKNOWN,2023-09-24,Sunday,September
1320,TXN_4356223,Salad,3,5.0,15.0,Digital Wallet,Takeaway,2023-11-23,Thursday,November
1321,TXN_7515082,Coffee,2,2.0,4.0,UNKNOWN,In-store,2023-10-21,Saturday,October
1322,TXN_7216161,Tea,4,1.5,6.0,Credit Card,UNKNOWN,2023-07-06,Thursday,July
1323,TXN_2426782,Coffee,2,2.0,4.0,Credit Card,In-store,2023-11-04,Saturday,November
1324,TXN_3484520,Juice,3,3.0,9.0,Credit Card,UNKNOWN,2023-08-15,Tuesday,August
1325,TXN_2806515,Smoothie,4,4.0,16.0,UNKNOWN,In-store,2023-12-31,Sunday,December
1326,TXN_7198128,Cake,2,3.0,6.0,UNKNOWN,In-store,2023-09-07,Thursday,September
1327,TXN_6717061,Salad,3,5.0,15.0,Credit Card,UNKNOWN,2023-08-07,Monday,August
1328,TXN_3562350,Coffee,2,2.0,4.0,UNKNOWN,UNKNOWN,2023-02-04,Saturday,February
1330,TXN_4250492,Salad,5,5.0,25.0,UNKNOWN,Takeaway,2023-09-29,Friday,September
1331,TXN_2471972,Cookie,1,1.0,1.0,Cash,Takeaway,2023-04-08,Saturday,April
1332,TXN_3060152,Juice,5,3.0,15.0,Digital Wallet,UNKNOWN,2023-02-07,Tuesday,February
1333,TXN_4651514,Tea,2,1.5,3.0,Digital Wallet,In-store,2023-03-28,Tuesday,March
1334,TXN_6555617,Salad,2,5.0,10.0,Digital Wallet,Takeaway,2023-12-27,Wednesday,December
1335,TXN_7033977,Sandwich,4,4.0,16.0,UNKNOWN,Takeaway,2023-05-04,Thursday,May
1336,TXN_6899834,Cake,3,3.0,9.0,Credit Card,Takeaway,2023-01-27,Friday,January
1338,TXN_3427950,Smoothie,5,4.0,20.0,UNKNOWN,In-store,2023-02-23,Thursday,February
1340,TXN_8543211,Juice,3,3.0,9.0,UNKNOWN,Takeaway,2023-11-30,Thursday,November
1341,TXN_7538570,Smoothie,4,4.0,16.0,Credit Card,Takeaway,2023-04-18,Tuesday,April
1342,TXN_8789116,Salad,5,5.0,25.0,Digital Wallet,Takeaway,2023-01-13,Friday,January
1343,TXN_8930109,Cookie,5,1.0,5.0,Digital Wallet,Takeaway,2023-05-17,Wednesday,May
1344,TXN_9799798,Coffee,5,2.0,10.0,Credit Card,Takeaway,2023-05-23,Tuesday,May
1346,TXN_8831813,Smoothie,5,4.0,20.0,UNKNOWN,UNKNOWN,2023-11-23,Thursday,November
1347,TXN_5067373,Cookie,3,1.0,3.0,Cash,UNKNOWN,2023-10-18,Wednesday,October
1348,TXN_5755839,Sandwich,3,4.0,12.0,Credit Card,UNKNOWN,2023-12-19,Tuesday,December
1349,TXN_1681153,Juice,3,3.0,9.0,Cash,Takeaway,2023-02-09,Thursday,February
1350,TXN_4255503,Coffee,3,2.0,6.0,Digital Wallet,Takeaway,2023-11-19,Sunday,November
1352,TXN_2385697,Coffee,1,2.0,2.0,Cash,Takeaway,2023-09-10,Sunday,September
1353,TXN_9151321,Sandwich,4,4.0,16.0,Cash,In-store,2023-01-05,Thursday,January
1354,TXN_7369807,Coffee,4,2.0,8.0,UNKNOWN,In-store,2023-02-22,Wednesday,February
1355,TXN_1602799,Cake,4,3.0,12.0,Digital Wallet,Takeaway,2023-03-23,Thursday,March
1356,TXN_3336502,Sandwich,3,4.0,12.0,Credit Card,UNKNOWN,2023-05-04,Thursday,May
1357,TXN_9579181,Sandwich,1,4.0,4.0,Digital Wallet,In-store,2023-05-24,Wednesday,May
1358,TXN_7391267,Cake,3,3.0,9.0,Digital Wallet,In-store,2023-12-07,Thursday,December
1359,TXN_1388606,Cake,3,3.0,9.0,Digital Wallet,Takeaway,2023-08-31,Thursday,August
1360,TXN_2336857,Cake,3,3.0,9.0,Cash,In-store,2023-08-02,Wednesday,August
1361,TXN_9526867,Cookie,2,1.0,2.0,Digital Wallet,Takeaway,2023-10-21,Saturday,October
1362,TXN_4427348,Cake,5,3.0,15.0,Cash,UNKNOWN,2023-12-22,Friday,December
1363,TXN_5901180,Cookie,3,1.0,3.0,Digital Wallet,UNKNOWN,2023-12-20,Wednesday,December
1365,TXN_3224921,Sandwich,5,4.0,20.0,UNKNOWN,In-store,2023-04-06,Thursday,April
1366,TXN_5792655,Juice,1,3.0,3.0,Digital Wallet,Takeaway,2023-12-21,Thursday,December
1367,TXN_5566652,Juice,5,3.0,15.0,Credit Card,UNKNOWN,2023-09-16,Saturday,September
1368,TXN_7782538,Juice,2,3.0,6.0,Digital Wallet,Takeaway,2023-08-15,Tuesday,August
1369,TXN_7478389,Cookie,5,1.0,5.0,Digital Wallet,UNKNOWN,2023-10-13,Friday,October
1370,TXN_6108428,Cake,3,3.0,9.0,Digital Wallet,UNKNOWN,2023-05-08,Monday,May
1371,TXN_3615483,Sandwich,2,4.0,8.0,Digital Wallet,UNKNOWN,2023-09-08,Friday,September
1372,TXN_6404763,Sandwich,5,4.0,20.0,Digital Wallet,Takeaway,2023-11-13,Monday,November
1374,TXN_2269497,Coffee,5,2.0,10.0,UNKNOWN,UNKNOWN,2023-08-14,Monday,August
1378,TXN_5153686,Coffee,5,2.0,10.0,UNKNOWN,Takeaway,2023-04-05,Wednesday,April
1380,TXN_4915908,Sandwich,5,4.0,20.0,Credit Card,In-store,2023-06-06,Tuesday,June
1381,TXN_7146613,Smoothie,1,4.0,4.0,Cash,UNKNOWN,2023-08-01,Tuesday,August
1382,TXN_8219519,Tea,5,1.5,7.5,UNKNOWN,UNKNOWN,2023-11-29,Wednesday,November
1383,TXN_7867311,Smoothie,2,4.0,8.0,UNKNOWN,UNKNOWN,2023-07-17,Monday,July
1387,TXN_4203585,Cake,2,3.0,6.0,UNKNOWN,UNKNOWN,2023-09-03,Sunday,September
1388,TXN_7222483,Sandwich,5,4.0,20.0,UNKNOWN,Takeaway,2023-05-02,Tuesday,May
1389,TXN_9996968,Sandwich,1,4.0,4.0,Cash,In-store,2023-10-14,Saturday,October
1390,TXN_4472156,Cookie,1,1.0,1.0,UNKNOWN,In-store,2023-11-03,Friday,November
1392,TXN_7043825,Juice,2,3.0,6.0,Cash,Takeaway,2023-02-07,Tuesday,February
1393,TXN_2195630,Sandwich,5,4.0,20.0,Credit Card,Takeaway,2023-03-09,Thursday,March
1394,TXN_2539318,Sandwich,4,4.0,16.0,Digital Wallet,UNKNOWN,2023-01-15,Sunday,January
1395,TXN_5788769,Juice,1,3.0,3.0,Cash,In-store,2023-07-19,Wednesday,July
1396,TXN_3628056,Cake,4,3.0,12.0,Cash,In-store,2023-07-09,Sunday,July
1397,TXN_5735731,Smoothie,2,4.0,8.0,Credit Card,UNKNOWN,2023-01-22,Sunday,January
1398,TXN_2424930,Tea,5,1.5,7.5,Digital Wallet,UNKNOWN,2023-01-20,Friday,January
1399,TXN_5856820,Tea,2,1.5,3.0,Credit Card,Takeaway,2023-07-18,Tuesday,July
1400,TXN_3753993,Sandwich,5,4.0,20.0,Credit Card,UNKNOWN,2023-04-01,Saturday,April
1402,TXN_9354616,Tea,4,1.5,6.0,Digital Wallet,Takeaway,2023-01-27,Friday,January
1403,TXN_3749365,Cookie,3,1.0,3.0,Cash,UNKNOWN,2023-01-19,Thursday,January
1404,TXN_6900785,Juice,1,3.0,3.0,UNKNOWN,Takeaway,2023-09-25,Monday,September
1405,TXN_5775113,Salad,1,5.0,5.0,Digital Wallet,UNKNOWN,2023-10-23,Monday,October
1406,TXN_5268203,Cake,1,3.0,3.0,Credit Card,Takeaway,2023-03-04,Saturday,March
1407,TXN_3483570,Sandwich,2,4.0,8.0,UNKNOWN,Takeaway,2023-03-21,Tuesday,March
1409,TXN_5226635,Cookie,4,1.0,4.0,Credit Card,Takeaway,2023-02-01,Wednesday,February
1410,TXN_5469063,Coffee,2,2.0,4.0,UNKNOWN,Takeaway,2023-02-24,Friday,February
1411,TXN_9278992,Smoothie,4,4.0,16.0,Cash,Takeaway,2023-12-15,Friday,December
1412,TXN_4369292,Cake,1,3.0,3.0,Credit Card,Takeaway,2023-10-09,Monday,October
1413,TXN_6011884,Tea,5,1.5,7.5,UNKNOWN,UNKNOWN,2023-12-25,Monday,December
1415,TXN_3912727,Tea,5,1.5,7.5,Digital Wallet,Takeaway,2023-04-13,Thursday,April
1416,TXN_1951569,Salad,2,5.0,10.0,Digital Wallet,UNKNOWN,2023-02-27,Monday,February
1417,TXN_6983139,Salad,2,5.0,10.0,Credit Card,Takeaway,2023-12-18,Monday,December
1418,TXN_6787560,Cake,3,3.0,9.0,UNKNOWN,UNKNOWN,2023-07-13,Thursday,July
1419,TXN_5977414,Cake,2,3.0,6.0,Credit Card,In-store,2023-08-06,Sunday,August
1421,TXN_5485384,Sandwich,5,4.0,20.0,UNKNOWN,UNKNOWN,2023-03-04,Saturday,March
1422,TXN_9285663,Cookie,4,1.0,4.0,UNKNOWN,UNKNOWN,2023-11-18,Saturday,November
1423,TXN_9074075,Juice,5,3.0,15.0,Credit Card,UNKNOWN,2023-08-14,Monday,August
1424,TXN_8050034,Cookie,4,1.0,4.0,UNKNOWN,In-store,2023-07-29,Saturday,July
1425,TXN_8842223,Sandwich,5,4.0,20.0,Digital Wallet,In-store,2023-01-01,Sunday,January
1426,TXN_5121322,Sandwich,3,4.0,12.0,UNKNOWN,In-store,2023-12-17,Sunday,December
1427,TXN_3091582,Sandwich,5,4.0,20.0,UNKNOWN,UNKNOWN,2023-11-28,Tuesday,November
1428,TXN_8550184,Juice,3,3.0,9.0,Digital Wallet,Takeaway,2023-04-05,Wednesday,April
1431,TXN_2773491,Salad,5,5.0,25.0,Cash,UNKNOWN,2023-11-14,Tuesday,November
1433,TXN_3712466,Cake,5,3.0,15.0,Digital Wallet,UNKNOWN,2023-04-10,Monday,April
1435,TXN_4901854,Cookie,5,1.0,5.0,UNKNOWN,UNKNOWN,2023-04-23,Sunday,April
1437,TXN_6962242,Juice,1,3.0,3.0,Digital Wallet,Takeaway,2023-06-30,Friday,June
1438,TXN_5780931,Tea,4,1.5,6.0,Digital Wallet,UNKNOWN,2023-10-06,Friday,October
1439,TXN_4563679,Coffee,4,2.0,8.0,UNKNOWN,In-store,2023-09-11,Monday,September
1440,TXN_6290642,Coffee,4,2.0,8.0,UNKNOWN,Takeaway,2023-12-23,Saturday,December
1441,TXN_6177865,Juice,5,3.0,15.0,Digital Wallet,UNKNOWN,2023-01-30,Monday,January
1442,TXN_8115752,Smoothie,2,4.0,8.0,Digital Wallet,UNKNOWN,2023-06-27,Tuesday,June
1443,TXN_9253398,Sandwich,2,4.0,8.0,UNKNOWN,Takeaway,2023-12-14,Thursday,December
1444,TXN_3116227,Cake,1,3.0,3.0,Digital Wallet,UNKNOWN,2023-05-30,Tuesday,May
1445,TXN_2494138,Cookie,3,1.0,3.0,Cash,UNKNOWN,2023-01-10,Tuesday,January
1446,TXN_4889269,Cake,2,3.0,6.0,Cash,UNKNOWN,2023-02-19,Sunday,February
1448,TXN_6105240,Juice,5,3.0,15.0,UNKNOWN,In-store,2023-11-27,Monday,November
1449,TXN_8808162,Smoothie,4,4.0,16.0,Digital Wallet,UNKNOWN,2023-05-07,Sunday,May
1450,TXN_4548466,Tea,4,1.5,6.0,Credit Card,Takeaway,2023-11-30,Thursday,November
1452,TXN_9835676,Cookie,2,1.0,2.0,Digital Wallet,UNKNOWN,2023-03-30,Thursday,March
1453,TXN_9728454,Juice,4,3.0,12.0,Digital Wallet,Takeaway,2023-01-03,Tuesday,January
1454,TXN_5907854,Juice,3,3.0,9.0,UNKNOWN,In-store,2023-11-11,Saturday,November
1455,TXN_8685846,Tea,5,1.5,7.5,Credit Card,UNKNOWN,2023-12-27,Wednesday,December
1456,TXN_1726774,Salad,3,5.0,15.0,UNKNOWN,UNKNOWN,2023-11-16,Thursday,November
1457,TXN_2594430,Coffee,1,2.0,2.0,UNKNOWN,UNKNOWN,2023-05-18,Thursday,May
1459,TXN_6714931,Juice,3,3.0,9.0,UNKNOWN,UNKNOWN,2023-07-02,Sunday,July
1461,TXN_9433769,Cake,4,3.0,12.0,Digital Wallet,UNKNOWN,2023-08-13,Sunday,August
1462,TXN_5944206,Cookie,5,1.0,5.0,Digital Wallet,Takeaway,2023-05-12,Friday,May
1463,TXN_9212178,Juice,1,3.0,3.0,Credit Card,Takeaway,2023-11-18,Saturday,November
1464,TXN_2915856,Tea,1,1.5,1.5,UNKNOWN,In-store,2023-06-19,Monday,June
1465,TXN_4376214,Salad,5,5.0,25.0,UNKNOWN,UNKNOWN,2023-04-26,Wednesday,April
1466,TXN_9201212,Smoothie,4,4.0,16.0,Digital Wallet,Takeaway,2023-06-08,Thursday,June
1468,TXN_7055260,Sandwich,4,4.0,16.0,Digital Wallet,In-store,2023-06-20,Tuesday,June
1469,TXN_4773465,Coffee,5,2.0,10.0,Digital Wallet,Takeaway,2023-11-28,Tuesday,November
1470,TXN_9087344,Tea,5,1.5,7.5,Cash,UNKNOWN,2023-07-29,Saturday,July
1471,TXN_1757340,Cake,2,3.0,6.0,Credit Card,In-store,2023-12-29,Friday,December
1472,TXN_9975321,Salad,2,5.0,10.0,Digital Wallet,UNKNOWN,2023-03-25,Saturday,March
1474,TXN_1681216,Cake,3,3.0,9.0,UNKNOWN,UNKNOWN,2023-03-23,Thursday,March
1475,TXN_3835043,Juice,2,3.0,6.0,Cash,UNKNOWN,2023-12-29,Friday,December
1476,TXN_8366002,Sandwich,2,4.0,8.0,Credit Card,UNKNOWN,2023-12-26,Tuesday,December
1477,TXN_9390740,Cake,2,3.0,6.0,Cash,In-store,2023-12-06,Wednesday,December
1478,TXN_4928254,Cake,1,3.0,3.0,Credit Card,UNKNOWN,2023-12-22,Friday,December
1480,TXN_9117434,Cake,1,3.0,3.0,UNKNOWN,In-store,2023-07-18,Tuesday,July
1483,TXN_7531745,Cake,2,3.0,6.0,Cash,UNKNOWN,2023-06-23,Friday,June
1484,TXN_1082421,Salad,1,5.0,5.0,Digital Wallet,In-store,2023-12-19,Tuesday,December
1485,TXN_2148444,Juice,2,3.0,6.0,Cash,UNKNOWN,2023-11-27,Monday,November
1488,TXN_9277146,Cake,5,3.0,15.0,Credit Card,UNKNOWN,2023-07-11,Tuesday,July
1489,TXN_9333347,Smoothie,5,4.0,20.0,Cash,UNKNOWN,2023-09-10,Sunday,September
1490,TXN_9127105,Juice,3,3.0,9.0,Cash,UNKNOWN,2023-03-04,Saturday,March
1491,TXN_1417724,Sandwich,2,4.0,8.0,Digital Wallet,UNKNOWN,2023-06-07,Wednesday,June
1492,TXN_6451377,Salad,5,5.0,25.0,Credit Card,Takeaway,2023-03-19,Sunday,March
1493,TXN_2142961,Coffee,5,2.0,10.0,Credit Card,Takeaway,2023-09-21,Thursday,September
1494,TXN_5927884,Coffee,4,2.0,8.0,UNKNOWN,UNKNOWN,2023-12-21,Thursday,December
1495,TXN_8588335,Salad,4,5.0,20.0,Credit Card,UNKNOWN,2023-09-04,Monday,September
1496,TXN_6738350,Juice,2,3.0,6.0,Digital Wallet,UNKNOWN,2023-11-02,Thursday,November
1497,TXN_5575561,Tea,4,1.5,6.0,Digital Wallet,Takeaway,2023-02-13,Monday,February
1498,TXN_1007347,Salad,4,5.0,20.0,Digital Wallet,In-store,2023-08-28,Monday,August
1499,TXN_8933459,Juice,1,3.0,3.0,UNKNOWN,UNKNOWN,2023-12-31,Sunday,December
1501,TXN_7692628,Tea,2,1.5,3.0,Cash,UNKNOWN,2023-05-01,Monday,May
1502,TXN_6731518,Cookie,1,1.0,1.0,Digital Wallet,Takeaway,2023-12-04,Monday,December
1503,TXN_3455702,Salad,1,5.0,5.0,Cash,Takeaway,2023-03-23,Thursday,March
1504,TXN_7794561,Juice,4,3.0,12.0,Credit Card,In-store,2023-05-18,Thursday,May
1505,TXN_8908193,Smoothie,5,4.0,20.0,Cash,UNKNOWN,2023-04-02,Sunday,April
1506,TXN_7688625,Coffee,1,2.0,2.0,Credit Card,In-store,2023-12-15,Friday,December
1507,TXN_7012065,Coffee,3,2.0,6.0,UNKNOWN,UNKNOWN,2023-08-05,Saturday,August
1509,TXN_8831924,Coffee,3,2.0,6.0,Digital Wallet,In-store,2023-07-12,Wednesday,July
1510,TXN_2865104,Cake,5,3.0,15.0,UNKNOWN,In-store,2023-03-12,Sunday,March
1511,TXN_1360998,Cookie,2,1.0,2.0,Cash,Takeaway,2023-07-30,Sunday,July
1512,TXN_4125921,Juice,5,3.0,15.0,Credit Card,UNKNOWN,2023-01-26,Thursday,January
1514,TXN_8149585,Juice,1,3.0,3.0,Credit Card,UNKNOWN,2023-02-21,Tuesday,February
1515,TXN_9047278,Tea,4,1.5,6.0,Credit Card,Takeaway,2023-06-20,Tuesday,June
1516,TXN_8666003,Smoothie,4,4.0,16.0,UNKNOWN,Takeaway,2023-06-09,Friday,June
1517,TXN_7606512,Cookie,5,1.0,5.0,Cash,UNKNOWN,2023-12-03,Sunday,December
1518,TXN_1819615,Coffee,4,2.0,8.0,UNKNOWN,UNKNOWN,2023-06-03,Saturday,June
1519,TXN_1931404,Cake,5,3.0,15.0,UNKNOWN,In-store,2023-10-01,Sunday,October
1520,TXN_4516901,Tea,2,1.5,3.0,Credit Card,In-store,2023-09-05,Tuesday,September
1521,TXN_6817795,Tea,1,1.5,1.5,Cash,Takeaway,2023-09-12,Tuesday,September
1523,TXN_9762385,Tea,3,1.5,4.5,UNKNOWN,UNKNOWN,2023-05-19,Friday,May
1524,TXN_6809170,Smoothie,4,4.0,16.0,Cash,Takeaway,2023-08-10,Thursday,August
1525,TXN_7365744,Cookie,4,1.0,4.0,Cash,In-store,2023-08-20,Sunday,August
1526,TXN_9847116,Salad,3,5.0,15.0,Cash,Takeaway,2023-07-28,Friday,July
1527,TXN_8356338,Salad,5,5.0,25.0,Credit Card,In-store,2023-08-06,Sunday,August
1528,TXN_4413506,Juice,4,3.0,12.0,Digital Wallet,In-store,2023-10-29,Sunday,October
1530,TXN_9534685,Salad,1,5.0,5.0,UNKNOWN,Takeaway,2023-04-27,Thursday,April
1531,TXN_4893692,Salad,2,5.0,10.0,UNKNOWN,UNKNOWN,2023-01-02,Monday,January
1532,TXN_5680629,Cake,2,3.0,6.0,UNKNOWN,Takeaway,2023-04-30,Sunday,April
1533,TXN_2494194,Salad,5,5.0,25.0,Digital Wallet,UNKNOWN,2023-02-11,Saturday,February
1535,TXN_4737392,Sandwich,2,4.0,8.0,Cash,In-store,2023-02-17,Friday,February
1536,TXN_9538738,Coffee,4,2.0,8.0,Cash,In-store,2023-09-25,Monday,September
1537,TXN_1854102,Coffee,2,2.0,4.0,Digital Wallet,Takeaway,2023-07-18,Tuesday,July
1538,TXN_3109692,Juice,4,3.0,12.0,Credit Card,In-store,2023-06-21,Wednesday,June
1539,TXN_5395229,Coffee,5,2.0,10.0,Cash,UNKNOWN,2023-11-29,Wednesday,November
1540,TXN_8918902,Coffee,5,2.0,10.0,UNKNOWN,UNKNOWN,2023-05-22,Monday,May
1541,TXN_8837375,Sandwich,2,4.0,8.0,Digital Wallet,Takeaway,2023-11-21,Tuesday,November
1542,TXN_3952218,Salad,5,5.0,25.0,UNKNOWN,UNKNOWN,2023-04-07,Friday,April
1543,TXN_3225552,Salad,1,5.0,5.0,UNKNOWN,In-store,2023-05-16,Tuesday,May
1544,TXN_7950226,Tea,1,1.5,1.5,Digital Wallet,In-store,2023-10-13,Friday,October
1545,TXN_9086541,Salad,3,5.0,15.0,Cash,In-store,2023-02-15,Wednesday,February
1546,TXN_1817596,Tea,2,1.5,3.0,UNKNOWN,In-store,2023-11-04,Saturday,November
1547,TXN_7644786,Cookie,3,1.0,3.0,Credit Card,Takeaway,2023-01-20,Friday,January
1548,TXN_8017969,Juice,1,3.0,3.0,Cash,Takeaway,2023-03-26,Sunday,March
1549,TXN_6667388,Cake,3,3.0,9.0,Cash,In-store,2023-08-14,Monday,August
1550,TXN_3488611,Tea,1,1.5,1.5,Cash,UNKNOWN,2023-02-13,Monday,February
1552,TXN_3109334,Smoothie,3,4.0,12.0,UNKNOWN,In-store,2023-04-06,Thursday,April
1553,TXN_9425645,Cake,3,3.0,9.0,Credit Card,Takeaway,2023-03-19,Sunday,March
1554,TXN_2461238,Coffee,1,2.0,2.0,UNKNOWN,Takeaway,2023-01-29,Sunday,January
1555,TXN_4692976,Juice,1,3.0,3.0,Digital Wallet,UNKNOWN,2023-11-06,Monday,November
1556,TXN_6747376,Smoothie,3,4.0,12.0,Digital Wallet,In-store,2023-11-20,Monday,November
1557,TXN_3689335,Juice,1,3.0,3.0,UNKNOWN,Takeaway,2023-12-11,Monday,December
1558,TXN_9662568,Tea,5,1.5,7.5,Cash,UNKNOWN,2023-10-30,Monday,October
1560,TXN_5470087,Salad,2,5.0,10.0,UNKNOWN,Takeaway,2023-10-11,Wednesday,October
1561,TXN_3717372,Juice,2,3.0,6.0,Credit Card,UNKNOWN,2023-02-15,Wednesday,February
1562,TXN_6727985,Salad,5,5.0,25.0,Credit Card,In-store,2023-06-16,Friday,June
1563,TXN_1755661,Salad,5,5.0,25.0,UNKNOWN,In-store,2023-07-14,Friday,July
1565,TXN_5692316,Smoothie,1,4.0,4.0,Digital Wallet,UNKNOWN,2023-06-22,Thursday,June
1566,TXN_2062269,Juice,4,3.0,12.0,Digital Wallet,Takeaway,2023-09-08,Friday,September
1567,TXN_2160316,Sandwich,1,4.0,4.0,UNKNOWN,In-store,2023-10-24,Tuesday,October
1568,TXN_4220743,Sandwich,4,4.0,16.0,UNKNOWN,In-store,2023-10-22,Sunday,October
1569,TXN_2726843,Sandwich,1,4.0,4.0,UNKNOWN,In-store,2023-05-31,Wednesday,May
1570,TXN_9969283,Sandwich,3,4.0,12.0,Digital Wallet,UNKNOWN,2023-10-26,Thursday,October
1572,TXN_8313892,Salad,3,5.0,15.0,Credit Card,Takeaway,2023-11-29,Wednesday,November
1573,TXN_3131761,Smoothie,1,4.0,4.0,UNKNOWN,Takeaway,2023-10-18,Wednesday,October
1575,TXN_1856112,Salad,3,5.0,15.0,Credit Card,UNKNOWN,2023-06-08,Thursday,June
1576,TXN_4532651,Coffee,2,2.0,4.0,UNKNOWN,In-store,2023-09-13,Wednesday,September
1577,TXN_4083736,Coffee,1,2.0,2.0,UNKNOWN,In-store,2023-08-21,Monday,August
1578,TXN_4493176,Tea,3,1.5,4.5,UNKNOWN,UNKNOWN,2023-10-14,Saturday,October
1579,TXN_6712994,Coffee,3,2.0,6.0,Cash,Takeaway,2023-10-02,Monday,October
1580,TXN_1840566,Coffee,4,2.0,8.0,UNKNOWN,UNKNOWN,2023-01-05,Thursday,January
1581,TXN_6257776,Juice,5,3.0,15.0,Cash,In-store,2023-10-28,Saturday,October
1582,TXN_9039165,Sandwich,4,4.0,16.0,UNKNOWN,Takeaway,2023-03-10,Friday,March
1584,TXN_3869150,Cookie,3,1.0,3.0,Cash,UNKNOWN,2023-03-26,Sunday,March
1586,TXN_2018236,Coffee,5,2.0,10.0,Cash,UNKNOWN,2023-04-19,Wednesday,April
1587,TXN_4430176,Sandwich,4,4.0,16.0,Credit Card,Takeaway,2023-08-27,Sunday,August
1588,TXN_6073195,Sandwich,3,4.0,12.0,Credit Card,Takeaway,2023-09-13,Wednesday,September
1590,TXN_4178872,Tea,1,1.5,1.5,Credit Card,UNKNOWN,2023-01-25,Wednesday,January
1591,TXN_8836650,Smoothie,5,4.0,20.0,UNKNOWN,UNKNOWN,2023-05-22,Monday,May
1592,TXN_5882584,Cake,5,3.0,15.0,UNKNOWN,In-store,2023-09-16,Saturday,September
1593,TXN_4291132,Cake,2,3.0,6.0,Credit Card,Takeaway,2023-08-07,Monday,August
1594,TXN_1622123,Cookie,2,1.0,2.0,Cash,Takeaway,2023-01-05,Thursday,January
1595,TXN_2878078,Cake,2,3.0,6.0,Digital Wallet,Takeaway,2023-12-15,Friday,December
1596,TXN_7134579,Cookie,5,1.0,5.0,Digital Wallet,Takeaway,2023-06-06,Tuesday,June
1597,TXN_6921057,Sandwich,4,4.0,16.0,Digital Wallet,Takeaway,2023-07-10,Monday,July
1598,TXN_2335088,Salad,4,5.0,20.0,Cash,In-store,2023-10-27,Friday,October
1599,TXN_9778859,Cookie,3,1.0,3.0,Cash,Takeaway,2023-06-05,Monday,June
1600,TXN_3850274,Juice,5,3.0,15.0,UNKNOWN,UNKNOWN,2023-09-08,Friday,September
1601,TXN_4428448,Cookie,4,1.0,4.0,UNKNOWN,UNKNOWN,2023-02-04,Saturday,February
1603,TXN_6386662,Salad,5,5.0,25.0,Credit Card,Takeaway,2023-12-04,Monday,December
1604,TXN_5491825,Cake,4,3.0,12.0,Cash,In-store,2023-06-09,Friday,June
1605,TXN_5330930,Cake,1,3.0,3.0,UNKNOWN,In-store,2023-07-12,Wednesday,July
1606,TXN_5580933,Smoothie,3,4.0,12.0,Cash,Takeaway,2023-10-19,Thursday,October
1607,TXN_3326110,Coffee,2,2.0,4.0,Credit Card,Takeaway,2023-08-13,Sunday,August
1608,TXN_5455079,Salad,2,5.0,10.0,Cash,In-store,2023-11-30,Thursday,November
1609,TXN_5526475,Tea,4,1.5,6.0,Cash,In-store,2023-05-06,Saturday,May
1610,TXN_3800253,Cake,2,3.0,6.0,Cash,Takeaway,2023-01-15,Sunday,January
1612,TXN_9169782,Juice,5,3.0,15.0,Credit Card,UNKNOWN,2023-09-18,Monday,September
1613,TXN_4639621,Coffee,2,2.0,4.0,UNKNOWN,In-store,2023-10-12,Thursday,October
1616,TXN_4134478,Juice,2,3.0,6.0,Credit Card,Takeaway,2023-06-25,Sunday,June
1618,TXN_4997327,Coffee,2,2.0,4.0,UNKNOWN,In-store,2023-03-19,Sunday,March
1620,TXN_4049949,Cookie,1,1.0,1.0,UNKNOWN,Takeaway,2023-11-06,Monday,November
1621,TXN_7296498,Salad,5,5.0,25.0,Credit Card,Takeaway,2023-05-19,Friday,May
1622,TXN_4706042,Salad,5,5.0,25.0,UNKNOWN,In-store,2023-12-01,Friday,December
1623,TXN_2488987,Tea,5,1.5,7.5,Cash,In-store,2023-06-12,Monday,June
1624,TXN_6708156,Tea,5,1.5,7.5,Credit Card,UNKNOWN,2023-11-26,Sunday,November
1625,TXN_7616002,Tea,2,1.5,3.0,UNKNOWN,In-store,2023-11-08,Wednesday,November
1626,TXN_1865735,Smoothie,2,4.0,8.0,Digital Wallet,In-store,2023-09-22,Friday,September
1627,TXN_5396450,Juice,3,3.0,9.0,Digital Wallet,UNKNOWN,2023-12-09,Saturday,December
1628,TXN_5881757,Sandwich,3,4.0,12.0,Credit Card,UNKNOWN,2023-08-15,Tuesday,August
1630,TXN_5342589,Tea,2,1.5,3.0,Digital Wallet,UNKNOWN,2023-04-06,Thursday,April
1631,TXN_1987212,Smoothie,5,4.0,20.0,Credit Card,Takeaway,2023-04-07,Friday,April
1632,TXN_5303275,Cookie,4,1.0,4.0,Cash,Takeaway,2023-09-18,Monday,September
1633,TXN_9193760,Salad,5,5.0,25.0,UNKNOWN,UNKNOWN,2023-01-20,Friday,January
1634,TXN_8541074,Salad,4,5.0,20.0,UNKNOWN,In-store,2023-11-08,Wednesday,November
1635,TXN_1075183,Tea,2,1.5,3.0,Credit Card,UNKNOWN,2023-01-09,Monday,January
1636,TXN_9316158,Sandwich,5,4.0,20.0,Cash,In-store,2023-10-31,Tuesday,October
1637,TXN_8207244,Tea,5,1.5,7.5,Cash,Takeaway,2023-05-04,Thursday,May
1639,TXN_2814866,Smoothie,1,4.0,4.0,Digital Wallet,In-store,2023-07-29,Saturday,July
1640,TXN_8454044,Coffee,5,2.0,10.0,Credit Card,UNKNOWN,2023-05-27,Saturday,May
1642,TXN_2560137,Cake,1,3.0,3.0,Cash,Takeaway,2023-10-13,Friday,October
1643,TXN_7350571,Smoothie,1,4.0,4.0,Credit Card,In-store,2023-02-19,Sunday,February
1644,TXN_3915802,Coffee,3,2.0,6.0,Cash,Takeaway,2023-12-16,Saturday,December
1645,TXN_5019143,Coffee,5,2.0,10.0,Cash,UNKNOWN,2023-02-21,Tuesday,February
1646,TXN_1785371,Coffee,1,2.0,2.0,UNKNOWN,Takeaway,2023-01-16,Monday,January
1647,TXN_6441650,Cake,5,3.0,15.0,UNKNOWN,Takeaway,2023-09-06,Wednesday,September
1648,TXN_2493262,Cookie,2,1.0,2.0,Credit Card,Takeaway,2023-01-03,Tuesday,January
1650,TXN_6038791,Juice,2,3.0,6.0,Digital Wallet,In-store,2023-03-06,Monday,March
1651,TXN_1335337,Tea,3,1.5,4.5,Credit Card,In-store,2023-09-06,Wednesday,September
1652,TXN_2275914,Sandwich,2,4.0,8.0,UNKNOWN,Takeaway,2023-10-24,Tuesday,October
1653,TXN_6258276,Sandwich,5,4.0,20.0,Credit Card,UNKNOWN,2023-01-29,Sunday,January
1654,TXN_2340312,Cake,4,3.0,12.0,UNKNOWN,Takeaway,2023-07-30,Sunday,July
1655,TXN_6066433,Tea,2,1.5,3.0,Cash,UNKNOWN,2023-06-17,Saturday,June
1656,TXN_1872922,Sandwich,5,4.0,20.0,UNKNOWN,In-store,2023-07-16,Sunday,July
1657,TXN_7730388,Cookie,5,1.0,5.0,Digital Wallet,In-store,2023-09-09,Saturday,September
1659,TXN_3147198,Smoothie,2,4.0,8.0,Digital Wallet,UNKNOWN,2023-02-04,Saturday,February
1660,TXN_6363897,Salad,5,5.0,25.0,Credit Card,Takeaway,2023-11-26,Sunday,November
1661,TXN_1893222,Smoothie,5,4.0,20.0,Credit Card,In-store,2023-12-20,Wednesday,December
1662,TXN_9262803,Juice,5,3.0,15.0,Digital Wallet,UNKNOWN,2023-10-04,Wednesday,October
1665,TXN_6577035,Smoothie,2,4.0,8.0,UNKNOWN,In-store,2023-05-20,Saturday,May
1666,TXN_9970966,Coffee,5,2.0,10.0,UNKNOWN,In-store,2023-09-09,Saturday,September
1667,TXN_5624179,Cookie,1,1.0,1.0,Cash,Takeaway,2023-10-26,Thursday,October
1668,TXN_3450160,Cake,4,3.0,12.0,Credit Card,In-store,2023-10-23,Monday,October
1669,TXN_4075432,Sandwich,5,4.0,20.0,Cash,In-store,2023-09-12,Tuesday,September
1670,TXN_2023802,Cake,2,3.0,6.0,Cash,In-store,2023-02-28,Tuesday,February
1671,TXN_5130399,Cookie,3,1.0,3.0,UNKNOWN,UNKNOWN,2023-10-21,Saturday,October
1672,TXN_6745832,Coffee,2,2.0,4.0,Credit Card,UNKNOWN,2023-10-02,Monday,October
1673,TXN_7560989,Sandwich,3,4.0,12.0,Digital Wallet,UNKNOWN,2023-06-16,Friday,June
1674,TXN_9367492,Tea,2,1.5,3.0,Cash,In-store,2023-06-19,Monday,June
1675,TXN_3115258,Salad,1,5.0,5.0,UNKNOWN,Takeaway,2023-12-06,Wednesday,December
1676,TXN_8182245,Sandwich,5,4.0,20.0,Digital Wallet,Takeaway,2023-10-24,Tuesday,October
1677,TXN_3970335,Juice,5,3.0,15.0,Digital Wallet,Takeaway,2023-09-01,Friday,September
1679,TXN_7100596,Smoothie,5,4.0,20.0,Credit Card,In-store,2023-09-14,Thursday,September
1680,TXN_1481116,Tea,2,1.5,3.0,Digital Wallet,In-store,2023-02-26,Sunday,February
1681,TXN_9454212,Juice,5,3.0,15.0,Cash,In-store,2023-11-19,Sunday,November
1682,TXN_3648327,Cake,1,3.0,3.0,Digital Wallet,Takeaway,2023-08-17,Thursday,August
1683,TXN_6188394,Juice,5,3.0,15.0,Credit Card,In-store,2023-10-05,Thursday,October
1684,TXN_2553803,Juice,1,3.0,3.0,Cash,In-store,2023-12-29,Friday,December
1685,TXN_5700545,Salad,2,5.0,10.0,Credit Card,UNKNOWN,2023-05-25,Thursday,May
1686,TXN_8018479,Tea,1,1.5,1.5,Digital Wallet,Takeaway,2023-09-15,Friday,September
1687,TXN_9465300,Tea,2,1.5,3.0,Credit Card,UNKNOWN,2023-09-01,Friday,September
1688,TXN_3046108,Tea,5,1.5,7.5,Digital Wallet,Takeaway,2023-01-15,Sunday,January
1689,TXN_5998419,Juice,4,3.0,12.0,UNKNOWN,Takeaway,2023-09-26,Tuesday,September
1690,TXN_4454198,Tea,1,1.5,1.5,Digital Wallet,In-store,2023-08-22,Tuesday,August
1691,TXN_5855756,Sandwich,1,4.0,4.0,Credit Card,In-store,2023-08-29,Tuesday,August
1693,TXN_6758675,Juice,1,3.0,3.0,Credit Card,In-store,2023-11-05,Sunday,November
1694,TXN_1962275,Coffee,5,2.0,10.0,Credit Card,Takeaway,2023-05-26,Friday,May
1695,TXN_9530003,Salad,1,5.0,5.0,Digital Wallet,UNKNOWN,2023-08-24,Thursday,August
1696,TXN_2347596,Juice,4,3.0,12.0,Credit Card,UNKNOWN,2023-12-27,Wednesday,December
1697,TXN_6215303,Salad,4,5.0,20.0,UNKNOWN,Takeaway,2023-08-20,Sunday,August
1698,TXN_5524352,Sandwich,1,4.0,4.0,UNKNOWN,UNKNOWN,2023-01-05,Thursday,January
1699,TXN_6668414,Cake,1,3.0,3.0,UNKNOWN,In-store,2023-12-29,Friday,December
1701,TXN_1525046,Smoothie,2,4.0,8.0,Cash,UNKNOWN,2023-12-02,Saturday,December
1702,TXN_9867948,Smoothie,2,4.0,8.0,Digital Wallet,UNKNOWN,2023-10-07,Saturday,October
1704,TXN_9663990,Juice,1,3.0,3.0,UNKNOWN,UNKNOWN,2023-01-06,Friday,January
1705,TXN_7681072,Cookie,1,1.0,1.0,Credit Card,Takeaway,2023-07-07,Friday,July
1707,TXN_8789986,Cake,2,3.0,6.0,Cash,Takeaway,2023-09-21,Thursday,September
1708,TXN_8382825,Coffee,5,2.0,10.0,Cash,In-store,2023-01-20,Friday,January
1709,TXN_4486700,Cake,2,3.0,6.0,Digital Wallet,Takeaway,2023-02-08,Wednesday,February
1710,TXN_2668108,Cookie,5,1.0,5.0,Cash,UNKNOWN,2023-09-23,Saturday,September
1711,TXN_5085328,Coffee,4,2.0,8.0,Digital Wallet,Takeaway,2023-02-03,Friday,February
1712,TXN_6023823,Cookie,2,1.0,2.0,Digital Wallet,UNKNOWN,2023-04-20,Thursday,April
1713,TXN_6541659,Sandwich,3,4.0,12.0,UNKNOWN,Takeaway,2023-01-29,Sunday,January
1714,TXN_3203928,Coffee,3,2.0,6.0,UNKNOWN,In-store,2023-12-04,Monday,December
1715,TXN_3443235,Sandwich,5,4.0,20.0,UNKNOWN,UNKNOWN,2023-10-11,Wednesday,October
1716,TXN_6191769,Salad,1,5.0,5.0,Credit Card,Takeaway,2023-05-17,Wednesday,May
1717,TXN_6110386,Smoothie,1,4.0,4.0,Cash,In-store,2023-03-17,Friday,March
1718,TXN_7355635,Juice,3,3.0,9.0,UNKNOWN,In-store,2023-12-21,Thursday,December
1720,TXN_9169536,Cake,5,3.0,15.0,Cash,In-store,2023-06-10,Saturday,June
1721,TXN_8257774,Cookie,5,1.0,5.0,Cash,Takeaway,2023-03-04,Saturday,March
1723,TXN_8767676,Smoothie,1,4.0,4.0,UNKNOWN,UNKNOWN,2023-11-30,Thursday,November
1724,TXN_1225638,Cake,4,3.0,12.0,Cash,Takeaway,2023-05-28,Sunday,May
1726,TXN_5508620,Sandwich,2,4.0,8.0,Cash,In-store,2023-08-26,Saturday,August
1727,TXN_7864080,Tea,5,1.5,7.5,Credit Card,Takeaway,2023-11-12,Sunday,November
1728,TXN_6066883,Cake,2,3.0,6.0,Credit Card,UNKNOWN,2023-12-21,Thursday,December
1729,TXN_6034785,Coffee,3,2.0,6.0,Digital Wallet,UNKNOWN,2023-06-17,Saturday,June
1730,TXN_7818024,Cake,3,3.0,9.0,UNKNOWN,UNKNOWN,2023-08-16,Wednesday,August
1731,TXN_2463115,Sandwich,5,4.0,20.0,Credit Card,Takeaway,2023-09-12,Tuesday,September
1732,TXN_9948425,Cake,3,3.0,9.0,UNKNOWN,Takeaway,2023-11-21,Tuesday,November
1734,TXN_2006923,Salad,5,5.0,25.0,Digital Wallet,UNKNOWN,2023-05-31,Wednesday,May
1735,TXN_6762172,Coffee,5,2.0,10.0,Cash,Takeaway,2023-01-19,Thursday,January
1736,TXN_6638051,Smoothie,2,4.0,8.0,Cash,UNKNOWN,2023-11-05,Sunday,November
1739,TXN_8867300,Smoothie,4,4.0,16.0,UNKNOWN,In-store,2023-05-06,Saturday,May
1740,TXN_6987950,Cake,4,3.0,12.0,Credit Card,UNKNOWN,2023-05-04,Thursday,May
1741,TXN_9967728,Coffee,4,2.0,8.0,UNKNOWN,UNKNOWN,2023-01-30,Monday,January
1742,TXN_5591967,Sandwich,1,4.0,4.0,Credit Card,Takeaway,2023-04-08,Saturday,April
1743,TXN_5861158,Sandwich,3,4.0,12.0,Credit Card,Takeaway,2023-11-21,Tuesday,November
1744,TXN_7501002,Coffee,1,2.0,2.0,Digital Wallet,UNKNOWN,2023-08-23,Wednesday,August
1745,TXN_2848654,Smoothie,5,4.0,20.0,Digital Wallet,In-store,2023-03-15,Wednesday,March
1747,TXN_3034652,Juice,5,3.0,15.0,Credit Card,In-store,2023-11-04,Saturday,November
1748,TXN_2710779,Sandwich,5,4.0,20.0,Digital Wallet,In-store,2023-09-30,Saturday,September
1749,TXN_2333576,Tea,2,1.5,3.0,Digital Wallet,Takeaway,2023-11-22,Wednesday,November
1750,TXN_6330369,Juice,1,3.0,3.0,UNKNOWN,UNKNOWN,2023-01-25,Wednesday,January
1751,TXN_7852032,Sandwich,1,4.0,4.0,Cash,UNKNOWN,2023-03-19,Sunday,March
1752,TXN_7189368,Sandwich,2,4.0,8.0,Credit Card,UNKNOWN,2023-01-22,Sunday,January
1755,TXN_6607568,Coffee,2,2.0,4.0,Cash,In-store,2023-03-24,Friday,March
1756,TXN_8245906,Cake,1,3.0,3.0,Digital Wallet,UNKNOWN,2023-02-08,Wednesday,February
1757,TXN_9837568,Salad,5,5.0,25.0,Cash,In-store,2023-04-17,Monday,April
1758,TXN_9603263,Cookie,5,1.0,5.0,Cash,UNKNOWN,2023-05-02,Tuesday,May
1759,TXN_9425610,Sandwich,3,4.0,12.0,Cash,In-store,2023-01-08,Sunday,January
1760,TXN_8092496,Juice,4,3.0,12.0,UNKNOWN,In-store,2023-03-11,Saturday,March
1762,TXN_9749333,Cookie,5,1.0,5.0,Cash,In-store,2023-02-27,Monday,February
1763,TXN_2771364,Coffee,1,2.0,2.0,Digital Wallet,UNKNOWN,2023-01-23,Monday,January
1765,TXN_7376092,Cookie,4,1.0,4.0,Cash,In-store,2023-11-07,Tuesday,November
1767,TXN_8278982,Smoothie,5,4.0,20.0,Credit Card,Takeaway,2023-09-06,Wednesday,September
1768,TXN_7686476,Coffee,3,2.0,6.0,Digital Wallet,Takeaway,2023-01-03,Tuesday,January
1770,TXN_1926278,Cookie,1,1.0,1.0,Credit Card,UNKNOWN,2023-07-29,Saturday,July
1771,TXN_3981000,Tea,1,1.5,1.5,Digital Wallet,In-store,2023-05-24,Wednesday,May
1772,TXN_6167259,Juice,2,3.0,6.0,Digital Wallet,UNKNOWN,2023-04-14,Friday,April
1773,TXN_7068653,Cookie,2,1.0,2.0,Cash,In-store,2023-06-05,Monday,June
1774,TXN_1572930,Coffee,3,2.0,6.0,UNKNOWN,In-store,2023-07-17,Monday,July
1775,TXN_2788797,Tea,2,1.5,3.0,UNKNOWN,UNKNOWN,2023-03-23,Thursday,March
1776,TXN_4255767,Juice,1,3.0,3.0,UNKNOWN,UNKNOWN,2023-05-25,Thursday,May
1777,TXN_7367474,Juice,5,3.0,15.0,Digital Wallet,Takeaway,2023-01-01,Sunday,January
1778,TXN_7551097,Cake,2,3.0,6.0,Digital Wallet,UNKNOWN,2023-06-12,Monday,June
1779,TXN_1546695,Coffee,5,2.0,10.0,UNKNOWN,Takeaway,2023-03-06,Monday,March
1781,TXN_4567455,Coffee,3,2.0,6.0,UNKNOWN,In-store,2023-02-01,Wednesday,February
1782,TXN_7958487,Cookie,5,1.0,5.0,UNKNOWN,UNKNOWN,2023-01-20,Friday,January
1783,TXN_2864420,Sandwich,1,4.0,4.0,UNKNOWN,UNKNOWN,2023-07-12,Wednesday,July
1784,TXN_1498343,Salad,2,5.0,10.0,Credit Card,Takeaway,2023-03-31,Friday,March
1785,TXN_3107619,Cookie,2,1.0,2.0,Digital Wallet,Takeaway,2023-05-31,Wednesday,May
1787,TXN_7380217,Tea,1,1.5,1.5,Digital Wallet,UNKNOWN,2023-09-10,Sunday,September
1788,TXN_3195132,Salad,4,5.0,20.0,Credit Card,UNKNOWN,2023-08-26,Saturday,August
1789,TXN_9001088,Coffee,2,2.0,4.0,Credit Card,UNKNOWN,2023-08-19,Saturday,August
1791,TXN_7411993,Cake,2,3.0,6.0,Digital Wallet,In-store,2023-02-11,Saturday,February
1793,TXN_8791641,Tea,5,1.5,7.5,UNKNOWN,In-store,2023-01-25,Wednesday,January
1794,TXN_4679593,Juice,1,3.0,3.0,Cash,In-store,2023-01-10,Tuesday,January
1795,TXN_1907250,Cookie,1,1.0,1.0,Credit Card,UNKNOWN,2023-11-15,Wednesday,November
1797,TXN_1630051,Smoothie,5,4.0,20.0,Digital Wallet,Takeaway,2023-03-17,Friday,March
1798,TXN_2566258,Cookie,4,1.0,4.0,Cash,Takeaway,2023-06-08,Thursday,June
1799,TXN_5785600,Salad,5,5.0,25.0,Cash,In-store,2023-12-10,Sunday,December
1800,TXN_4864206,Cookie,5,1.0,5.0,Cash,In-store,2023-03-18,Saturday,March
1801,TXN_4360040,Salad,1,5.0,5.0,Credit Card,UNKNOWN,2023-11-15,Wednesday,November
1802,TXN_9490163,Salad,4,5.0,20.0,Credit Card,UNKNOWN,2023-02-23,Thursday,February
1804,TXN_9927061,Cookie,2,1.0,2.0,UNKNOWN,UNKNOWN,2023-10-17,Tuesday,October
1805,TXN_5113993,Coffee,1,2.0,2.0,Credit Card,Takeaway,2023-02-10,Friday,February
1806,TXN_2192787,Sandwich,5,4.0,20.0,Cash,In-store,2023-01-01,Sunday,January
1807,TXN_2127588,Cake,4,3.0,12.0,Cash,In-store,2023-07-17,Monday,July
1809,TXN_8108748,Sandwich,1,4.0,4.0,Cash,UNKNOWN,2023-06-19,Monday,June
1810,TXN_5538713,Cookie,2,1.0,2.0,Digital Wallet,Takeaway,2023-09-20,Wednesday,September
1812,TXN_2565449,Smoothie,3,4.0,12.0,Credit Card,In-store,2023-10-04,Wednesday,October
1813,TXN_7264039,Cake,5,3.0,15.0,Cash,UNKNOWN,2023-09-19,Tuesday,September
1814,TXN_9224501,Salad,5,5.0,25.0,Credit Card,In-store,2023-12-08,Friday,December
1815,TXN_5767393,Smoothie,3,4.0,12.0,Digital Wallet,In-store,2023-09-11,Monday,September
1816,TXN_2628024,Smoothie,1,4.0,4.0,UNKNOWN,In-store,2023-05-02,Tuesday,May
1817,TXN_4638629,Smoothie,4,4.0,16.0,Credit Card,UNKNOWN,2023-02-10,Friday,February
1818,TXN_9287133,Cake,5,3.0,15.0,Digital Wallet,In-store,2023-04-20,Thursday,April
1819,TXN_6223786,Cake,5,3.0,15.0,Cash,UNKNOWN,2023-07-05,Wednesday,July
1820,TXN_5460750,Juice,3,3.0,9.0,Credit Card,UNKNOWN,2023-07-31,Monday,July
1822,TXN_2543138,Sandwich,1,4.0,4.0,Credit Card,UNKNOWN,2023-05-20,Saturday,May
1823,TXN_7134064,Smoothie,5,4.0,20.0,Credit Card,Takeaway,2023-04-04,Tuesday,April
1825,TXN_9201988,Coffee,3,2.0,6.0,UNKNOWN,UNKNOWN,2023-05-14,Sunday,May
1826,TXN_5486063,Smoothie,3,4.0,12.0,Cash,In-store,2023-05-21,Sunday,May
1827,TXN_2285849,Tea,2,1.5,3.0,Credit Card,Takeaway,2023-09-10,Sunday,September
1828,TXN_9577271,Sandwich,5,4.0,20.0,Cash,In-store,2023-09-30,Saturday,September
1829,TXN_6568536,Cake,1,3.0,3.0,Cash,UNKNOWN,2023-12-29,Friday,December
1830,TXN_6802372,Juice,3,3.0,9.0,UNKNOWN,In-store,2023-07-20,Thursday,July
1831,TXN_2624121,Tea,5,1.5,7.5,Digital Wallet,In-store,2023-01-28,Saturday,January
1832,TXN_8994477,Coffee,3,2.0,6.0,UNKNOWN,In-store,2023-04-19,Wednesday,April
1833,TXN_7868879,Sandwich,4,4.0,16.0,Cash,Takeaway,2023-05-02,Tuesday,May
1835,TXN_1439390,Juice,4,3.0,12.0,UNKNOWN,In-store,2023-02-14,Tuesday,February
1836,TXN_9373436,Salad,4,5.0,20.0,Digital Wallet,UNKNOWN,2023-04-06,Thursday,April
1837,TXN_6243519,Coffee,3,2.0,6.0,Cash,Takeaway,2023-03-03,Friday,March
1838,TXN_8668901,Juice,2,3.0,6.0,Credit Card,Takeaway,2023-06-30,Friday,June
1839,TXN_4903004,Tea,4,1.5,6.0,Digital Wallet,In-store,2023-12-03,Sunday,December
1840,TXN_2195218,Cake,4,3.0,12.0,Digital Wallet,In-store,2023-09-10,Sunday,September
1841,TXN_9678108,Salad,3,5.0,15.0,UNKNOWN,Takeaway,2023-10-10,Tuesday,October
1842,TXN_3206876,Salad,4,5.0,20.0,UNKNOWN,In-store,2023-11-07,Tuesday,November
1844,TXN_7362525,Cake,5,3.0,15.0,Cash,Takeaway,2023-06-09,Friday,June
1845,TXN_2161341,Salad,5,5.0,25.0,Digital Wallet,UNKNOWN,2023-03-12,Sunday,March
1846,TXN_8753888,Cookie,4,1.0,4.0,Credit Card,Takeaway,2023-12-25,Monday,December
1847,TXN_3265596,Tea,1,1.5,1.5,Cash,UNKNOWN,2023-12-28,Thursday,December
1848,TXN_2815691,Juice,5,3.0,15.0,Digital Wallet,UNKNOWN,2023-02-06,Monday,February
1849,TXN_8956534,Coffee,5,2.0,10.0,Cash,Takeaway,2023-06-05,Monday,June
1850,TXN_7957208,Tea,1,1.5,1.5,Digital Wallet,Takeaway,2023-04-14,Friday,April
1851,TXN_6851213,Juice,1,3.0,3.0,Digital Wallet,UNKNOWN,2023-05-19,Friday,May
1852,TXN_7127903,Coffee,5,2.0,10.0,UNKNOWN,In-store,2023-11-27,Monday,November
1853,TXN_7543722,Cookie,3,1.0,3.0,Digital Wallet,UNKNOWN,2023-08-26,Saturday,August
1855,TXN_8556062,Sandwich,5,4.0,20.0,UNKNOWN,UNKNOWN,2023-08-07,Monday,August
1856,TXN_8429412,Smoothie,4,4.0,16.0,UNKNOWN,UNKNOWN,2023-06-23,Friday,June
1858,TXN_1749105,Sandwich,5,4.0,20.0,Cash,In-store,2023-10-17,Tuesday,October
1860,TXN_1248266,Salad,3,5.0,15.0,Credit Card,In-store,2023-10-14,Saturday,October
1861,TXN_5400273,Smoothie,4,4.0,16.0,Credit Card,UNKNOWN,2023-05-24,Wednesday,May
1862,TXN_2255634,Salad,4,5.0,20.0,UNKNOWN,UNKNOWN,2023-04-09,Sunday,April
1863,TXN_3312002,Smoothie,4,4.0,16.0,Digital Wallet,UNKNOWN,2023-04-30,Sunday,April
1864,TXN_5331122,Salad,4,5.0,20.0,Credit Card,In-store,2023-09-26,Tuesday,September
1865,TXN_1227800,Juice,3,3.0,9.0,Cash,Takeaway,2023-02-19,Sunday,February
1866,TXN_1867836,Juice,1,3.0,3.0,Credit Card,UNKNOWN,2023-03-21,Tuesday,March
1868,TXN_5108804,Juice,1,3.0,3.0,Digital Wallet,In-store,2023-09-26,Tuesday,September
1869,TXN_2699583,Sandwich,5,4.0,20.0,Digital Wallet,In-store,2023-07-26,Wednesday,July
1870,TXN_1622577,Juice,1,3.0,3.0,Cash,UNKNOWN,2023-03-14,Tuesday,March
1871,TXN_9508880,Coffee,4,2.0,8.0,UNKNOWN,In-store,2023-10-26,Thursday,October
1872,TXN_2156218,Smoothie,2,4.0,8.0,Digital Wallet,In-store,2023-07-24,Monday,July
1873,TXN_8271025,Juice,5,3.0,15.0,Credit Card,UNKNOWN,2023-03-09,Thursday,March
1874,TXN_4894699,Cookie,2,1.0,2.0,Digital Wallet,In-store,2023-02-20,Monday,February
1876,TXN_8631468,Cake,1,3.0,3.0,Credit Card,In-store,2023-10-10,Tuesday,October
1877,TXN_6315590,Tea,5,1.5,7.5,UNKNOWN,In-store,2023-10-04,Wednesday,October
1878,TXN_7825457,Cake,5,3.0,15.0,Cash,UNKNOWN,2023-09-15,Friday,September
1880,TXN_2378096,Tea,3,1.5,4.5,Cash,Takeaway,2023-09-22,Friday,September
1881,TXN_2627056,Sandwich,4,4.0,16.0,Digital Wallet,UNKNOWN,2023-04-22,Saturday,April
1882,TXN_5062280,Smoothie,4,4.0,16.0,Credit Card,UNKNOWN,2023-07-05,Wednesday,July
1883,TXN_3620110,Coffee,1,2.0,2.0,Digital Wallet,Takeaway,2023-06-01,Thursday,June
1884,TXN_7290923,Salad,3,5.0,15.0,UNKNOWN,UNKNOWN,2023-02-09,Thursday,February
1886,TXN_1005331,Coffee,1,2.0,2.0,Digital Wallet,Takeaway,2023-11-04,Saturday,November
1887,TXN_1579182,Juice,5,3.0,15.0,Cash,In-store,2023-02-20,Monday,February
1888,TXN_7311097,Coffee,5,2.0,10.0,UNKNOWN,In-store,2023-08-05,Saturday,August
1891,TXN_7477271,Tea,5,1.5,7.5,UNKNOWN,Takeaway,2023-07-12,Wednesday,July
1892,TXN_6503052,Juice,4,3.0,12.0,UNKNOWN,UNKNOWN,2023-04-21,Friday,April
1893,TXN_6471268,Smoothie,5,4.0,20.0,Digital Wallet,UNKNOWN,2023-02-10,Friday,February
1895,TXN_6843517,Sandwich,5,4.0,20.0,Credit Card,In-store,2023-01-02,Monday,January
1896,TXN_9370304,Smoothie,4,4.0,16.0,UNKNOWN,Takeaway,2023-09-01,Friday,September
1897,TXN_9298053,Juice,5,3.0,15.0,Cash,In-store,2023-06-29,Thursday,June
1898,TXN_1446862,Cake,3,3.0,9.0,UNKNOWN,Takeaway,2023-09-26,Tuesday,September
1899,TXN_4987246,Cookie,3,1.0,3.0,Digital Wallet,Takeaway,2023-11-24,Friday,November
1900,TXN_6271219,Sandwich,3,4.0,12.0,Cash,UNKNOWN,2023-06-07,Wednesday,June
1901,TXN_2614545,Tea,1,1.5,1.5,UNKNOWN,In-store,2023-08-10,Thursday,August
1903,TXN_6236864,Tea,2,1.5,3.0,Digital Wallet,In-store,2023-08-17,Thursday,August
1904,TXN_7825648,Coffee,1,2.0,2.0,UNKNOWN,Takeaway,2023-05-18,Thursday,May
1905,TXN_1853196,Sandwich,1,4.0,4.0,Credit Card,UNKNOWN,2023-08-28,Monday,August
1906,TXN_7201361,Smoothie,3,4.0,12.0,Cash,In-store,2023-05-26,Friday,May
1907,TXN_6902481,Juice,3,3.0,9.0,Cash,UNKNOWN,2023-09-03,Sunday,September
1908,TXN_4041845,Juice,5,3.0,15.0,UNKNOWN,UNKNOWN,2023-12-01,Friday,December
1909,TXN_8861272,Coffee,1,2.0,2.0,Digital Wallet,UNKNOWN,2023-03-27,Monday,March
1910,TXN_7527954,Cake,4,3.0,12.0,UNKNOWN,UNKNOWN,2023-12-09,Saturday,December
1911,TXN_2229365,Sandwich,2,4.0,8.0,Cash,In-store,2023-09-07,Thursday,September
1912,TXN_5563675,Tea,3,1.5,4.5,Digital Wallet,In-store,2023-01-01,Sunday,January
1915,TXN_8632098,Salad,2,5.0,10.0,UNKNOWN,UNKNOWN,2023-01-06,Friday,January
1916,TXN_3520908,Sandwich,3,4.0,12.0,Digital Wallet,UNKNOWN,2023-08-01,Tuesday,August
1917,TXN_7907499,Juice,3,3.0,9.0,Digital Wallet,Takeaway,2023-04-18,Tuesday,April
1918,TXN_8360073,Cake,4,3.0,12.0,Digital Wallet,In-store,2023-06-15,Thursday,June
1920,TXN_4140167,Coffee,2,2.0,4.0,Cash,UNKNOWN,2023-06-29,Thursday,June
1921,TXN_2690515,Sandwich,2,4.0,8.0,Cash,Takeaway,2023-09-06,Wednesday,September
1922,TXN_2080682,Coffee,3,2.0,6.0,Credit Card,In-store,2023-05-02,Tuesday,May
1923,TXN_8399341,Tea,5,1.5,7.5,Cash,UNKNOWN,2023-03-22,Wednesday,March
1924,TXN_5661891,Salad,1,5.0,5.0,Digital Wallet,Takeaway,2023-10-28,Saturday,October
1925,TXN_3164212,Smoothie,4,4.0,16.0,UNKNOWN,In-store,2023-11-14,Tuesday,November
1928,TXN_6036520,Coffee,5,2.0,10.0,Cash,UNKNOWN,2023-09-15,Friday,September
1929,TXN_1582958,Coffee,2,2.0,4.0,Cash,UNKNOWN,2023-12-08,Friday,December
1930,TXN_9834415,Cookie,2,1.0,2.0,Credit Card,In-store,2023-12-28,Thursday,December
1931,TXN_7325430,Coffee,2,2.0,4.0,Cash,UNKNOWN,2023-04-17,Monday,April
1932,TXN_6440365,Smoothie,2,4.0,8.0,Cash,UNKNOWN,2023-05-14,Sunday,May
1933,TXN_4002629,Cake,5,3.0,15.0,Credit Card,In-store,2023-06-15,Thursday,June
1934,TXN_4244830,Coffee,5,2.0,10.0,UNKNOWN,In-store,2023-04-24,Monday,April
1935,TXN_2217038,Tea,5,1.5,7.5,UNKNOWN,UNKNOWN,2023-06-12,Monday,June
1936,TXN_6259827,Cake,2,3.0,6.0,Credit Card,Takeaway,2023-06-14,Wednesday,June
1937,TXN_6551087,Smoothie,1,4.0,4.0,Credit Card,UNKNOWN,2023-05-02,Tuesday,May
1938,TXN_1643039,Cookie,3,1.0,3.0,UNKNOWN,UNKNOWN,2023-02-17,Friday,February
1939,TXN_3683787,Tea,5,1.5,7.5,Credit Card,UNKNOWN,2023-09-16,Saturday,September
1940,TXN_5765576,Sandwich,5,4.0,20.0,UNKNOWN,In-store,2023-11-22,Wednesday,November
1941,TXN_4155134,Cookie,1,1.0,1.0,UNKNOWN,Takeaway,2023-05-07,Sunday,May
1942,TXN_1795044,Coffee,2,2.0,4.0,Digital Wallet,UNKNOWN,2023-08-15,Tuesday,August
1944,TXN_2399870,Salad,4,5.0,20.0,UNKNOWN,UNKNOWN,2023-04-08,Saturday,April
1945,TXN_8898121,Tea,4,1.5,6.0,Digital Wallet,UNKNOWN,2023-03-26,Sunday,March
1946,TXN_4735392,Smoothie,3,4.0,12.0,Credit Card,Takeaway,2023-04-04,Tuesday,April
1947,TXN_3244935,Salad,5,5.0,25.0,UNKNOWN,Takeaway,2023-11-24,Friday,November
1948,TXN_8410712,Juice,5,3.0,15.0,Digital Wallet,Takeaway,2023-10-23,Monday,October
1949,TXN_8997048,Juice,1,3.0,3.0,UNKNOWN,In-store,2023-12-05,Tuesday,December
1950,TXN_6009395,Sandwich,4,4.0,16.0,Cash,In-store,2023-07-20,Thursday,July
1951,TXN_3733753,Sandwich,1,4.0,4.0,Digital Wallet,Takeaway,2023-03-10,Friday,March
1952,TXN_4084548,Salad,2,5.0,10.0,Cash,In-store,2023-07-21,Friday,July
1953,TXN_7125945,Cake,3,3.0,9.0,Credit Card,In-store,2023-01-30,Monday,January
1955,TXN_8103439,Smoothie,1,4.0,4.0,UNKNOWN,Takeaway,2023-11-30,Thursday,November
1957,TXN_2623927,Sandwich,2,4.0,8.0,UNKNOWN,UNKNOWN,2023-01-27,Friday,January
1958,TXN_8707598,Juice,4,3.0,12.0,Credit Card,UNKNOWN,2023-10-22,Sunday,October
1960,TXN_5435751,Sandwich,1,4.0,4.0,Credit Card,Takeaway,2023-05-24,Wednesday,May
1961,TXN_9991468,Juice,4,3.0,12.0,Credit Card,UNKNOWN,2023-11-30,Thursday,November
1963,TXN_5186460,Juice,3,3.0,9.0,Credit Card,UNKNOWN,2023-11-07,Tuesday,November
1964,TXN_8936782,Juice,5,3.0,15.0,UNKNOWN,In-store,2023-04-01,Saturday,April
1965,TXN_6885561,Smoothie,3,4.0,12.0,Digital Wallet,Takeaway,2023-06-24,Saturday,June
1966,TXN_4089089,Smoothie,5,4.0,20.0,UNKNOWN,UNKNOWN,2023-10-26,Thursday,October
1967,TXN_6304285,Cake,5,3.0,15.0,Digital Wallet,Takeaway,2023-11-16,Thursday,November
1968,TXN_7792996,Salad,4,5.0,20.0,Cash,UNKNOWN,2023-12-20,Wednesday,December
1969,TXN_3653328,Cookie,4,1.0,4.0,Digital Wallet,In-store,2023-06-27,Tuesday,June
1970,TXN_3003876,Cookie,3,1.0,3.0,Cash,UNKNOWN,2023-08-27,Sunday,August
1971,TXN_4015634,Tea,2,1.5,3.0,UNKNOWN,UNKNOWN,2023-06-28,Wednesday,June
1972,TXN_8166394,Juice,4,3.0,12.0,Credit Card,UNKNOWN,2023-12-22,Friday,December
1973,TXN_1270603,Juice,4,3.0,12.0,Credit Card,Takeaway,2023-12-03,Sunday,December
1974,TXN_8837886,Smoothie,3,4.0,12.0,UNKNOWN,UNKNOWN,2023-04-20,Thursday,April
1975,TXN_1437275,Coffee,3,2.0,6.0,Credit Card,UNKNOWN,2023-07-22,Saturday,July
1976,TXN_5791605,Smoothie,3,4.0,12.0,UNKNOWN,Takeaway,2023-05-17,Wednesday,May
1977,TXN_5836079,Coffee,1,2.0,2.0,Digital Wallet,UNKNOWN,2023-07-14,Friday,July
1979,TXN_8916613,Salad,4,5.0,20.0,UNKNOWN,Takeaway,2023-06-19,Monday,June
1980,TXN_9251292,Tea,2,1.5,3.0,Cash,UNKNOWN,2023-01-20,Friday,January
1981,TXN_9639025,Coffee,5,2.0,10.0,UNKNOWN,UNKNOWN,2023-12-06,Wednesday,December
1982,TXN_7770253,Coffee,5,2.0,10.0,Digital Wallet,Takeaway,2023-01-06,Friday,January
1983,TXN_9196116,Cake,2,3.0,6.0,UNKNOWN,In-store,2023-07-06,Thursday,July
1984,TXN_5405799,Coffee,3,2.0,6.0,Cash,UNKNOWN,2023-08-13,Sunday,August
1985,TXN_1701500,Smoothie,1,4.0,4.0,UNKNOWN,Takeaway,2023-01-05,Thursday,January
1987,TXN_9695128,Cake,1,3.0,3.0,Cash,In-store,2023-12-21,Thursday,December
1988,TXN_8700156,Tea,4,1.5,6.0,Credit Card,In-store,2023-12-25,Monday,December
1989,TXN_7192920,Smoothie,4,4.0,16.0,Digital Wallet,UNKNOWN,2023-02-28,Tuesday,February
1990,TXN_1866816,Juice,3,3.0,9.0,UNKNOWN,In-store,2023-08-21,Monday,August
1991,TXN_2423762,Coffee,1,2.0,2.0,UNKNOWN,UNKNOWN,2023-08-12,Saturday,August
1992,TXN_4007506,Salad,1,5.0,5.0,UNKNOWN,UNKNOWN,2023-01-19,Thursday,January
1993,TXN_4371760,Smoothie,2,4.0,8.0,Cash,In-store,2023-01-12,Thursday,January
1994,TXN_4468830,Smoothie,4,4.0,16.0,Digital Wallet,In-store,2023-11-10,Friday,November
1995,TXN_1908100,Juice,2,3.0,6.0,UNKNOWN,In-store,2023-04-17,Monday,April
1996,TXN_3892344,Cookie,2,1.0,2.0,UNKNOWN,UNKNOWN,2023-07-28,Friday,July
1997,TXN_3023841,Tea,3,1.5,4.5,Digital Wallet,Takeaway,2023-04-29,Saturday,April
1998,TXN_8793244,Cake,4,3.0,12.0,Credit Card,Takeaway,2023-05-08,Monday,May
1999,TXN_5764993,Salad,3,5.0,15.0,UNKNOWN,Takeaway,2023-04-26,Wednesday,April
2001,TXN_2628941,Smoothie,1,4.0,4.0,UNKNOWN,In-store,2023-12-27,Wednesday,December
2003,TXN_5448602,Juice,3,3.0,9.0,Credit Card,In-store,2023-01-17,Tuesday,January
2004,TXN_1346517,Coffee,1,2.0,2.0,Digital Wallet,Takeaway,2023-03-20,Monday,March
2005,TXN_9277534,Smoothie,2,4.0,8.0,Credit Card,In-store,2023-04-25,Tuesday,April
2006,TXN_4946991,Cake,1,3.0,3.0,UNKNOWN,UNKNOWN,2023-04-17,Monday,April
2007,TXN_9663098,Juice,2,3.0,6.0,Cash,UNKNOWN,2023-06-10,Saturday,June
2008,TXN_2492586,Salad,3,5.0,15.0,Cash,UNKNOWN,2023-05-17,Wednesday,May
2009,TXN_2450799,Tea,5,1.5,7.5,UNKNOWN,UNKNOWN,2023-11-26,Sunday,November
2010,TXN_6145837,Cake,5,3.0,15.0,Digital Wallet,Takeaway,2023-08-27,Sunday,August
2011,TXN_3665727,Cookie,1,1.0,1.0,UNKNOWN,In-store,2023-10-13,Friday,October
2012,TXN_5067056,Sandwich,1,4.0,4.0,Cash,In-store,2023-08-13,Sunday,August
2013,TXN_8453110,Smoothie,3,4.0,12.0,Digital Wallet,UNKNOWN,2023-06-24,Saturday,June
2014,TXN_4954887,Cookie,3,1.0,3.0,UNKNOWN,In-store,2023-06-11,Sunday,June
2017,TXN_6132959,Salad,5,5.0,25.0,Digital Wallet,UNKNOWN,2023-07-01,Saturday,July
2018,TXN_8626161,Smoothie,3,4.0,12.0,Digital Wallet,In-store,2023-11-23,Thursday,November
2019,TXN_7099050,Salad,3,5.0,15.0,Credit Card,Takeaway,2023-01-18,Wednesday,January
2020,TXN_8938663,Coffee,1,2.0,2.0,Digital Wallet,UNKNOWN,2023-09-09,Saturday,September
2021,TXN_5039624,Cookie,4,1.0,4.0,UNKNOWN,Takeaway,2023-04-27,Thursday,April
2022,TXN_9565465,Tea,3,1.5,4.5,Credit Card,In-store,2023-12-26,Tuesday,December
2023,TXN_6301600,Juice,4,3.0,12.0,Digital Wallet,In-store,2023-02-28,Tuesday,February
2025,TXN_4784128,Sandwich,3,4.0,12.0,Cash,Takeaway,2023-08-27,Sunday,August
2026,TXN_5807634,Sandwich,5,4.0,20.0,Digital Wallet,UNKNOWN,2023-05-23,Tuesday,May
2027,TXN_5560205,Coffee,3,2.0,6.0,Cash,In-store,2023-12-22,Friday,December
2028,TXN_2193092,Juice,4,3.0,12.0,UNKNOWN,Takeaway,2023-10-30,Monday,October
2030,TXN_1833277,Tea,2,1.5,3.0,UNKNOWN,Takeaway,2023-10-19,Thursday,October
2032,TXN_6119798,Salad,1,5.0,5.0,Credit Card,In-store,2023-09-19,Tuesday,September
2033,TXN_9793353,Coffee,3,2.0,6.0,Credit Card,Takeaway,2023-08-21,Monday,August
2034,TXN_5017895,Salad,4,5.0,20.0,Cash,UNKNOWN,2023-09-25,Monday,September
2035,TXN_4547995,Cake,3,3.0,9.0,Digital Wallet,UNKNOWN,2023-11-30,Thursday,November
2036,TXN_7032256,Sandwich,5,4.0,20.0,Credit Card,UNKNOWN,2023-03-13,Monday,March
2037,TXN_2578309,Smoothie,3,4.0,12.0,UNKNOWN,UNKNOWN,2023-05-05,Friday,May
2038,TXN_2064360,Coffee,4,2.0,8.0,Digital Wallet,In-store,2023-08-30,Wednesday,August
2039,TXN_5508573,Cake,1,3.0,3.0,UNKNOWN,Takeaway,2023-12-17,Sunday,December
2040,TXN_7125392,Cookie,4,1.0,4.0,Digital Wallet,Takeaway,2023-07-05,Wednesday,July
2041,TXN_2564219,Salad,1,5.0,5.0,Digital Wallet,Takeaway,2023-07-18,Tuesday,July
2042,TXN_1203954,Sandwich,1,4.0,4.0,Digital Wallet,UNKNOWN,2023-08-12,Saturday,August
2044,TXN_4488222,Tea,3,1.5,4.5,Digital Wallet,Takeaway,2023-03-13,Monday,March
2045,TXN_3103967,Juice,2,3.0,6.0,Credit Card,UNKNOWN,2023-11-12,Sunday,November
2046,TXN_9853577,Sandwich,2,4.0,8.0,Credit Card,In-store,2023-04-30,Sunday,April
2047,TXN_4349597,Juice,4,3.0,12.0,Credit Card,UNKNOWN,2023-08-21,Monday,August
2048,TXN_3353214,Smoothie,5,4.0,20.0,Credit Card,UNKNOWN,2023-08-12,Saturday,August
2049,TXN_7122708,Sandwich,5,4.0,20.0,UNKNOWN,Takeaway,2023-06-23,Friday,June
2050,TXN_8788437,Coffee,1,2.0,2.0,UNKNOWN,UNKNOWN,2023-11-19,Sunday,November
2051,TXN_1672443,Coffee,1,2.0,2.0,Credit Card,Takeaway,2023-10-03,Tuesday,October
2052,TXN_6277500,Coffee,4,2.0,8.0,Credit Card,Takeaway,2023-01-09,Monday,January
2053,TXN_6671827,Salad,1,5.0,5.0,Credit Card,Takeaway,2023-08-09,Wednesday,August
2054,TXN_4647042,Sandwich,5,4.0,20.0,UNKNOWN,Takeaway,2023-04-25,Tuesday,April
2055,TXN_1183212,Juice,4,3.0,12.0,UNKNOWN,In-store,2023-06-30,Friday,June
2056,TXN_8426712,Cookie,3,1.0,3.0,UNKNOWN,In-store,2023-05-22,Monday,May
2057,TXN_5894676,Smoothie,5,4.0,20.0,Credit Card,Takeaway,2023-06-17,Saturday,June
2058,TXN_1411744,Smoothie,4,4.0,16.0,Credit Card,Takeaway,2023-09-17,Sunday,September
2059,TXN_6610554,Coffee,5,2.0,10.0,Digital Wallet,UNKNOWN,2023-10-28,Saturday,October
2060,TXN_6169248,Juice,5,3.0,15.0,Credit Card,UNKNOWN,2023-08-12,Saturday,August
2061,TXN_1581997,Salad,4,5.0,20.0,Digital Wallet,UNKNOWN,2023-08-26,Saturday,August
2062,TXN_4868913,Cake,4,3.0,12.0,Cash,UNKNOWN,2023-06-30,Friday,June
2063,TXN_8277553,Tea,3,1.5,4.5,Cash,UNKNOWN,2023-09-26,Tuesday,September
2064,TXN_4030197,Salad,3,5.0,15.0,Credit Card,Takeaway,2023-03-05,Sunday,March
2065,TXN_7276927,Coffee,5,2.0,10.0,Cash,Takeaway,2023-07-06,Thursday,July
2066,TXN_3912836,Salad,1,5.0,5.0,Credit Card,In-store,2023-11-23,Thursday,November
2067,TXN_3833729,Smoothie,4,4.0,16.0,Digital Wallet,In-store,2023-11-13,Monday,November
2068,TXN_7054393,Coffee,2,2.0,4.0,Digital Wallet,In-store,2023-05-30,Tuesday,May
2069,TXN_1395083,Juice,1,3.0,3.0,Cash,In-store,2023-07-08,Saturday,July
2070,TXN_8784653,Smoothie,1,4.0,4.0,Cash,In-store,2023-09-12,Tuesday,September
2071,TXN_3943666,Juice,4,3.0,12.0,UNKNOWN,Takeaway,2023-03-15,Wednesday,March
2072,TXN_8308672,Salad,2,5.0,10.0,Digital Wallet,Takeaway,2023-01-01,Sunday,January
2073,TXN_3190959,Tea,2,1.5,3.0,Credit Card,Takeaway,2023-12-16,Saturday,December
2074,TXN_6199016,Juice,1,3.0,3.0,Digital Wallet,UNKNOWN,2023-02-14,Tuesday,February
2075,TXN_9301279,Smoothie,1,4.0,4.0,Credit Card,UNKNOWN,2023-05-27,Saturday,May
2076,TXN_8900751,Sandwich,1,4.0,4.0,UNKNOWN,Takeaway,2023-01-30,Monday,January
2077,TXN_6542877,Juice,1,3.0,3.0,UNKNOWN,In-store,2023-12-06,Wednesday,December
2079,TXN_6345733,Coffee,1,2.0,2.0,UNKNOWN,In-store,2023-11-26,Sunday,November
2080,TXN_5834491,Tea,3,1.5,4.5,UNKNOWN,UNKNOWN,2023-08-13,Sunday,August
2081,TXN_1667192,Cake,4,3.0,12.0,UNKNOWN,Takeaway,2023-07-17,Monday,July
2082,TXN_1454730,Coffee,5,2.0,10.0,UNKNOWN,Takeaway,2023-07-21,Friday,July
2083,TXN_3243832,Cake,2,3.0,6.0,UNKNOWN,UNKNOWN,2023-08-10,Thursday,August
2084,TXN_7501717,Sandwich,1,4.0,4.0,Credit Card,UNKNOWN,2023-08-03,Thursday,August
2086,TXN_6117497,Coffee,2,2.0,4.0,Digital Wallet,In-store,2023-02-13,Monday,February
2088,TXN_3818464,Cake,2,3.0,6.0,Cash,In-store,2023-03-02,Thursday,March
2090,TXN_7694020,Cookie,2,1.0,2.0,Digital Wallet,Takeaway,2023-08-06,Sunday,August
2091,TXN_4215488,Salad,5,5.0,25.0,UNKNOWN,In-store,2023-10-07,Saturday,October
2093,TXN_7075261,Juice,1,3.0,3.0,UNKNOWN,UNKNOWN,2023-07-29,Saturday,July
2094,TXN_2694724,Sandwich,2,4.0,8.0,Digital Wallet,UNKNOWN,2023-06-26,Monday,June
2095,TXN_8285304,Cookie,1,1.0,1.0,Cash,UNKNOWN,2023-07-09,Sunday,July
2096,TXN_7415686,Sandwich,3,4.0,12.0,Credit Card,In-store,2023-04-13,Thursday,April
2097,TXN_8877644,Cookie,2,1.0,2.0,UNKNOWN,Takeaway,2023-09-01,Friday,September
2098,TXN_7231548,Smoothie,3,4.0,12.0,Credit Card,In-store,2023-11-06,Monday,November
2099,TXN_2879361,Juice,3,3.0,9.0,UNKNOWN,Takeaway,2023-11-22,Wednesday,November
2100,TXN_5956755,Sandwich,5,4.0,20.0,Digital Wallet,Takeaway,2023-03-05,Sunday,March
2101,TXN_6124342,Cake,3,3.0,9.0,UNKNOWN,Takeaway,2023-09-14,Thursday,September
2102,TXN_3824443,Smoothie,3,4.0,12.0,UNKNOWN,In-store,2023-10-08,Sunday,October
2103,TXN_6778177,Cookie,4,1.0,4.0,UNKNOWN,Takeaway,2023-10-12,Thursday,October
2104,TXN_2634410,Smoothie,3,4.0,12.0,UNKNOWN,UNKNOWN,2023-07-15,Saturday,July
2105,TXN_6975750,Juice,5,3.0,15.0,UNKNOWN,UNKNOWN,2023-01-08,Sunday,January
2108,TXN_3484190,Coffee,5,2.0,10.0,Digital Wallet,UNKNOWN,2023-12-27,Wednesday,December
2110,TXN_5429861,Cake,1,3.0,3.0,Digital Wallet,UNKNOWN,2023-03-20,Monday,March
2113,TXN_9813943,Salad,2,5.0,10.0,Cash,UNKNOWN,2023-04-06,Thursday,April
2114,TXN_2364171,Juice,4,3.0,12.0,Cash,UNKNOWN,2023-05-18,Thursday,May
2115,TXN_8002886,Coffee,5,2.0,10.0,Digital Wallet,Takeaway,2023-05-28,Sunday,May
2116,TXN_9956671,Cake,3,3.0,9.0,Credit Card,UNKNOWN,2023-05-05,Friday,May
2117,TXN_7694491,Salad,3,5.0,15.0,Cash,In-store,2023-09-01,Friday,September
2118,TXN_7517996,Cake,2,3.0,6.0,Cash,UNKNOWN,2023-10-22,Sunday,October
2119,TXN_1655827,Cake,1,3.0,3.0,UNKNOWN,In-store,2023-09-06,Wednesday,September
2120,TXN_6047026,Smoothie,2,4.0,8.0,UNKNOWN,UNKNOWN,2023-03-24,Friday,March
2122,TXN_2764962,Tea,2,1.5,3.0,Credit Card,Takeaway,2023-08-13,Sunday,August
2123,TXN_5396727,Juice,2,3.0,6.0,Credit Card,Takeaway,2023-10-13,Friday,October
2124,TXN_5198827,Tea,5,1.5,7.5,UNKNOWN,UNKNOWN,2023-02-15,Wednesday,February
2125,TXN_8023817,Juice,4,3.0,12.0,UNKNOWN,Takeaway,2023-05-08,Monday,May
2127,TXN_9783452,Juice,3,3.0,9.0,Cash,UNKNOWN,2023-04-11,Tuesday,April
2128,TXN_4171507,Tea,1,1.5,1.5,UNKNOWN,In-store,2023-10-26,Thursday,October
2129,TXN_1491299,Juice,2,3.0,6.0,Credit Card,In-store,2023-02-27,Monday,February
2130,TXN_4187327,Tea,2,1.5,3.0,UNKNOWN,Takeaway,2023-04-01,Saturday,April
2131,TXN_3277379,Salad,2,5.0,10.0,Credit Card,Takeaway,2023-01-06,Friday,January
2132,TXN_2568101,Salad,5,5.0,25.0,Cash,Takeaway,2023-08-03,Thursday,August
2133,TXN_3247340,Tea,3,1.5,4.5,Cash,Takeaway,2023-12-25,Monday,December
2134,TXN_7797321,Sandwich,5,4.0,20.0,UNKNOWN,UNKNOWN,2023-11-26,Sunday,November
2137,TXN_9019429,Smoothie,2,4.0,8.0,Digital Wallet,UNKNOWN,2023-05-11,Thursday,May
2138,TXN_9744862,Juice,4,3.0,12.0,Cash,In-store,2023-09-19,Tuesday,September
2140,TXN_4543880,Salad,3,5.0,15.0,Cash,UNKNOWN,2023-07-18,Tuesday,July
2141,TXN_4064245,Juice,3,3.0,9.0,Credit Card,Takeaway,2023-02-20,Monday,February
2142,TXN_8777692,Coffee,4,2.0,8.0,Credit Card,In-store,2023-12-06,Wednesday,December
2143,TXN_9126502,Smoothie,5,4.0,20.0,Credit Card,UNKNOWN,2023-09-22,Friday,September
2144,TXN_6626427,Cookie,4,1.0,4.0,Digital Wallet,In-store,2023-02-13,Monday,February
2145,TXN_4507755,Cake,2,3.0,6.0,Digital Wallet,UNKNOWN,2023-05-10,Wednesday,May
2146,TXN_3928766,Juice,5,3.0,15.0,UNKNOWN,Takeaway,2023-01-14,Saturday,January
2147,TXN_9104535,Cake,4,3.0,12.0,UNKNOWN,UNKNOWN,2023-04-13,Thursday,April
2149,TXN_4824773,Salad,5,5.0,25.0,Cash,Takeaway,2023-06-06,Tuesday,June
2151,TXN_6627338,Juice,5,3.0,15.0,UNKNOWN,Takeaway,2023-12-03,Sunday,December
2152,TXN_3555821,Sandwich,3,4.0,12.0,UNKNOWN,In-store,2023-07-12,Wednesday,July
2153,TXN_1372991,Coffee,4,2.0,8.0,UNKNOWN,In-store,2023-11-17,Friday,November
2154,TXN_6364938,Coffee,3,2.0,6.0,Digital Wallet,In-store,2023-07-16,Sunday,July
2155,TXN_3040823,Smoothie,1,4.0,4.0,UNKNOWN,In-store,2023-10-06,Friday,October
2157,TXN_4563646,Juice,5,3.0,15.0,Cash,Takeaway,2023-10-10,Tuesday,October
2160,TXN_9617421,Tea,1,1.5,1.5,UNKNOWN,In-store,2023-08-21,Monday,August
2161,TXN_1738607,Juice,2,3.0,6.0,Credit Card,In-store,2023-01-17,Tuesday,January
2162,TXN_3832513,Salad,1,5.0,5.0,UNKNOWN,Takeaway,2023-02-13,Monday,February
2163,TXN_4128086,Tea,4,1.5,6.0,UNKNOWN,UNKNOWN,2023-05-29,Monday,May
2164,TXN_3927733,Salad,5,5.0,25.0,Credit Card,Takeaway,2023-01-20,Friday,January
2165,TXN_2518917,Cookie,1,1.0,1.0,UNKNOWN,In-store,2023-05-21,Sunday,May
2166,TXN_9489176,Juice,5,3.0,15.0,Digital Wallet,In-store,2023-01-10,Tuesday,January
2167,TXN_2004781,Sandwich,5,4.0,20.0,UNKNOWN,Takeaway,2023-04-20,Thursday,April
2168,TXN_3061266,Cookie,4,1.0,4.0,Credit Card,In-store,2023-12-06,Wednesday,December
2169,TXN_2036482,Cake,1,3.0,3.0,Cash,UNKNOWN,2023-06-04,Sunday,June
2170,TXN_7217284,Salad,3,5.0,15.0,Cash,In-store,2023-12-29,Friday,December
2172,TXN_1386024,Cake,4,3.0,12.0,Credit Card,UNKNOWN,2023-05-21,Sunday,May
2173,TXN_8397155,Salad,4,5.0,20.0,Credit Card,Takeaway,2023-08-16,Wednesday,August
2175,TXN_4301188,Smoothie,4,4.0,16.0,Credit Card,In-store,2023-12-23,Saturday,December
2176,TXN_4522012,Coffee,2,2.0,4.0,UNKNOWN,In-store,2023-04-13,Thursday,April
2177,TXN_4650044,Cookie,4,1.0,4.0,Cash,UNKNOWN,2023-06-21,Wednesday,June
2178,TXN_5721215,Tea,2,1.5,3.0,UNKNOWN,Takeaway,2023-05-17,Wednesday,May
2179,TXN_7865220,Smoothie,1,4.0,4.0,Credit Card,Takeaway,2023-06-28,Wednesday,June
2180,TXN_1869147,Smoothie,4,4.0,16.0,Digital Wallet,UNKNOWN,2023-11-21,Tuesday,November
2181,TXN_3377885,Sandwich,3,4.0,12.0,Cash,UNKNOWN,2023-05-08,Monday,May
2182,TXN_9270865,Smoothie,2,4.0,8.0,Credit Card,Takeaway,2023-11-06,Monday,November
2183,TXN_7373126,Smoothie,2,4.0,8.0,Credit Card,UNKNOWN,2023-11-18,Saturday,November
2184,TXN_8097899,Coffee,4,2.0,8.0,Digital Wallet,UNKNOWN,2023-09-05,Tuesday,September
2186,TXN_1248436,Cake,4,3.0,12.0,Credit Card,Takeaway,2023-08-14,Monday,August
2188,TXN_9063887,Cake,5,3.0,15.0,UNKNOWN,Takeaway,2023-07-15,Saturday,July
2189,TXN_5932169,Salad,5,5.0,25.0,Credit Card,UNKNOWN,2023-11-06,Monday,November
2190,TXN_6064282,Smoothie,4,4.0,16.0,Credit Card,UNKNOWN,2023-10-18,Wednesday,October
2191,TXN_9309509,Tea,5,1.5,7.5,UNKNOWN,UNKNOWN,2023-11-15,Wednesday,November
2192,TXN_5413274,Smoothie,5,4.0,20.0,Credit Card,In-store,2023-02-10,Friday,February
2193,TXN_5902629,Cookie,3,1.0,3.0,Cash,Takeaway,2023-01-26,Thursday,January
2194,TXN_2461859,Sandwich,2,4.0,8.0,Digital Wallet,UNKNOWN,2023-09-23,Saturday,September
2195,TXN_6629689,Sandwich,2,4.0,8.0,Credit Card,In-store,2023-05-29,Monday,May
2196,TXN_2806206,Sandwich,3,4.0,12.0,Cash,UNKNOWN,2023-01-25,Wednesday,January
2197,TXN_8900579,Sandwich,3,4.0,12.0,Credit Card,UNKNOWN,2023-11-01,Wednesday,November
2199,TXN_2982163,Coffee,4,2.0,8.0,UNKNOWN,UNKNOWN,2023-03-22,Wednesday,March
2200,TXN_3225132,Sandwich,3,4.0,12.0,Credit Card,UNKNOWN,2023-06-26,Monday,June
2201,TXN_6522252,Tea,2,1.5,3.0,Digital Wallet,UNKNOWN,2023-01-14,Saturday,January
2202,TXN_5855981,Juice,2,3.0,6.0,Cash,UNKNOWN,2023-11-09,Thursday,November
2203,TXN_4802389,Cake,2,3.0,6.0,UNKNOWN,UNKNOWN,2023-12-14,Thursday,December
2204,TXN_7516790,Cake,2,3.0,6.0,UNKNOWN,UNKNOWN,2023-01-08,Sunday,January
2206,TXN_2345373,Tea,3,1.5,4.5,Credit Card,Takeaway,2023-02-20,Monday,February
2208,TXN_9402270,Coffee,3,2.0,6.0,UNKNOWN,In-store,2023-02-09,Thursday,February
2209,TXN_9306229,Smoothie,2,4.0,8.0,UNKNOWN,UNKNOWN,2023-09-08,Friday,September
2210,TXN_5379179,Cookie,2,1.0,2.0,Digital Wallet,UNKNOWN,2023-07-08,Saturday,July
2211,TXN_1996318,Cake,5,3.0,15.0,Digital Wallet,UNKNOWN,2023-09-04,Monday,September
2212,TXN_2135613,Smoothie,3,4.0,12.0,Digital Wallet,UNKNOWN,2023-04-06,Thursday,April
2213,TXN_1461246,Smoothie,1,4.0,4.0,UNKNOWN,UNKNOWN,2023-06-01,Thursday,June
2214,TXN_2452624,Juice,1,3.0,3.0,Cash,UNKNOWN,2023-11-10,Friday,November
2215,TXN_1108663,Juice,3,3.0,9.0,Cash,Takeaway,2023-08-16,Wednesday,August
2216,TXN_5319247,Sandwich,5,4.0,20.0,UNKNOWN,In-store,2023-03-02,Thursday,March
2217,TXN_3599473,Coffee,2,2.0,4.0,Cash,UNKNOWN,2023-08-29,Tuesday,August
2219,TXN_5591145,Sandwich,3,4.0,12.0,UNKNOWN,Takeaway,2023-08-22,Tuesday,August
2220,TXN_9587015,Salad,3,5.0,15.0,Digital Wallet,In-store,2023-06-25,Sunday,June
2221,TXN_7997641,Smoothie,2,4.0,8.0,UNKNOWN,In-store,2023-12-20,Wednesday,December
2223,TXN_6845472,Smoothie,5,4.0,20.0,Digital Wallet,UNKNOWN,2023-12-11,Monday,December
2224,TXN_2861396,Salad,5,5.0,25.0,Credit Card,UNKNOWN,2023-01-04,Wednesday,January
2225,TXN_6915899,Salad,3,5.0,15.0,Credit Card,In-store,2023-05-29,Monday,May
2228,TXN_5198524,Cake,1,3.0,3.0,Credit Card,In-store,2023-06-14,Wednesday,June
2229,TXN_8498613,Sandwich,2,4.0,8.0,UNKNOWN,UNKNOWN,2023-11-08,Wednesday,November
2230,TXN_3432879,Cake,5,3.0,15.0,Credit Card,UNKNOWN,2023-02-05,Sunday,February
2231,TXN_6786340,Coffee,5,2.0,10.0,Digital Wallet,Takeaway,2023-04-18,Tuesday,April
2232,TXN_8689246,Sandwich,5,4.0,20.0,Credit Card,In-store,2023-05-16,Tuesday,May
2233,TXN_4536553,Tea,2,1.5,3.0,Cash,UNKNOWN,2023-08-17,Thursday,August
2234,TXN_9036067,Cookie,5,1.0,5.0,Credit Card,UNKNOWN,2023-10-06,Friday,October
2235,TXN_4201578,Salad,5,5.0,25.0,UNKNOWN,In-store,2023-01-23,Monday,January
2236,TXN_1249069,Coffee,2,2.0,4.0,UNKNOWN,UNKNOWN,2023-01-22,Sunday,January
2237,TXN_4068183,Smoothie,4,4.0,16.0,Digital Wallet,UNKNOWN,2023-08-01,Tuesday,August
2240,TXN_8936663,Cookie,4,1.0,4.0,Credit Card,UNKNOWN,2023-11-12,Sunday,November
2241,TXN_7771434,Coffee,4,2.0,8.0,Credit Card,UNKNOWN,2023-03-26,Sunday,March
2242,TXN_6087494,Juice,5,3.0,15.0,Credit Card,UNKNOWN,2023-07-05,Wednesday,July
2243,TXN_2252121,Smoothie,3,4.0,12.0,UNKNOWN,UNKNOWN,2023-02-01,Wednesday,February
2244,TXN_5358805,Coffee,5,2.0,10.0,Digital Wallet,UNKNOWN,2023-01-01,Sunday,January
2245,TXN_2490759,Smoothie,3,4.0,12.0,Cash,UNKNOWN,2023-11-19,Sunday,November
2246,TXN_2605566,Cake,2,3.0,6.0,UNKNOWN,UNKNOWN,2023-12-01,Friday,December
2247,TXN_6691781,Coffee,4,2.0,8.0,Credit Card,UNKNOWN,2023-09-07,Thursday,September
2248,TXN_1730850,Juice,2,3.0,6.0,Cash,Takeaway,2023-12-15,Friday,December
2249,TXN_7051359,Coffee,5,2.0,10.0,UNKNOWN,UNKNOWN,2023-10-30,Monday,October
2250,TXN_2202863,Salad,5,5.0,25.0,UNKNOWN,UNKNOWN,2023-07-28,Friday,July
2251,TXN_7145672,Sandwich,1,4.0,4.0,Credit Card,UNKNOWN,2023-10-11,Wednesday,October
2252,TXN_5974123,Sandwich,2,4.0,8.0,Digital Wallet,UNKNOWN,2023-06-25,Sunday,June
2253,TXN_9833245,Cookie,1,1.0,1.0,Digital Wallet,Takeaway,2023-04-30,Sunday,April
2256,TXN_7944534,Tea,2,1.5,3.0,Digital Wallet,In-store,2023-10-13,Friday,October
2257,TXN_6337312,Salad,1,5.0,5.0,UNKNOWN,In-store,2023-01-11,Wednesday,January
2258,TXN_5239202,Cake,1,3.0,3.0,UNKNOWN,UNKNOWN,2023-09-14,Thursday,September
2259,TXN_1512184,Coffee,3,2.0,6.0,UNKNOWN,Takeaway,2023-01-28,Saturday,January
2261,TXN_6811368,Coffee,4,2.0,8.0,UNKNOWN,Takeaway,2023-02-18,Saturday,February
2262,TXN_3854036,Juice,3,3.0,9.0,Cash,UNKNOWN,2023-11-07,Tuesday,November
2263,TXN_3873656,Coffee,3,2.0,6.0,UNKNOWN,Takeaway,2023-09-30,Saturday,September
2264,TXN_8792638,Tea,3,1.5,4.5,Credit Card,Takeaway,2023-07-02,Sunday,July
2265,TXN_7397665,Salad,5,5.0,25.0,Credit Card,Takeaway,2023-11-11,Saturday,November
2266,TXN_3493951,Smoothie,5,4.0,20.0,Cash,Takeaway,2023-08-20,Sunday,August
2269,TXN_7763592,Smoothie,1,4.0,4.0,UNKNOWN,In-store,2023-02-17,Friday,February
2271,TXN_1860406,Coffee,2,2.0,4.0,UNKNOWN,Takeaway,2023-06-17,Saturday,June
2272,TXN_1663257,Juice,3,3.0,9.0,Credit Card,UNKNOWN,2023-04-23,Sunday,April
2273,TXN_2743696,Cookie,1,1.0,1.0,UNKNOWN,UNKNOWN,2023-04-28,Friday,April
2274,TXN_7640700,Juice,2,3.0,6.0,UNKNOWN,UNKNOWN,2023-01-15,Sunday,January
2275,TXN_3227186,Salad,2,5.0,10.0,Digital Wallet,UNKNOWN,2023-05-05,Friday,May
2276,TXN_7917193,Cookie,3,1.0,3.0,Cash,UNKNOWN,2023-05-18,Thursday,May
2277,TXN_2490435,Cookie,1,1.0,1.0,UNKNOWN,UNKNOWN,2023-03-13,Monday,March
2278,TXN_4698656,Smoothie,4,4.0,16.0,UNKNOWN,UNKNOWN,2023-12-07,Thursday,December
2279,TXN_3507334,Juice,4,3.0,12.0,UNKNOWN,UNKNOWN,2023-05-05,Friday,May
2282,TXN_1299959,Smoothie,5,4.0,20.0,Cash,UNKNOWN,2023-06-23,Friday,June
2283,TXN_3680047,Salad,5,5.0,25.0,UNKNOWN,UNKNOWN,2023-07-16,Sunday,July
2285,TXN_4801832,Salad,2,5.0,10.0,UNKNOWN,Takeaway,2023-08-05,Saturday,August
2286,TXN_3425783,Juice,2,3.0,6.0,UNKNOWN,UNKNOWN,2023-06-15,Thursday,June
2288,TXN_8878830,Coffee,4,2.0,8.0,Credit Card,Takeaway,2023-10-11,Wednesday,October
2290,TXN_8295101,Tea,4,1.5,6.0,UNKNOWN,UNKNOWN,2023-10-23,Monday,October
2291,TXN_3303114,Salad,4,5.0,20.0,Credit Card,In-store,2023-06-18,Sunday,June
2292,TXN_2106437,Tea,1,1.5,1.5,Cash,Takeaway,2023-08-01,Tuesday,August
2293,TXN_2291713,Salad,4,5.0,20.0,Cash,In-store,2023-08-06,Sunday,August
2294,TXN_7552449,Cake,3,3.0,9.0,Cash,UNKNOWN,2023-05-26,Friday,May
2295,TXN_9021000,Coffee,3,2.0,6.0,UNKNOWN,UNKNOWN,2023-01-20,Friday,January
2296,TXN_4205369,Salad,5,5.0,25.0,UNKNOWN,Takeaway,2023-07-16,Sunday,July
2297,TXN_4551806,Tea,1,1.5,1.5,UNKNOWN,UNKNOWN,2023-01-09,Monday,January
2298,TXN_5313211,Smoothie,5,4.0,20.0,Credit Card,UNKNOWN,2023-05-04,Thursday,May
2299,TXN_2282283,Cookie,2,1.0,2.0,Digital Wallet,UNKNOWN,2023-02-23,Thursday,February
2300,TXN_3193321,Smoothie,3,4.0,12.0,UNKNOWN,Takeaway,2023-08-15,Tuesday,August
2301,TXN_7211769,Juice,1,3.0,3.0,Credit Card,UNKNOWN,2023-09-11,Monday,September
2303,TXN_1653570,Coffee,5,2.0,10.0,UNKNOWN,Takeaway,2023-10-10,Tuesday,October
2304,TXN_3722720,Salad,2,5.0,10.0,UNKNOWN,In-store,2023-06-27,Tuesday,June
2305,TXN_7624646,Smoothie,2,4.0,8.0,UNKNOWN,UNKNOWN,2023-03-24,Friday,March
2306,TXN_6725579,Tea,2,1.5,3.0,Credit Card,Takeaway,2023-02-21,Tuesday,February
2307,TXN_4015101,Sandwich,1,4.0,4.0,Credit Card,UNKNOWN,2023-01-18,Wednesday,January
2309,TXN_6845225,Tea,4,1.5,6.0,Credit Card,Takeaway,2023-02-21,Tuesday,February
2310,TXN_5214219,Salad,4,5.0,20.0,Credit Card,UNKNOWN,2023-03-22,Wednesday,March
2311,TXN_3388054,Coffee,5,2.0,10.0,Cash,UNKNOWN,2023-11-13,Monday,November
2312,TXN_5817991,Smoothie,4,4.0,16.0,Cash,UNKNOWN,2023-05-24,Wednesday,May
2313,TXN_2916247,Salad,3,5.0,15.0,UNKNOWN,In-store,2023-09-03,Sunday,September
2314,TXN_9798525,Coffee,2,2.0,4.0,Digital Wallet,Takeaway,2023-11-05,Sunday,November
2315,TXN_4974012,Sandwich,5,4.0,20.0,Cash,Takeaway,2023-05-17,Wednesday,May
2316,TXN_7644000,Cake,2,3.0,6.0,UNKNOWN,Takeaway,2023-02-07,Tuesday,February
2317,TXN_1482123,Coffee,1,2.0,2.0,Cash,In-store,2023-06-17,Saturday,June
2318,TXN_5622313,Salad,2,5.0,10.0,Credit Card,In-store,2023-01-07,Saturday,January
2319,TXN_5737831,Juice,4,3.0,12.0,UNKNOWN,Takeaway,2023-05-15,Monday,May
2320,TXN_3446033,Cookie,3,1.0,3.0,Credit Card,UNKNOWN,2023-02-15,Wednesday,February
2321,TXN_6249754,Smoothie,1,4.0,4.0,Credit Card,Takeaway,2023-10-21,Saturday,October
2322,TXN_9729280,Tea,3,1.5,4.5,Credit Card,In-store,2023-11-06,Monday,November
2323,TXN_9551638,Salad,3,5.0,15.0,Cash,UNKNOWN,2023-06-25,Sunday,June
2324,TXN_5158607,Smoothie,4,4.0,16.0,Credit Card,UNKNOWN,2023-03-24,Friday,March
2325,TXN_1045022,Sandwich,4,4.0,16.0,Credit Card,Takeaway,2023-10-13,Friday,October
2329,TXN_4598397,Coffee,4,2.0,8.0,Cash,Takeaway,2023-09-13,Wednesday,September
2331,TXN_9186913,Cookie,2,1.0,2.0,Credit Card,Takeaway,2023-10-16,Monday,October
2332,TXN_9507002,Smoothie,1,4.0,4.0,Cash,Takeaway,2023-05-08,Monday,May
2333,TXN_4423218,Cookie,3,1.0,3.0,Cash,In-store,2023-05-29,Monday,May
2334,TXN_4851339,Sandwich,1,4.0,4.0,Digital Wallet,Takeaway,2023-02-01,Wednesday,February
2335,TXN_3274105,Cookie,5,1.0,5.0,Credit Card,Takeaway,2023-07-28,Friday,July
2336,TXN_2810280,Smoothie,1,4.0,4.0,Digital Wallet,Takeaway,2023-06-25,Sunday,June
2337,TXN_9901424,Cookie,3,1.0,3.0,Digital Wallet,UNKNOWN,2023-05-30,Tuesday,May
2338,TXN_3880417,Cookie,1,1.0,1.0,UNKNOWN,In-store,2023-06-27,Tuesday,June
2339,TXN_3756680,Tea,2,1.5,3.0,Credit Card,UNKNOWN,2023-08-30,Wednesday,August
2341,TXN_8611913,Tea,5,1.5,7.5,Digital Wallet,In-store,2023-07-16,Sunday,July
2343,TXN_9904091,Salad,4,5.0,20.0,UNKNOWN,UNKNOWN,2023-05-20,Saturday,May
2345,TXN_5908857,Smoothie,5,4.0,20.0,UNKNOWN,In-store,2023-06-04,Sunday,June
2346,TXN_4411172,Smoothie,4,4.0,16.0,Cash,UNKNOWN,2023-07-09,Sunday,July
2347,TXN_6841805,Cake,2,3.0,6.0,UNKNOWN,UNKNOWN,2023-02-14,Tuesday,February
2348,TXN_7800236,Salad,3,5.0,15.0,Digital Wallet,UNKNOWN,2023-07-19,Wednesday,July
2349,TXN_2413026,Coffee,1,2.0,2.0,UNKNOWN,Takeaway,2023-04-26,Wednesday,April
2350,TXN_9947479,Smoothie,5,4.0,20.0,Cash,Takeaway,2023-09-27,Wednesday,September
2351,TXN_6403859,Sandwich,5,4.0,20.0,Credit Card,In-store,2023-03-06,Monday,March
2352,TXN_6828371,Smoothie,4,4.0,16.0,UNKNOWN,UNKNOWN,2023-10-20,Friday,October
2353,TXN_8335965,Tea,5,1.5,7.5,Credit Card,UNKNOWN,2023-03-21,Tuesday,March
2355,TXN_9703722,Sandwich,5,4.0,20.0,Digital Wallet,Takeaway,2023-01-11,Wednesday,January
2356,TXN_6259001,Tea,4,1.5,6.0,Digital Wallet,In-store,2023-01-30,Monday,January
2357,TXN_6119081,Coffee,2,2.0,4.0,Cash,In-store,2023-09-27,Wednesday,September
2358,TXN_4811887,Cake,2,3.0,6.0,Cash,In-store,2023-02-11,Saturday,February
2359,TXN_9587814,Juice,3,3.0,9.0,Cash,In-store,2023-01-25,Wednesday,January
2360,TXN_7682605,Tea,5,1.5,7.5,Digital Wallet,UNKNOWN,2023-10-19,Thursday,October
2362,TXN_7946450,Smoothie,1,4.0,4.0,Credit Card,In-store,2023-07-15,Saturday,July
2363,TXN_2611393,Smoothie,3,4.0,12.0,UNKNOWN,UNKNOWN,2023-04-25,Tuesday,April
2364,TXN_2122597,Cake,3,3.0,9.0,Credit Card,UNKNOWN,2023-05-11,Thursday,May
2366,TXN_3267783,Cake,3,3.0,9.0,UNKNOWN,In-store,2023-10-30,Monday,October
2367,TXN_7852397,Tea,3,1.5,4.5,Cash,In-store,2023-08-10,Thursday,August
2368,TXN_8459594,Sandwich,1,4.0,4.0,Credit Card,UNKNOWN,2023-11-07,Tuesday,November
2369,TXN_9190969,Coffee,1,2.0,2.0,UNKNOWN,In-store,2023-10-06,Friday,October
2370,TXN_2982995,Salad,1,5.0,5.0,Credit Card,Takeaway,2023-04-06,Thursday,April
2372,TXN_6490609,Salad,4,5.0,20.0,UNKNOWN,In-store,2023-03-03,Friday,March
2373,TXN_9938260,Smoothie,4,4.0,16.0,UNKNOWN,In-store,2023-03-03,Friday,March
2374,TXN_5486398,Cookie,4,1.0,4.0,Cash,UNKNOWN,2023-05-13,Saturday,May
2375,TXN_5875661,Sandwich,3,4.0,12.0,Credit Card,UNKNOWN,2023-08-12,Saturday,August
2376,TXN_2555823,Cake,4,3.0,12.0,Digital Wallet,UNKNOWN,2023-06-21,Wednesday,June
2377,TXN_4223265,Cake,5,3.0,15.0,Digital Wallet,In-store,2023-06-06,Tuesday,June
2378,TXN_3390072,Tea,1,1.5,1.5,Credit Card,UNKNOWN,2023-05-03,Wednesday,May
2379,TXN_6491662,Coffee,2,2.0,4.0,Digital Wallet,Takeaway,2023-10-06,Friday,October
2381,TXN_9500986,Cookie,2,1.0,2.0,Digital Wallet,Takeaway,2023-05-10,Wednesday,May
2384,TXN_4892303,Sandwich,4,4.0,16.0,UNKNOWN,UNKNOWN,2023-07-16,Sunday,July
2385,TXN_5985451,Sandwich,2,4.0,8.0,UNKNOWN,UNKNOWN,2023-07-24,Monday,July
2386,TXN_6092344,Cookie,5,1.0,5.0,Credit Card,Takeaway,2023-12-04,Monday,December
2387,TXN_1218016,Tea,3,1.5,4.5,Digital Wallet,UNKNOWN,2023-11-26,Sunday,November
2389,TXN_1221777,Coffee,3,2.0,6.0,UNKNOWN,In-store,2023-01-29,Sunday,January
2390,TXN_3691087,Cookie,4,1.0,4.0,UNKNOWN,UNKNOWN,2023-07-11,Tuesday,July
2392,TXN_6336973,Coffee,4,2.0,8.0,Digital Wallet,Takeaway,2023-03-21,Tuesday,March
2393,TXN_5609260,Cookie,5,1.0,5.0,Digital Wallet,In-store,2023-05-02,Tuesday,May
2394,TXN_4242676,Coffee,5,2.0,10.0,Credit Card,Takeaway,2023-11-26,Sunday,November
2395,TXN_6835777,Juice,5,3.0,15.0,Digital Wallet,UNKNOWN,2023-05-11,Thursday,May
2396,TXN_6097706,Sandwich,4,4.0,16.0,Cash,Takeaway,2023-02-15,Wednesday,February
2397,TXN_5496581,Juice,1,3.0,3.0,Credit Card,UNKNOWN,2023-08-11,Friday,August
2398,TXN_2897468,Salad,2,5.0,10.0,Cash,UNKNOWN,2023-10-10,Tuesday,October
2399,TXN_3260087,Salad,5,5.0,25.0,UNKNOWN,UNKNOWN,2023-04-20,Thursday,April
2400,TXN_2047672,Sandwich,1,4.0,4.0,Credit Card,In-store,2023-01-25,Wednesday,January
2401,TXN_6893490,Coffee,3,2.0,6.0,Credit Card,Takeaway,2023-03-17,Friday,March
2402,TXN_3743336,Salad,2,5.0,10.0,Digital Wallet,UNKNOWN,2023-02-21,Tuesday,February
2403,TXN_6851654,Salad,1,5.0,5.0,Digital Wallet,Takeaway,2023-01-25,Wednesday,January
2404,TXN_8510511,Coffee,4,2.0,8.0,UNKNOWN,UNKNOWN,2023-10-06,Friday,October
2405,TXN_2092306,Juice,4,3.0,12.0,UNKNOWN,In-store,2023-04-01,Saturday,April
2406,TXN_7345190,Smoothie,4,4.0,16.0,Digital Wallet,UNKNOWN,2023-02-20,Monday,February
2407,TXN_6647319,Juice,5,3.0,15.0,Credit Card,UNKNOWN,2023-10-23,Monday,October
2408,TXN_5889912,Salad,1,5.0,5.0,Cash,In-store,2023-09-26,Tuesday,September
2409,TXN_4483304,Smoothie,4,4.0,16.0,Credit Card,Takeaway,2023-11-08,Wednesday,November
2410,TXN_3720223,Cake,4,3.0,12.0,Cash,Takeaway,2023-10-22,Sunday,October
2411,TXN_4506778,Cake,3,3.0,9.0,Digital Wallet,UNKNOWN,2023-04-21,Friday,April
2412,TXN_8226226,Sandwich,1,4.0,4.0,UNKNOWN,In-store,2023-07-30,Sunday,July
2413,TXN_9723120,Tea,5,1.5,7.5,Credit Card,UNKNOWN,2023-01-26,Thursday,January
2414,TXN_2726676,Coffee,3,2.0,6.0,Digital Wallet,In-store,2023-08-10,Thursday,August
2416,TXN_3327212,Tea,2,1.5,3.0,Credit Card,UNKNOWN,2023-12-20,Wednesday,December
2417,TXN_3558795,Smoothie,1,4.0,4.0,Cash,In-store,2023-05-30,Tuesday,May
2418,TXN_9989242,Sandwich,4,4.0,16.0,UNKNOWN,UNKNOWN,2023-09-12,Tuesday,September
2419,TXN_2035772,Cookie,2,1.0,2.0,Cash,UNKNOWN,2023-01-17,Tuesday,January
2420,TXN_2711627,Smoothie,5,4.0,20.0,Cash,UNKNOWN,2023-11-09,Thursday,November
2421,TXN_2804828,Cake,3,3.0,9.0,Cash,UNKNOWN,2023-02-25,Saturday,February
2422,TXN_3869958,Cake,1,3.0,3.0,Digital Wallet,UNKNOWN,2023-01-11,Wednesday,January
2423,TXN_9684465,Cake,5,3.0,15.0,UNKNOWN,Takeaway,2023-02-15,Wednesday,February
2425,TXN_6476304,Sandwich,2,4.0,8.0,Credit Card,UNKNOWN,2023-03-17,Friday,March
2426,TXN_3893927,Salad,4,5.0,20.0,UNKNOWN,In-store,2023-09-14,Thursday,September
2427,TXN_5947976,Coffee,3,2.0,6.0,UNKNOWN,In-store,2023-05-21,Sunday,May
2428,TXN_4139983,Tea,5,1.5,7.5,Cash,Takeaway,2023-10-16,Monday,October
2429,TXN_4571222,Cookie,2,1.0,2.0,Credit Card,UNKNOWN,2023-03-21,Tuesday,March
2430,TXN_6484542,Salad,5,5.0,25.0,Credit Card,UNKNOWN,2023-05-18,Thursday,May
2431,TXN_5183630,Coffee,4,2.0,8.0,UNKNOWN,In-store,2023-02-15,Wednesday,February
2432,TXN_5562799,Cookie,5,1.0,5.0,UNKNOWN,UNKNOWN,2023-10-25,Wednesday,October
2434,TXN_6404625,Cake,5,3.0,15.0,Credit Card,UNKNOWN,2023-04-24,Monday,April
2435,TXN_5327102,Cookie,2,1.0,2.0,UNKNOWN,UNKNOWN,2023-07-16,Sunday,July
2438,TXN_6540284,Juice,1,3.0,3.0,UNKNOWN,UNKNOWN,2023-04-24,Monday,April
2440,TXN_3670939,Tea,3,1.5,4.5,Cash,UNKNOWN,2023-07-13,Thursday,July
2441,TXN_2935871,Cookie,4,1.0,4.0,Cash,Takeaway,2023-07-07,Friday,July
2442,TXN_1610204,Cake,1,3.0,3.0,UNKNOWN,Takeaway,2023-02-19,Sunday,February
2443,TXN_8372268,Salad,2,5.0,10.0,UNKNOWN,Takeaway,2023-06-15,Thursday,June
2444,TXN_1239021,Sandwich,5,4.0,20.0,Credit Card,UNKNOWN,2023-09-15,Friday,September
2445,TXN_1863866,Smoothie,1,4.0,4.0,Cash,UNKNOWN,2023-10-03,Tuesday,October
2446,TXN_4630854,Tea,1,1.5,1.5,Digital Wallet,UNKNOWN,2023-02-10,Friday,February
2447,TXN_6183842,Tea,3,1.5,4.5,UNKNOWN,UNKNOWN,2023-09-15,Friday,September
2448,TXN_5355693,Smoothie,1,4.0,4.0,UNKNOWN,UNKNOWN,2023-12-03,Sunday,December
2449,TXN_8284910,Smoothie,1,4.0,4.0,Cash,In-store,2023-07-19,Wednesday,July
2450,TXN_4408913,Salad,2,5.0,10.0,Cash,UNKNOWN,2023-08-24,Thursday,August
2451,TXN_2123573,Coffee,5,2.0,10.0,Digital Wallet,Takeaway,2023-01-09,Monday,January
2452,TXN_8036176,Cookie,4,1.0,4.0,Credit Card,Takeaway,2023-06-20,Tuesday,June
2454,TXN_2490185,Salad,4,5.0,20.0,Credit Card,In-store,2023-12-18,Monday,December
2455,TXN_6295420,Juice,1,3.0,3.0,Digital Wallet,Takeaway,2023-09-27,Wednesday,September
2456,TXN_1542042,Cake,4,3.0,12.0,Credit Card,Takeaway,2023-07-26,Wednesday,July
2457,TXN_7716125,Cookie,2,1.0,2.0,Digital Wallet,UNKNOWN,2023-05-17,Wednesday,May
2458,TXN_6579109,Juice,1,3.0,3.0,Credit Card,Takeaway,2023-02-22,Wednesday,February
2459,TXN_5577030,Cookie,4,1.0,4.0,Digital Wallet,Takeaway,2023-02-15,Wednesday,February
2460,TXN_3910230,Sandwich,5,4.0,20.0,Cash,Takeaway,2023-01-05,Thursday,January
2461,TXN_8031804,Coffee,4,2.0,8.0,Credit Card,UNKNOWN,2023-07-01,Saturday,July
2463,TXN_6755107,Smoothie,2,4.0,8.0,Digital Wallet,UNKNOWN,2023-11-14,Tuesday,November
2464,TXN_5153899,Tea,3,1.5,4.5,UNKNOWN,Takeaway,2023-03-01,Wednesday,March
2465,TXN_5632156,Sandwich,4,4.0,16.0,Digital Wallet,UNKNOWN,2023-08-02,Wednesday,August
2466,TXN_9861782,Sandwich,4,4.0,16.0,Credit Card,In-store,2023-07-15,Saturday,July
2467,TXN_8861275,Smoothie,2,4.0,8.0,UNKNOWN,In-store,2023-10-31,Tuesday,October
2468,TXN_8961155,Cake,5,3.0,15.0,Cash,Takeaway,2023-09-06,Wednesday,September
2469,TXN_6112765,Coffee,2,2.0,4.0,Credit Card,Takeaway,2023-07-21,Friday,July
2470,TXN_7090563,Smoothie,3,4.0,12.0,UNKNOWN,In-store,2023-08-17,Thursday,August
2471,TXN_9737090,Sandwich,3,4.0,12.0,UNKNOWN,In-store,2023-06-01,Thursday,June
2472,TXN_2847831,Coffee,1,2.0,2.0,Cash,In-store,2023-02-19,Sunday,February
2473,TXN_3385167,Tea,3,1.5,4.5,Cash,In-store,2023-04-26,Wednesday,April
2474,TXN_1938071,Sandwich,4,4.0,16.0,Credit Card,In-store,2023-12-25,Monday,December
2475,TXN_8774692,Tea,5,1.5,7.5,Digital Wallet,UNKNOWN,2023-07-12,Wednesday,July
2476,TXN_4887268,Salad,1,5.0,5.0,Credit Card,In-store,2023-10-16,Monday,October
2477,TXN_9506372,Cake,4,3.0,12.0,UNKNOWN,UNKNOWN,2023-11-06,Monday,November
2478,TXN_6651961,Salad,4,5.0,20.0,Credit Card,In-store,2023-02-08,Wednesday,February
2479,TXN_2537138,Cake,3,3.0,9.0,UNKNOWN,UNKNOWN,2023-10-24,Tuesday,October
2480,TXN_2015313,Salad,5,5.0,25.0,Cash,UNKNOWN,2023-10-18,Wednesday,October
2481,TXN_5604797,Coffee,1,2.0,2.0,Cash,In-store,2023-10-13,Friday,October
2482,TXN_6303383,Cake,4,3.0,12.0,Digital Wallet,In-store,2023-09-22,Friday,September
2485,TXN_5403707,Smoothie,3,4.0,12.0,Cash,In-store,2023-03-20,Monday,March
2486,TXN_4084052,Juice,2,3.0,6.0,Digital Wallet,In-store,2023-06-30,Friday,June
2488,TXN_4000025,Tea,5,1.5,7.5,UNKNOWN,Takeaway,2023-06-12,Monday,June
2489,TXN_7113656,Juice,2,3.0,6.0,Credit Card,Takeaway,2023-01-22,Sunday,January
2490,TXN_6039235,Juice,2,3.0,6.0,Digital Wallet,UNKNOWN,2023-06-25,Sunday,June
2491,TXN_6621756,Cookie,1,1.0,1.0,UNKNOWN,UNKNOWN,2023-11-14,Tuesday,November
2492,TXN_3923847,Cake,2,3.0,6.0,Credit Card,UNKNOWN,2023-09-12,Tuesday,September
2493,TXN_3226989,Salad,1,5.0,5.0,Credit Card,Takeaway,2023-04-17,Monday,April
2494,TXN_1523567,Salad,3,5.0,15.0,Digital Wallet,Takeaway,2023-11-22,Wednesday,November
2495,TXN_8751289,Tea,2,1.5,3.0,Cash,In-store,2023-09-10,Sunday,September
2496,TXN_9996195,Juice,5,3.0,15.0,Digital Wallet,In-store,2023-03-16,Thursday,March
2497,TXN_2151688,Cake,5,3.0,15.0,UNKNOWN,UNKNOWN,2023-09-29,Friday,September
2498,TXN_4243591,Cake,4,3.0,12.0,Credit Card,In-store,2023-10-11,Wednesday,October
2499,TXN_4138399,Cookie,5,1.0,5.0,Credit Card,Takeaway,2023-07-03,Monday,July
2500,TXN_1724233,Cookie,5,1.0,5.0,Digital Wallet,Takeaway,2023-02-01,Wednesday,February
2501,TXN_1564506,Smoothie,5,4.0,20.0,Digital Wallet,In-store,2023-02-01,Wednesday,February
2502,TXN_3520982,Salad,5,5.0,25.0,UNKNOWN,UNKNOWN,2023-10-26,Thursday,October
2504,TXN_8936591,Cookie,5,1.0,5.0,UNKNOWN,In-store,2023-03-22,Wednesday,March
2505,TXN_7622389,Tea,4,1.5,6.0,Digital Wallet,In-store,2023-02-26,Sunday,February
2506,TXN_2896048,Tea,4,1.5,6.0,Cash,UNKNOWN,2023-05-17,Wednesday,May
2507,TXN_2204457,Coffee,4,2.0,8.0,Cash,Takeaway,2023-01-06,Friday,January
2508,TXN_1319834,Cookie,1,1.0,1.0,UNKNOWN,UNKNOWN,2023-03-31,Friday,March
2510,TXN_7503593,Cookie,5,1.0,5.0,Digital Wallet,Takeaway,2023-04-19,Wednesday,April
2511,TXN_4076463,Cookie,3,1.0,3.0,Digital Wallet,UNKNOWN,2023-06-25,Sunday,June
2512,TXN_1901704,Salad,5,5.0,25.0,Cash,UNKNOWN,2023-11-17,Friday,November
2513,TXN_5589433,Cake,2,3.0,6.0,Cash,In-store,2023-03-13,Monday,March
2514,TXN_4386732,Smoothie,4,4.0,16.0,Cash,UNKNOWN,2023-08-01,Tuesday,August
2517,TXN_8043642,Salad,4,5.0,20.0,Cash,In-store,2023-06-12,Monday,June
2518,TXN_1223805,Juice,3,3.0,9.0,UNKNOWN,In-store,2023-07-04,Tuesday,July
2520,TXN_9551491,Salad,1,5.0,5.0,UNKNOWN,UNKNOWN,2023-07-13,Thursday,July
2521,TXN_3033987,Cake,4,3.0,12.0,Cash,UNKNOWN,2023-03-13,Monday,March
2522,TXN_2732570,Cookie,3,1.0,3.0,Digital Wallet,UNKNOWN,2023-06-23,Friday,June
2523,TXN_9104781,Sandwich,2,4.0,8.0,UNKNOWN,UNKNOWN,2023-07-03,Monday,July
2524,TXN_7876775,Coffee,5,2.0,10.0,UNKNOWN,Takeaway,2023-02-09,Thursday,February
2525,TXN_7566250,Salad,3,5.0,15.0,UNKNOWN,Takeaway,2023-06-04,Sunday,June
2526,TXN_3365018,Juice,5,3.0,15.0,Cash,Takeaway,2023-02-06,Monday,February
2527,TXN_1487762,Tea,3,1.5,4.5,UNKNOWN,UNKNOWN,2023-02-07,Tuesday,February
2528,TXN_4592205,Cookie,3,1.0,3.0,Credit Card,In-store,2023-12-30,Saturday,December
2529,TXN_6660755,Cookie,2,1.0,2.0,Credit Card,In-store,2023-05-16,Tuesday,May
2530,TXN_3750900,Tea,2,1.5,3.0,Credit Card,In-store,2023-04-03,Monday,April
2531,TXN_3290872,Cake,2,3.0,6.0,Credit Card,In-store,2023-06-13,Tuesday,June
2532,TXN_6378158,Salad,5,5.0,25.0,Credit Card,In-store,2023-06-17,Saturday,June
2533,TXN_8800818,Cake,2,3.0,6.0,Digital Wallet,UNKNOWN,2023-09-28,Thursday,September
2534,TXN_5707386,Tea,5,1.5,7.5,UNKNOWN,Takeaway,2023-06-28,Wednesday,June
2535,TXN_1145592,Juice,1,3.0,3.0,Credit Card,Takeaway,2023-09-11,Monday,September
2536,TXN_2670487,Coffee,3,2.0,6.0,Digital Wallet,UNKNOWN,2023-10-20,Friday,October
2537,TXN_9485101,Cookie,2,1.0,2.0,Cash,Takeaway,2023-11-01,Wednesday,November
2538,TXN_9667219,Juice,4,3.0,12.0,Cash,In-store,2023-10-09,Monday,October
2539,TXN_3119835,Tea,2,1.5,3.0,Digital Wallet,In-store,2023-03-01,Wednesday,March
2541,TXN_7014091,Coffee,5,2.0,10.0,Cash,In-store,2023-11-26,Sunday,November
2542,TXN_7107807,Cookie,1,1.0,1.0,Digital Wallet,UNKNOWN,2023-11-01,Wednesday,November
2543,TXN_5698925,Juice,2,3.0,6.0,UNKNOWN,In-store,2023-04-08,Saturday,April
2544,TXN_6662213,Sandwich,4,4.0,16.0,Digital Wallet,UNKNOWN,2023-01-18,Wednesday,January
2545,TXN_1336900,Coffee,5,2.0,10.0,Credit Card,UNKNOWN,2023-01-16,Monday,January
2546,TXN_2250785,Cake,1,3.0,3.0,Cash,UNKNOWN,2023-03-19,Sunday,March
2547,TXN_8122340,Coffee,4,2.0,8.0,Credit Card,UNKNOWN,2023-06-09,Friday,June
2548,TXN_9911498,Coffee,4,2.0,8.0,Cash,In-store,2023-03-27,Monday,March
2550,TXN_3741325,Sandwich,5,4.0,20.0,Digital Wallet,UNKNOWN,2023-07-04,Tuesday,July
2551,TXN_8658970,Salad,3,5.0,15.0,Credit Card,UNKNOWN,2023-09-03,Sunday,September
2552,TXN_2887971,Smoothie,2,4.0,8.0,Digital Wallet,UNKNOWN,2023-06-26,Monday,June
2553,TXN_9865855,Coffee,3,2.0,6.0,Digital Wallet,Takeaway,2023-04-18,Tuesday,April
2554,TXN_2217295,Juice,4,3.0,12.0,Credit Card,In-store,2023-11-22,Wednesday,November
2555,TXN_8913492,Sandwich,4,4.0,16.0,Credit Card,In-store,2023-12-25,Monday,December
2556,TXN_5625086,Sandwich,1,4.0,4.0,Credit Card,In-store,2023-06-17,Saturday,June
2558,TXN_5767429,Cake,2,3.0,6.0,UNKNOWN,UNKNOWN,2023-03-19,Sunday,March
2560,TXN_4435352,Salad,2,5.0,10.0,Credit Card,UNKNOWN,2023-05-03,Wednesday,May
2561,TXN_1009421,Cookie,4,1.0,4.0,Cash,Takeaway,2023-02-21,Tuesday,February
2562,TXN_5369243,Smoothie,4,4.0,16.0,Cash,Takeaway,2023-11-16,Thursday,November
2567,TXN_1827212,Sandwich,5,4.0,20.0,UNKNOWN,UNKNOWN,2023-12-22,Friday,December
2568,TXN_4809548,Smoothie,3,4.0,12.0,UNKNOWN,Takeaway,2023-11-04,Saturday,November
2569,TXN_2224935,Coffee,1,2.0,2.0,Digital Wallet,UNKNOWN,2023-04-15,Saturday,April
2570,TXN_7580441,Coffee,1,2.0,2.0,Cash,UNKNOWN,2023-08-09,Wednesday,August
2571,TXN_4897993,Sandwich,4,4.0,16.0,UNKNOWN,In-store,2023-12-07,Thursday,December
2572,TXN_9522045,Coffee,3,2.0,6.0,UNKNOWN,UNKNOWN,2023-05-30,Tuesday,May
2573,TXN_6128966,Sandwich,3,4.0,12.0,UNKNOWN,UNKNOWN,2023-12-18,Monday,December
2574,TXN_5475746,Cake,3,3.0,9.0,Credit Card,In-store,2023-08-20,Sunday,August
2575,TXN_6071339,Coffee,5,2.0,10.0,Cash,Takeaway,2023-10-17,Tuesday,October
2576,TXN_9540864,Cookie,2,1.0,2.0,Digital Wallet,Takeaway,2023-08-07,Monday,August
2577,TXN_6389404,Juice,5,3.0,15.0,Digital Wallet,In-store,2023-11-20,Monday,November
2579,TXN_8199524,Cake,5,3.0,15.0,Cash,UNKNOWN,2023-12-01,Friday,December
2580,TXN_1212652,Juice,3,3.0,9.0,Credit Card,UNKNOWN,2023-01-30,Monday,January
2581,TXN_1799247,Coffee,3,2.0,6.0,UNKNOWN,UNKNOWN,2023-01-25,Wednesday,January
2582,TXN_5745054,Smoothie,1,4.0,4.0,Credit Card,UNKNOWN,2023-01-26,Thursday,January
2584,TXN_3499226,Juice,1,3.0,3.0,Credit Card,Takeaway,2023-09-08,Friday,September
2585,TXN_1259340,Tea,3,1.5,4.5,Digital Wallet,UNKNOWN,2023-02-24,Friday,February
2586,TXN_3893480,Cookie,3,1.0,3.0,UNKNOWN,UNKNOWN,2023-12-24,Sunday,December
2588,TXN_8295765,Cake,4,3.0,12.0,UNKNOWN,Takeaway,2023-04-05,Wednesday,April
2589,TXN_1324760,Tea,4,1.5,6.0,Cash,In-store,2023-01-18,Wednesday,January
2590,TXN_8292441,Salad,1,5.0,5.0,Cash,Takeaway,2023-09-15,Friday,September
2591,TXN_6663486,Coffee,3,2.0,6.0,UNKNOWN,UNKNOWN,2023-11-02,Thursday,November
2592,TXN_9423451,Coffee,1,2.0,2.0,UNKNOWN,UNKNOWN,2023-10-22,Sunday,October
2593,TXN_3792125,Salad,5,5.0,25.0,Credit Card,In-store,2023-08-25,Friday,August
2594,TXN_7021504,Cookie,2,1.0,2.0,UNKNOWN,In-store,2023-05-31,Wednesday,May
2595,TXN_8608811,Cake,5,3.0,15.0,Credit Card,Takeaway,2023-01-05,Thursday,January
2597,TXN_4368729,Coffee,3,2.0,6.0,Digital Wallet,In-store,2023-06-11,Sunday,June
2598,TXN_5072156,Tea,3,1.5,4.5,Digital Wallet,Takeaway,2023-07-24,Monday,July
2600,TXN_4877933,Juice,5,3.0,15.0,Digital Wallet,In-store,2023-01-12,Thursday,January
2601,TXN_8854384,Juice,5,3.0,15.0,Cash,Takeaway,2023-08-12,Saturday,August
2602,TXN_3308378,Cookie,4,1.0,4.0,Digital Wallet,UNKNOWN,2023-04-28,Friday,April
2603,TXN_4355766,Cookie,5,1.0,5.0,Digital Wallet,UNKNOWN,2023-11-07,Tuesday,November
2604,TXN_5644235,Salad,4,5.0,20.0,Cash,In-store,2023-03-25,Saturday,March
2605,TXN_5331285,Sandwich,3,4.0,12.0,Digital Wallet,UNKNOWN,2023-03-12,Sunday,March
2606,TXN_7620397,Cookie,4,1.0,4.0,UNKNOWN,UNKNOWN,2023-12-24,Sunday,December
2607,TXN_1214868,Juice,4,3.0,12.0,Cash,In-store,2023-07-30,Sunday,July
2608,TXN_5117595,Smoothie,4,4.0,16.0,Cash,In-store,2023-02-05,Sunday,February
2609,TXN_9708144,Smoothie,3,4.0,12.0,Cash,UNKNOWN,2023-04-18,Tuesday,April
2611,TXN_3589166,Tea,1,1.5,1.5,UNKNOWN,UNKNOWN,2023-02-02,Thursday,February
2612,TXN_3943672,Sandwich,4,4.0,16.0,Credit Card,UNKNOWN,2023-10-21,Saturday,October
2613,TXN_8988279,Smoothie,2,4.0,8.0,UNKNOWN,In-store,2023-08-08,Tuesday,August
2614,TXN_4269933,Smoothie,2,4.0,8.0,UNKNOWN,Takeaway,2023-03-28,Tuesday,March
2615,TXN_2234460,Tea,2,1.5,3.0,UNKNOWN,Takeaway,2023-08-15,Tuesday,August
2616,TXN_4356564,Coffee,2,2.0,4.0,Credit Card,Takeaway,2023-10-05,Thursday,October
2618,TXN_9469735,Cake,1,3.0,3.0,UNKNOWN,In-store,2023-12-31,Sunday,December
2619,TXN_6762250,Cookie,2,1.0,2.0,Digital Wallet,Takeaway,2023-06-17,Saturday,June
2620,TXN_8553273,Juice,5,3.0,15.0,Cash,In-store,2023-01-15,Sunday,January
2621,TXN_8713971,Tea,1,1.5,1.5,Cash,UNKNOWN,2023-08-26,Saturday,August
2622,TXN_4076575,Smoothie,3,4.0,12.0,UNKNOWN,Takeaway,2023-01-18,Wednesday,January
2623,TXN_2432379,Coffee,1,2.0,2.0,Credit Card,In-store,2023-10-24,Tuesday,October
2626,TXN_5908104,Sandwich,2,4.0,8.0,Credit Card,UNKNOWN,2023-05-12,Friday,May
2627,TXN_1355212,Coffee,2,2.0,4.0,UNKNOWN,UNKNOWN,2023-05-25,Thursday,May
2628,TXN_2155393,Juice,2,3.0,6.0,Digital Wallet,In-store,2023-07-12,Wednesday,July
2630,TXN_9449037,Coffee,4,2.0,8.0,UNKNOWN,Takeaway,2023-04-30,Sunday,April
2631,TXN_3114654,Juice,3,3.0,9.0,UNKNOWN,In-store,2023-12-01,Friday,December
2632,TXN_5837801,Salad,1,5.0,5.0,Credit Card,In-store,2023-01-25,Wednesday,January
2633,TXN_1336470,Tea,1,1.5,1.5,Cash,UNKNOWN,2023-12-22,Friday,December
2634,TXN_2544724,Cake,5,3.0,15.0,Digital Wallet,Takeaway,2023-12-28,Thursday,December
2635,TXN_1035504,Smoothie,2,4.0,8.0,Digital Wallet,Takeaway,2023-03-30,Thursday,March
2636,TXN_2576799,Juice,1,3.0,3.0,Cash,UNKNOWN,2023-03-12,Sunday,March
2637,TXN_4659155,Juice,1,3.0,3.0,UNKNOWN,UNKNOWN,2023-04-13,Thursday,April
2638,TXN_9781961,Coffee,1,2.0,2.0,Credit Card,In-store,2023-12-01,Friday,December
2639,TXN_5313347,Cookie,2,1.0,2.0,Digital Wallet,Takeaway,2023-12-10,Sunday,December
2640,TXN_7926510,Salad,4,5.0,20.0,Cash,UNKNOWN,2023-10-03,Tuesday,October
2642,TXN_6736084,Juice,1,3.0,3.0,UNKNOWN,Takeaway,2023-04-19,Wednesday,April
2643,TXN_5573731,Sandwich,4,4.0,16.0,Cash,UNKNOWN,2023-01-15,Sunday,January
2644,TXN_2760327,Salad,1,5.0,5.0,UNKNOWN,Takeaway,2023-02-16,Thursday,February
2645,TXN_5540067,Tea,4,1.5,6.0,UNKNOWN,UNKNOWN,2023-08-24,Thursday,August
2646,TXN_7585599,Cake,1,3.0,3.0,Credit Card,UNKNOWN,2023-01-12,Thursday,January
2648,TXN_1635631,Cookie,4,1.0,4.0,Credit Card,UNKNOWN,2023-07-04,Tuesday,July
2649,TXN_8907996,Sandwich,4,4.0,16.0,Cash,In-store,2023-02-19,Sunday,February
2650,TXN_3206049,Coffee,4,2.0,8.0,UNKNOWN,UNKNOWN,2023-03-27,Monday,March
2651,TXN_4620647,Coffee,1,2.0,2.0,Digital Wallet,UNKNOWN,2023-07-15,Saturday,July
2652,TXN_5348915,Juice,1,3.0,3.0,Digital Wallet,Takeaway,2023-07-09,Sunday,July
2653,TXN_4036214,Cake,2,3.0,6.0,Credit Card,UNKNOWN,2023-10-17,Tuesday,October
2654,TXN_6323914,Juice,1,3.0,3.0,Credit Card,In-store,2023-03-19,Sunday,March
2655,TXN_7804128,Sandwich,5,4.0,20.0,Digital Wallet,In-store,2023-02-12,Sunday,February
2657,TXN_2930752,Cake,2,3.0,6.0,Credit Card,UNKNOWN,2023-03-04,Saturday,March
2658,TXN_3477101,Cookie,4,1.0,4.0,UNKNOWN,Takeaway,2023-05-02,Tuesday,May
2659,TXN_2210265,Juice,2,3.0,6.0,Credit Card,Takeaway,2023-06-14,Wednesday,June
2660,TXN_5534515,Smoothie,1,4.0,4.0,Credit Card,Takeaway,2023-02-09,Thursday,February
2661,TXN_9561380,Sandwich,1,4.0,4.0,Digital Wallet,Takeaway,2023-08-11,Friday,August
2662,TXN_3038078,Cookie,1,1.0,1.0,Credit Card,Takeaway,2023-04-06,Thursday,April
2663,TXN_5652473,Smoothie,4,4.0,16.0,UNKNOWN,UNKNOWN,2023-03-19,Sunday,March
2664,TXN_5222822,Salad,1,5.0,5.0,UNKNOWN,In-store,2023-11-20,Monday,November
2665,TXN_6238191,Smoothie,4,4.0,16.0,UNKNOWN,In-store,2023-10-27,Friday,October
2666,TXN_1244593,Salad,5,5.0,25.0,UNKNOWN,In-store,2023-04-11,Tuesday,April
2667,TXN_9749175,Cake,1,3.0,3.0,Credit Card,In-store,2023-09-07,Thursday,September
2668,TXN_4502314,Cookie,3,1.0,3.0,Credit Card,UNKNOWN,2023-06-02,Friday,June
2670,TXN_3703964,Sandwich,2,4.0,8.0,Credit Card,Takeaway,2023-09-23,Saturday,September
2671,TXN_1554195,Smoothie,2,4.0,8.0,Digital Wallet,UNKNOWN,2023-10-22,Sunday,October
2672,TXN_1025152,Cookie,4,1.0,4.0,UNKNOWN,UNKNOWN,2023-08-19,Saturday,August
2673,TXN_3429942,Smoothie,3,4.0,12.0,Digital Wallet,In-store,2023-04-24,Monday,April
2675,TXN_8944175,Salad,3,5.0,15.0,Digital Wallet,UNKNOWN,2023-11-30,Thursday,November
2676,TXN_4680399,Juice,5,3.0,15.0,Digital Wallet,UNKNOWN,2023-04-07,Friday,April
2677,TXN_5328065,Cake,5,3.0,15.0,Cash,UNKNOWN,2023-09-18,Monday,September
2678,TXN_9202496,Cake,5,3.0,15.0,Credit Card,In-store,2023-07-19,Wednesday,July
2679,TXN_2914953,Cake,2,3.0,6.0,Cash,In-store,2023-07-25,Tuesday,July
2680,TXN_6068148,Cake,3,3.0,9.0,UNKNOWN,In-store,2023-08-11,Friday,August
2681,TXN_1216051,Cake,4,3.0,12.0,Digital Wallet,Takeaway,2023-10-28,Saturday,October
2682,TXN_3943327,Juice,1,3.0,3.0,UNKNOWN,UNKNOWN,2023-05-20,Saturday,May
2683,TXN_5268025,Cookie,5,1.0,5.0,Digital Wallet,In-store,2023-05-19,Friday,May
2684,TXN_9952441,Smoothie,1,4.0,4.0,Cash,In-store,2023-09-05,Tuesday,September
2685,TXN_7354271,Cookie,4,1.0,4.0,UNKNOWN,In-store,2023-04-12,Wednesday,April
2686,TXN_3358494,Coffee,5,2.0,10.0,Digital Wallet,Takeaway,2023-06-22,Thursday,June
2687,TXN_2966507,Cookie,3,1.0,3.0,UNKNOWN,In-store,2023-04-25,Tuesday,April
2688,TXN_9752586,Tea,2,1.5,3.0,Digital Wallet,UNKNOWN,2023-06-14,Wednesday,June
2689,TXN_1324968,Cookie,3,1.0,3.0,Credit Card,In-store,2023-01-05,Thursday,January
2690,TXN_8424417,Smoothie,2,4.0,8.0,UNKNOWN,Takeaway,2023-10-21,Saturday,October
2691,TXN_3985920,Salad,5,5.0,25.0,Digital Wallet,In-store,2023-03-29,Wednesday,March
2692,TXN_7335526,Sandwich,4,4.0,16.0,Cash,In-store,2023-06-03,Saturday,June
2693,TXN_5989987,Smoothie,4,4.0,16.0,Cash,UNKNOWN,2023-08-02,Wednesday,August
2694,TXN_8132632,Tea,3,1.5,4.5,UNKNOWN,UNKNOWN,2023-07-26,Wednesday,July
2695,TXN_2408294,Sandwich,4,4.0,16.0,Digital Wallet,In-store,2023-12-26,Tuesday,December
2696,TXN_7380756,Salad,1,5.0,5.0,Digital Wallet,Takeaway,2023-10-16,Monday,October
2697,TXN_1145888,Coffee,4,2.0,8.0,UNKNOWN,UNKNOWN,2023-01-26,Thursday,January
2698,TXN_3845754,Tea,4,1.5,6.0,UNKNOWN,Takeaway,2023-11-25,Saturday,November
2699,TXN_1315214,Tea,2,1.5,3.0,Digital Wallet,In-store,2023-11-03,Friday,November
2700,TXN_7602467,Cookie,1,1.0,1.0,Credit Card,Takeaway,2023-10-17,Tuesday,October
2701,TXN_1672708,Salad,4,5.0,20.0,UNKNOWN,UNKNOWN,2023-04-04,Tuesday,April
2702,TXN_4979250,Tea,3,1.5,4.5,Cash,In-store,2023-11-01,Wednesday,November
2703,TXN_2809397,Salad,2,5.0,10.0,Digital Wallet,Takeaway,2023-09-13,Wednesday,September
2704,TXN_8752130,Juice,2,3.0,6.0,Credit Card,Takeaway,2023-10-23,Monday,October
2705,TXN_7326075,Cookie,1,1.0,1.0,Cash,UNKNOWN,2023-06-12,Monday,June
2707,TXN_9944832,Coffee,3,2.0,6.0,UNKNOWN,UNKNOWN,2023-12-25,Monday,December
2709,TXN_9639317,Cake,3,3.0,9.0,Cash,UNKNOWN,2023-12-28,Thursday,December
2710,TXN_7707761,Tea,3,1.5,4.5,Credit Card,UNKNOWN,2023-03-08,Wednesday,March
2713,TXN_3106811,Juice,3,3.0,9.0,Cash,Takeaway,2023-09-27,Wednesday,September
2714,TXN_3475342,Juice,3,3.0,9.0,UNKNOWN,In-store,2023-04-24,Monday,April
2715,TXN_8017663,Coffee,2,2.0,4.0,UNKNOWN,UNKNOWN,2023-05-18,Thursday,May
2716,TXN_6309965,Cake,5,3.0,15.0,Digital Wallet,Takeaway,2023-06-14,Wednesday,June
2718,TXN_2661443,Juice,2,3.0,6.0,Credit Card,UNKNOWN,2023-06-30,Friday,June
2719,TXN_6954434,Juice,3,3.0,9.0,Cash,Takeaway,2023-02-23,Thursday,February
2720,TXN_3578712,Tea,5,1.5,7.5,Credit Card,UNKNOWN,2023-08-15,Tuesday,August
2721,TXN_6131350,Sandwich,2,4.0,8.0,Credit Card,UNKNOWN,2023-09-28,Thursday,September
2722,TXN_9207050,Cookie,5,1.0,5.0,Digital Wallet,In-store,2023-07-21,Friday,July
2723,TXN_5351656,Tea,1,1.5,1.5,UNKNOWN,Takeaway,2023-03-02,Thursday,March
2724,TXN_8905718,Tea,5,1.5,7.5,UNKNOWN,In-store,2023-09-07,Thursday,September
2725,TXN_1938148,Cake,2,3.0,6.0,Credit Card,Takeaway,2023-06-07,Wednesday,June
2726,TXN_2024598,Sandwich,1,4.0,4.0,Digital Wallet,In-store,2023-01-01,Sunday,January
2727,TXN_7145872,Salad,5,5.0,25.0,Digital Wallet,Takeaway,2023-04-15,Saturday,April
2728,TXN_8140560,Cake,5,3.0,15.0,UNKNOWN,Takeaway,2023-06-29,Thursday,June
2729,TXN_6591756,Cookie,5,1.0,5.0,UNKNOWN,UNKNOWN,2023-03-09,Thursday,March
2730,TXN_9004306,Coffee,4,2.0,8.0,Credit Card,In-store,2023-05-26,Friday,May
2732,TXN_7092761,Salad,4,5.0,20.0,UNKNOWN,UNKNOWN,2023-05-11,Thursday,May
2733,TXN_6360436,Cake,2,3.0,6.0,Digital Wallet,Takeaway,2023-09-13,Wednesday,September
2734,TXN_3295247,Coffee,5,2.0,10.0,Digital Wallet,UNKNOWN,2023-08-25,Friday,August
2735,TXN_5822344,Sandwich,5,4.0,20.0,Cash,In-store,2023-09-27,Wednesday,September
2736,TXN_4266069,Coffee,1,2.0,2.0,UNKNOWN,UNKNOWN,2023-12-25,Monday,December
2737,TXN_9470768,Smoothie,5,4.0,20.0,Credit Card,UNKNOWN,2023-09-27,Wednesday,September
2738,TXN_1540181,Tea,3,1.5,4.5,UNKNOWN,Takeaway,2023-08-17,Thursday,August
2739,TXN_6688020,Salad,5,5.0,25.0,UNKNOWN,UNKNOWN,2023-09-05,Tuesday,September
2740,TXN_4181147,Coffee,4,2.0,8.0,UNKNOWN,Takeaway,2023-02-18,Saturday,February
2741,TXN_7211792,Tea,3,1.5,4.5,UNKNOWN,Takeaway,2023-11-27,Monday,November
2742,TXN_6568978,Cake,3,3.0,9.0,Digital Wallet,UNKNOWN,2023-03-12,Sunday,March
2743,TXN_6670607,Juice,5,3.0,15.0,UNKNOWN,Takeaway,2023-01-06,Friday,January
2744,TXN_9773606,Tea,2,1.5,3.0,Cash,Takeaway,2023-12-04,Monday,December
2745,TXN_9762035,Smoothie,1,4.0,4.0,Cash,Takeaway,2023-08-21,Monday,August
2746,TXN_4493661,Sandwich,1,4.0,4.0,Cash,UNKNOWN,2023-07-08,Saturday,July
2747,TXN_4617139,Juice,4,3.0,12.0,UNKNOWN,UNKNOWN,2023-04-12,Wednesday,April
2748,TXN_5339625,Smoothie,5,4.0,20.0,Digital Wallet,UNKNOWN,2023-06-29,Thursday,June
2749,TXN_9657636,Cake,1,3.0,3.0,Cash,Takeaway,2023-07-08,Saturday,July
2750,TXN_1375992,Coffee,5,2.0,10.0,Credit Card,In-store,2023-03-23,Thursday,March
2751,TXN_2077318,Juice,2,3.0,6.0,Digital Wallet,In-store,2023-08-24,Thursday,August
2752,TXN_8232653,Salad,5,5.0,25.0,Cash,UNKNOWN,2023-04-21,Friday,April
2753,TXN_4624436,Sandwich,1,4.0,4.0,UNKNOWN,UNKNOWN,2023-05-22,Monday,May
2754,TXN_6158865,Cookie,1,1.0,1.0,Digital Wallet,UNKNOWN,2023-11-27,Monday,November
2755,TXN_6148337,Cookie,2,1.0,2.0,UNKNOWN,In-store,2023-09-27,Wednesday,September
2756,TXN_9096951,Smoothie,3,4.0,12.0,Cash,Takeaway,2023-06-28,Wednesday,June
2757,TXN_7080148,Cake,3,3.0,9.0,UNKNOWN,UNKNOWN,2023-12-30,Saturday,December
2758,TXN_4275169,Salad,1,5.0,5.0,UNKNOWN,Takeaway,2023-06-27,Tuesday,June
2759,TXN_9005396,Juice,4,3.0,12.0,Cash,UNKNOWN,2023-08-10,Thursday,August
2760,TXN_2466036,Coffee,5,2.0,10.0,UNKNOWN,Takeaway,2023-08-31,Thursday,August
2762,TXN_7090165,Sandwich,5,4.0,20.0,Digital Wallet,In-store,2023-08-30,Wednesday,August
2763,TXN_9533792,Cookie,3,1.0,3.0,Digital Wallet,In-store,2023-09-01,Friday,September
2764,TXN_4995910,Cake,5,3.0,15.0,UNKNOWN,UNKNOWN,2023-03-10,Friday,March
2765,TXN_9174916,Coffee,3,2.0,6.0,Credit Card,UNKNOWN,2023-06-21,Wednesday,June
2766,TXN_8121601,Juice,4,3.0,12.0,UNKNOWN,In-store,2023-07-02,Sunday,July
2767,TXN_5882077,Sandwich,3,4.0,12.0,UNKNOWN,Takeaway,2023-03-10,Friday,March
2768,TXN_3163681,Sandwich,2,4.0,8.0,UNKNOWN,UNKNOWN,2023-05-11,Thursday,May
2769,TXN_2849719,Coffee,5,2.0,10.0,Digital Wallet,Takeaway,2023-06-23,Friday,June
2770,TXN_9623460,Sandwich,3,4.0,12.0,Digital Wallet,In-store,2023-01-17,Tuesday,January
2771,TXN_3359704,Salad,3,5.0,15.0,Digital Wallet,In-store,2023-07-23,Sunday,July
2772,TXN_7093219,Smoothie,4,4.0,16.0,Credit Card,UNKNOWN,2023-06-06,Tuesday,June
2773,TXN_2444408,Sandwich,2,4.0,8.0,Digital Wallet,In-store,2023-05-11,Thursday,May
2774,TXN_2475111,Cookie,3,1.0,3.0,UNKNOWN,Takeaway,2023-03-31,Friday,March
2775,TXN_3296152,Salad,3,5.0,15.0,Credit Card,In-store,2023-10-20,Friday,October
2776,TXN_5157855,Salad,1,5.0,5.0,Digital Wallet,UNKNOWN,2023-08-18,Friday,August
2777,TXN_2887411,Smoothie,2,4.0,8.0,Cash,In-store,2023-01-16,Monday,January
2778,TXN_7543369,Tea,5,1.5,7.5,Digital Wallet,Takeaway,2023-11-18,Saturday,November
2779,TXN_9561441,Tea,5,1.5,7.5,Cash,In-store,2023-11-11,Saturday,November
2780,TXN_5595584,Smoothie,2,4.0,8.0,UNKNOWN,In-store,2023-10-19,Thursday,October
2781,TXN_1158197,Coffee,2,2.0,4.0,UNKNOWN,Takeaway,2023-05-21,Sunday,May
2782,TXN_3633955,Sandwich,4,4.0,16.0,Cash,In-store,2023-09-20,Wednesday,September
2783,TXN_2761949,Salad,3,5.0,15.0,Credit Card,In-store,2023-10-01,Sunday,October
2784,TXN_4967355,Sandwich,2,4.0,8.0,UNKNOWN,In-store,2023-04-25,Tuesday,April
2785,TXN_8062897,Smoothie,2,4.0,8.0,Digital Wallet,Takeaway,2023-10-02,Monday,October
2786,TXN_4831426,Juice,4,3.0,12.0,Credit Card,UNKNOWN,2023-02-27,Monday,February
2788,TXN_4284492,Juice,3,3.0,9.0,UNKNOWN,Takeaway,2023-05-30,Tuesday,May
2789,TXN_9942634,Tea,5,1.5,7.5,UNKNOWN,Takeaway,2023-01-17,Tuesday,January
2790,TXN_7104682,Cookie,5,1.0,5.0,UNKNOWN,Takeaway,2023-08-31,Thursday,August
2792,TXN_6866209,Smoothie,5,4.0,20.0,Digital Wallet,In-store,2023-05-20,Saturday,May
2793,TXN_7573801,Cake,2,3.0,6.0,UNKNOWN,In-store,2023-12-14,Thursday,December
2794,TXN_9681880,Coffee,3,2.0,6.0,Cash,In-store,2023-03-21,Tuesday,March
2795,TXN_2559288,Salad,4,5.0,20.0,Credit Card,UNKNOWN,2023-12-27,Wednesday,December
2797,TXN_2936975,Tea,1,1.5,1.5,Digital Wallet,Takeaway,2023-10-05,Thursday,October
2798,TXN_5027125,Salad,3,5.0,15.0,Cash,In-store,2023-07-06,Thursday,July
2799,TXN_7433758,Cookie,1,1.0,1.0,Cash,UNKNOWN,2023-06-09,Friday,June
2800,TXN_2092288,Coffee,1,2.0,2.0,Credit Card,Takeaway,2023-03-30,Thursday,March
2801,TXN_5701303,Coffee,1,2.0,2.0,Digital Wallet,Takeaway,2023-09-08,Friday,September
2803,TXN_5161371,Cake,2,3.0,6.0,Credit Card,In-store,2023-01-17,Tuesday,January
2805,TXN_1132566,Cake,3,3.0,9.0,Cash,UNKNOWN,2023-02-27,Monday,February
2806,TXN_3713527,Cookie,4,1.0,4.0,UNKNOWN,Takeaway,2023-03-08,Wednesday,March
2807,TXN_1719440,Cookie,5,1.0,5.0,Digital Wallet,Takeaway,2023-07-13,Thursday,July
2808,TXN_6273703,Tea,2,1.5,3.0,Credit Card,UNKNOWN,2023-12-24,Sunday,December
2809,TXN_2050017,Sandwich,4,4.0,16.0,UNKNOWN,Takeaway,2023-03-24,Friday,March
2810,TXN_6797827,Sandwich,1,4.0,4.0,Credit Card,UNKNOWN,2023-06-16,Friday,June
2811,TXN_6885626,Cake,5,3.0,15.0,UNKNOWN,In-store,2023-08-06,Sunday,August
2812,TXN_3729074,Salad,3,5.0,15.0,Credit Card,In-store,2023-04-15,Saturday,April
2813,TXN_7418962,Smoothie,4,4.0,16.0,Cash,UNKNOWN,2023-03-07,Tuesday,March
2814,TXN_7217537,Salad,3,5.0,15.0,Cash,In-store,2023-12-19,Tuesday,December
2816,TXN_8845592,Sandwich,5,4.0,20.0,Credit Card,In-store,2023-11-12,Sunday,November
2818,TXN_2081985,Coffee,2,2.0,4.0,Digital Wallet,UNKNOWN,2023-03-24,Friday,March
2819,TXN_5664467,Tea,4,1.5,6.0,Digital Wallet,Takeaway,2023-11-06,Monday,November
2820,TXN_2275523,Tea,4,1.5,6.0,Digital Wallet,UNKNOWN,2023-09-02,Saturday,September
2822,TXN_6451747,Salad,4,5.0,20.0,Cash,UNKNOWN,2023-05-23,Tuesday,May
2823,TXN_2680626,Cake,3,3.0,9.0,Cash,In-store,2023-01-08,Sunday,January
2824,TXN_8668840,Cake,5,3.0,15.0,Digital Wallet,UNKNOWN,2023-10-03,Tuesday,October
2825,TXN_5390428,Juice,2,3.0,6.0,UNKNOWN,In-store,2023-11-25,Saturday,November
2826,TXN_5009367,Juice,3,3.0,9.0,Credit Card,In-store,2023-04-19,Wednesday,April
2828,TXN_3067854,Cake,1,3.0,3.0,Credit Card,UNKNOWN,2023-07-08,Saturday,July
2829,TXN_6401072,Smoothie,4,4.0,16.0,Cash,Takeaway,2023-07-28,Friday,July
2831,TXN_6799966,Tea,4,1.5,6.0,Digital Wallet,UNKNOWN,2023-03-03,Friday,March
2833,TXN_8684125,Salad,2,5.0,10.0,Credit Card,In-store,2023-03-08,Wednesday,March
2834,TXN_1647077,Smoothie,2,4.0,8.0,UNKNOWN,UNKNOWN,2023-08-19,Saturday,August
2836,TXN_8167808,Cake,3,3.0,9.0,Cash,In-store,2023-02-03,Friday,February
2838,TXN_3369789,Sandwich,5,4.0,20.0,UNKNOWN,UNKNOWN,2023-04-15,Saturday,April
2839,TXN_7973461,Tea,3,1.5,4.5,UNKNOWN,In-store,2023-04-11,Tuesday,April
2840,TXN_7753587,Cake,1,3.0,3.0,Credit Card,Takeaway,2023-03-28,Tuesday,March
2841,TXN_4490958,Coffee,2,2.0,4.0,UNKNOWN,UNKNOWN,2023-03-30,Thursday,March
2843,TXN_8242126,Salad,4,5.0,20.0,Digital Wallet,In-store,2023-11-20,Monday,November
2844,TXN_2972659,Tea,3,1.5,4.5,UNKNOWN,UNKNOWN,2023-12-16,Saturday,December
2845,TXN_5685028,Cake,5,3.0,15.0,Digital Wallet,Takeaway,2023-08-12,Saturday,August
2846,TXN_9835620,Juice,2,3.0,6.0,UNKNOWN,UNKNOWN,2023-06-09,Friday,June
2847,TXN_9245124,Tea,4,1.5,6.0,Digital Wallet,In-store,2023-04-19,Wednesday,April
2848,TXN_8619762,Smoothie,4,4.0,16.0,Cash,Takeaway,2023-08-05,Saturday,August
2849,TXN_5983031,Juice,3,3.0,9.0,Digital Wallet,In-store,2023-03-09,Thursday,March
2850,TXN_8730549,Smoothie,4,4.0,16.0,UNKNOWN,Takeaway,2023-02-04,Saturday,February
2851,TXN_6889867,Sandwich,5,4.0,20.0,Cash,UNKNOWN,2023-03-07,Tuesday,March
2852,TXN_9035484,Coffee,2,2.0,4.0,Cash,UNKNOWN,2023-06-29,Thursday,June
2854,TXN_9972525,Coffee,4,2.0,8.0,UNKNOWN,UNKNOWN,2023-07-31,Monday,July
2855,TXN_3315026,Juice,5,3.0,15.0,Cash,UNKNOWN,2023-11-06,Monday,November
2856,TXN_3613385,Cookie,3,1.0,3.0,UNKNOWN,Takeaway,2023-05-26,Friday,May
2857,TXN_9629541,Sandwich,5,4.0,20.0,Digital Wallet,UNKNOWN,2023-12-18,Monday,December
2858,TXN_7503640,Salad,3,5.0,15.0,Digital Wallet,UNKNOWN,2023-11-04,Saturday,November
2861,TXN_8430735,Juice,2,3.0,6.0,UNKNOWN,UNKNOWN,2023-10-25,Wednesday,October
2862,TXN_8279865,Juice,1,3.0,3.0,Cash,UNKNOWN,2023-07-18,Tuesday,July
2863,TXN_5906520,Salad,2,5.0,10.0,UNKNOWN,UNKNOWN,2023-01-31,Tuesday,January
2864,TXN_8250427,Coffee,4,2.0,8.0,Credit Card,UNKNOWN,2023-09-15,Friday,September
2865,TXN_9928337,Juice,1,3.0,3.0,UNKNOWN,Takeaway,2023-11-05,Sunday,November
2866,TXN_7008306,Salad,2,5.0,10.0,UNKNOWN,UNKNOWN,2023-04-11,Tuesday,April
2867,TXN_5603538,Juice,3,3.0,9.0,Cash,UNKNOWN,2023-02-15,Wednesday,February
2868,TXN_7368648,Tea,1,1.5,1.5,Digital Wallet,In-store,2023-03-09,Thursday,March
2869,TXN_6220542,Juice,3,3.0,9.0,UNKNOWN,Takeaway,2023-03-24,Friday,March
2870,TXN_3299535,Coffee,3,2.0,6.0,UNKNOWN,Takeaway,2023-11-16,Thursday,November
2871,TXN_1217959,Juice,2,3.0,6.0,Digital Wallet,Takeaway,2023-07-28,Friday,July
2872,TXN_4390633,Tea,2,1.5,3.0,UNKNOWN,UNKNOWN,2023-10-17,Tuesday,October
2873,TXN_5052998,Juice,3,3.0,9.0,Credit Card,UNKNOWN,2023-10-07,Saturday,October
2874,TXN_5171332,Tea,5,1.5,7.5,Cash,Takeaway,2023-02-05,Sunday,February
2875,TXN_4798484,Juice,3,3.0,9.0,UNKNOWN,In-store,2023-08-09,Wednesday,August
2876,TXN_7905741,Cookie,5,1.0,5.0,Credit Card,UNKNOWN,2023-02-08,Wednesday,February
2877,TXN_6369875,Tea,5,1.5,7.5,Cash,UNKNOWN,2023-10-04,Wednesday,October
2878,TXN_7840162,Cookie,5,1.0,5.0,Cash,Takeaway,2023-02-27,Monday,February
2879,TXN_9069297,Cookie,4,1.0,4.0,Credit Card,In-store,2023-01-27,Friday,January
2880,TXN_5017038,Sandwich,3,4.0,12.0,UNKNOWN,UNKNOWN,2023-05-25,Thursday,May
2881,TXN_6748453,Sandwich,5,4.0,20.0,UNKNOWN,In-store,2023-05-08,Monday,May
2882,TXN_1678985,Juice,2,3.0,6.0,Cash,In-store,2023-07-16,Sunday,July
2883,TXN_6697669,Cake,5,3.0,15.0,Cash,UNKNOWN,2023-01-03,Tuesday,January
2884,TXN_3131555,Sandwich,2,4.0,8.0,Cash,Takeaway,2023-12-04,Monday,December
2886,TXN_7785297,Cookie,3,1.0,3.0,Cash,UNKNOWN,2023-12-06,Wednesday,December
2887,TXN_9432588,Coffee,5,2.0,10.0,UNKNOWN,UNKNOWN,2023-07-26,Wednesday,July
2888,TXN_3313000,Coffee,5,2.0,10.0,Credit Card,In-store,2023-01-08,Sunday,January
2889,TXN_3120023,Cookie,3,1.0,3.0,Cash,In-store,2023-09-30,Saturday,September
2890,TXN_7483257,Sandwich,2,4.0,8.0,Digital Wallet,Takeaway,2023-06-05,Monday,June
2891,TXN_3430842,Cookie,2,1.0,2.0,Cash,Takeaway,2023-08-02,Wednesday,August
2893,TXN_8822610,Cake,4,3.0,12.0,UNKNOWN,Takeaway,2023-08-05,Saturday,August
2894,TXN_8005089,Salad,4,5.0,20.0,UNKNOWN,UNKNOWN,2023-06-10,Saturday,June
2895,TXN_7009420,Sandwich,5,4.0,20.0,UNKNOWN,Takeaway,2023-07-07,Friday,July
2896,TXN_5118667,Coffee,4,2.0,8.0,Cash,In-store,2023-12-12,Tuesday,December
2897,TXN_6533180,Coffee,5,2.0,10.0,UNKNOWN,Takeaway,2023-05-03,Wednesday,May
2898,TXN_6989438,Sandwich,4,4.0,16.0,Cash,Takeaway,2023-12-17,Sunday,December
2900,TXN_7003185,Tea,2,1.5,3.0,UNKNOWN,UNKNOWN,2023-06-03,Saturday,June
2901,TXN_1139495,Salad,3,5.0,15.0,Digital Wallet,UNKNOWN,2023-02-19,Sunday,February
2902,TXN_1256536,Salad,1,5.0,5.0,UNKNOWN,Takeaway,2023-12-16,Saturday,December
2903,TXN_6437055,Cake,1,3.0,3.0,UNKNOWN,UNKNOWN,2023-10-22,Sunday,October
2905,TXN_4223466,Juice,4,3.0,12.0,Digital Wallet,Takeaway,2023-05-31,Wednesday,May
2906,TXN_6684202,Sandwich,1,4.0,4.0,UNKNOWN,UNKNOWN,2023-07-31,Monday,July
2908,TXN_5032114,Sandwich,2,4.0,8.0,UNKNOWN,UNKNOWN,2023-05-31,Wednesday,May
2909,TXN_3411281,Cake,2,3.0,6.0,UNKNOWN,UNKNOWN,2023-09-29,Friday,September
2910,TXN_6608817,Sandwich,5,4.0,20.0,Credit Card,Takeaway,2023-07-17,Monday,July
2911,TXN_4258943,Sandwich,2,4.0,8.0,Credit Card,In-store,2023-01-02,Monday,January
2913,TXN_9774691,Cake,3,3.0,9.0,Credit Card,Takeaway,2023-04-11,Tuesday,April
2915,TXN_1522430,Smoothie,3,4.0,12.0,Credit Card,UNKNOWN,2023-12-06,Wednesday,December
2917,TXN_7666909,Juice,4,3.0,12.0,Credit Card,Takeaway,2023-08-29,Tuesday,August
2918,TXN_9365558,Salad,4,5.0,20.0,Credit Card,Takeaway,2023-02-12,Sunday,February
2919,TXN_6837601,Salad,1,5.0,5.0,Digital Wallet,Takeaway,2023-02-05,Sunday,February
2920,TXN_1713983,Salad,2,5.0,10.0,Cash,In-store,2023-05-11,Thursday,May
2921,TXN_4674417,Cookie,5,1.0,5.0,Digital Wallet,Takeaway,2023-07-03,Monday,July
2922,TXN_4641838,Cookie,5,1.0,5.0,Credit Card,UNKNOWN,2023-04-30,Sunday,April
2923,TXN_9315119,Salad,2,5.0,10.0,UNKNOWN,Takeaway,2023-06-16,Friday,June
2924,TXN_2552405,Juice,5,3.0,15.0,Credit Card,UNKNOWN,2023-06-22,Thursday,June
2925,TXN_3465980,Cookie,4,1.0,4.0,Cash,Takeaway,2023-07-08,Saturday,July
2926,TXN_4220189,Tea,1,1.5,1.5,UNKNOWN,Takeaway,2023-08-16,Wednesday,August
2927,TXN_7343905,Cake,1,3.0,3.0,Digital Wallet,In-store,2023-01-17,Tuesday,January
2928,TXN_9813938,Sandwich,5,4.0,20.0,Cash,UNKNOWN,2023-06-30,Friday,June
2929,TXN_6129460,Juice,5,3.0,15.0,Cash,UNKNOWN,2023-11-19,Sunday,November
2930,TXN_9470590,Salad,1,5.0,5.0,Credit Card,Takeaway,2023-04-11,Tuesday,April
2931,TXN_7212607,Coffee,3,2.0,6.0,Digital Wallet,In-store,2023-08-06,Sunday,August
2932,TXN_8384628,Salad,3,5.0,15.0,Credit Card,Takeaway,2023-08-22,Tuesday,August
2933,TXN_4200340,Cake,5,3.0,15.0,Cash,Takeaway,2023-07-06,Thursday,July
2937,TXN_4778105,Juice,4,3.0,12.0,Digital Wallet,In-store,2023-10-08,Sunday,October
2938,TXN_7804488,Cookie,2,1.0,2.0,Digital Wallet,UNKNOWN,2023-11-28,Tuesday,November
2939,TXN_4674667,Coffee,2,2.0,4.0,UNKNOWN,Takeaway,2023-05-24,Wednesday,May
2941,TXN_4278785,Salad,3,5.0,15.0,Cash,In-store,2023-04-29,Saturday,April
2942,TXN_4462052,Cookie,1,1.0,1.0,Cash,In-store,2023-10-12,Thursday,October
2943,TXN_3379368,Cake,5,3.0,15.0,Credit Card,UNKNOWN,2023-05-26,Friday,May
2944,TXN_7651864,Smoothie,4,4.0,16.0,Digital Wallet,UNKNOWN,2023-04-29,Saturday,April
2945,TXN_7089173,Juice,1,3.0,3.0,Digital Wallet,UNKNOWN,2023-01-14,Saturday,January
2946,TXN_1906642,Cookie,4,1.0,4.0,UNKNOWN,Takeaway,2023-06-06,Tuesday,June
2948,TXN_5234368,Coffee,3,2.0,6.0,Digital Wallet,UNKNOWN,2023-06-10,Saturday,June
2949,TXN_5544904,Salad,5,5.0,25.0,UNKNOWN,UNKNOWN,2023-04-19,Wednesday,April
2950,TXN_3376958,Salad,4,5.0,20.0,UNKNOWN,In-store,2023-10-31,Tuesday,October
2951,TXN_5446085,Coffee,3,2.0,6.0,Digital Wallet,UNKNOWN,2023-09-16,Saturday,September
2952,TXN_9676940,Juice,2,3.0,6.0,Credit Card,Takeaway,2023-08-16,Wednesday,August
2953,TXN_2371941,Juice,2,3.0,6.0,Cash,UNKNOWN,2023-01-26,Thursday,January
2955,TXN_5708913,Cake,2,3.0,6.0,Cash,In-store,2023-04-29,Saturday,April
2958,TXN_7451083,Coffee,1,2.0,2.0,Digital Wallet,UNKNOWN,2023-06-24,Saturday,June
2959,TXN_5132082,Salad,5,5.0,25.0,UNKNOWN,UNKNOWN,2023-10-08,Sunday,October
2960,TXN_7323040,Cookie,3,1.0,3.0,UNKNOWN,Takeaway,2023-11-09,Thursday,November
2961,TXN_9176418,Smoothie,1,4.0,4.0,Digital Wallet,Takeaway,2023-03-02,Thursday,March
2963,TXN_7612618,Smoothie,4,4.0,16.0,Credit Card,UNKNOWN,2023-04-12,Wednesday,April
2964,TXN_7321789,Juice,3,3.0,9.0,Digital Wallet,Takeaway,2023-05-10,Wednesday,May
2965,TXN_3679126,Cookie,1,1.0,1.0,Cash,UNKNOWN,2023-07-15,Saturday,July
2966,TXN_2008137,Coffee,4,2.0,8.0,UNKNOWN,UNKNOWN,2023-10-07,Saturday,October
2967,TXN_2622670,Cake,5,3.0,15.0,Digital Wallet,UNKNOWN,2023-01-28,Saturday,January
2970,TXN_2152670,Tea,3,1.5,4.5,Credit Card,In-store,2023-12-24,Sunday,December
2971,TXN_3482117,Sandwich,2,4.0,8.0,UNKNOWN,UNKNOWN,2023-07-18,Tuesday,July
2973,TXN_4943715,Coffee,5,2.0,10.0,Digital Wallet,UNKNOWN,2023-10-06,Friday,October
2974,TXN_8571836,Juice,3,3.0,9.0,Cash,UNKNOWN,2023-12-27,Wednesday,December
2975,TXN_2544176,Tea,3,1.5,4.5,UNKNOWN,Takeaway,2023-12-19,Tuesday,December
2977,TXN_1379209,Tea,5,1.5,7.5,UNKNOWN,In-store,2023-02-06,Monday,February
2980,TXN_8696065,Smoothie,3,4.0,12.0,Credit Card,In-store,2023-11-04,Saturday,November
2981,TXN_4746320,Cookie,2,1.0,2.0,UNKNOWN,Takeaway,2023-04-02,Sunday,April
2982,TXN_1250407,Cookie,1,1.0,1.0,Credit Card,Takeaway,2023-11-21,Tuesday,November
2983,TXN_1617476,Cake,2,3.0,6.0,Digital Wallet,In-store,2023-02-10,Friday,February
2984,TXN_4196578,Tea,2,1.5,3.0,Credit Card,UNKNOWN,2023-06-26,Monday,June
2985,TXN_9725461,Smoothie,3,4.0,12.0,Credit Card,In-store,2023-11-25,Saturday,November
2986,TXN_2975443,Salad,5,5.0,25.0,UNKNOWN,Takeaway,2023-12-31,Sunday,December
2987,TXN_1000555,Tea,1,1.5,1.5,Credit Card,In-store,2023-10-19,Thursday,October
2988,TXN_1622411,Salad,2,5.0,10.0,UNKNOWN,Takeaway,2023-07-23,Sunday,July
2991,TXN_4801617,Juice,5,3.0,15.0,UNKNOWN,UNKNOWN,2023-04-02,Sunday,April
2992,TXN_1365285,Juice,5,3.0,15.0,Credit Card,UNKNOWN,2023-06-11,Sunday,June
2995,TXN_9315755,Cake,5,3.0,15.0,Cash,Takeaway,2023-09-26,Tuesday,September
2996,TXN_6853678,Cookie,4,1.0,4.0,Digital Wallet,UNKNOWN,2023-07-23,Sunday,July
2997,TXN_6530886,Coffee,1,2.0,2.0,Credit Card,UNKNOWN,2023-10-21,Saturday,October
2998,TXN_3530720,Smoothie,5,4.0,20.0,Digital Wallet,In-store,2023-10-18,Wednesday,October
3000,TXN_1410102,Salad,1,5.0,5.0,Cash,In-store,2023-06-23,Friday,June
3001,TXN_6977098,Juice,5,3.0,15.0,Credit Card,In-store,2023-06-09,Friday,June
3002,TXN_7735237,Cake,2,3.0,6.0,Digital Wallet,In-store,2023-01-13,Friday,January
3003,TXN_7510766,Coffee,3,2.0,6.0,UNKNOWN,In-store,2023-07-24,Monday,July
3004,TXN_3352256,Sandwich,2,4.0,8.0,UNKNOWN,Takeaway,2023-09-08,Friday,September
3005,TXN_8494538,Cake,4,3.0,12.0,UNKNOWN,UNKNOWN,2023-11-08,Wednesday,November
3007,TXN_5282529,Tea,5,1.5,7.5,Credit Card,Takeaway,2023-04-13,Thursday,April
3008,TXN_9495930,Coffee,2,2.0,4.0,Digital Wallet,Takeaway,2023-10-23,Monday,October
3009,TXN_3514492,Juice,3,3.0,9.0,Digital Wallet,In-store,2023-02-23,Thursday,February
3014,TXN_4227337,Tea,4,1.5,6.0,Digital Wallet,Takeaway,2023-12-15,Friday,December
3015,TXN_5790213,Juice,3,3.0,9.0,Cash,UNKNOWN,2023-08-30,Wednesday,August
3016,TXN_3546261,Tea,3,1.5,4.5,UNKNOWN,Takeaway,2023-03-20,Monday,March
3018,TXN_3334257,Sandwich,2,4.0,8.0,Cash,UNKNOWN,2023-06-10,Saturday,June
3019,TXN_5665767,Tea,4,1.5,6.0,UNKNOWN,UNKNOWN,2023-08-22,Tuesday,August
3020,TXN_4527464,Tea,4,1.5,6.0,UNKNOWN,In-store,2023-08-09,Wednesday,August
3021,TXN_1011236,Cake,1,3.0,3.0,Cash,In-store,2023-02-08,Wednesday,February
3022,TXN_8293691,Coffee,4,2.0,8.0,UNKNOWN,UNKNOWN,2023-06-30,Friday,June
3023,TXN_7463011,Sandwich,2,4.0,8.0,UNKNOWN,In-store,2023-01-22,Sunday,January
3024,TXN_6872268,Juice,2,3.0,6.0,Digital Wallet,In-store,2023-01-07,Saturday,January
3025,TXN_3999554,Coffee,1,2.0,2.0,Credit Card,Takeaway,2023-09-13,Wednesday,September
3026,TXN_9942247,Coffee,2,2.0,4.0,Cash,Takeaway,2023-10-15,Sunday,October
3028,TXN_6113452,Sandwich,2,4.0,8.0,Cash,Takeaway,2023-09-21,Thursday,September
3029,TXN_1752617,Tea,5,1.5,7.5,UNKNOWN,Takeaway,2023-09-05,Tuesday,September
3030,TXN_1949789,Salad,2,5.0,10.0,UNKNOWN,Takeaway,2023-11-07,Tuesday,November
3031,TXN_7386089,Sandwich,2,4.0,8.0,UNKNOWN,In-store,2023-07-15,Saturday,July
3032,TXN_6751134,Sandwich,3,4.0,12.0,UNKNOWN,UNKNOWN,2023-01-12,Thursday,January
3033,TXN_2731270,Cake,1,3.0,3.0,UNKNOWN,Takeaway,2023-05-31,Wednesday,May
3035,TXN_2548248,Cake,4,3.0,12.0,UNKNOWN,Takeaway,2023-06-28,Wednesday,June
3036,TXN_3026930,Cake,2,3.0,6.0,Cash,In-store,2023-03-23,Thursday,March
3037,TXN_2824366,Sandwich,4,4.0,16.0,UNKNOWN,In-store,2023-07-02,Sunday,July
3038,TXN_2801651,Juice,4,3.0,12.0,Digital Wallet,Takeaway,2023-07-10,Monday,July
3039,TXN_5005592,Coffee,1,2.0,2.0,Credit Card,In-store,2023-06-05,Monday,June
3040,TXN_8284313,Salad,5,5.0,25.0,UNKNOWN,UNKNOWN,2023-11-20,Monday,November
3041,TXN_8058026,Tea,1,1.5,1.5,UNKNOWN,Takeaway,2023-05-19,Friday,May
3042,TXN_2182790,Tea,5,1.5,7.5,Credit Card,Takeaway,2023-05-05,Friday,May
3044,TXN_2145530,Sandwich,3,4.0,12.0,Digital Wallet,UNKNOWN,2023-10-08,Sunday,October
3045,TXN_4159861,Juice,1,3.0,3.0,Digital Wallet,UNKNOWN,2023-03-20,Monday,March
3046,TXN_4600614,Sandwich,3,4.0,12.0,Digital Wallet,Takeaway,2023-01-27,Friday,January
3047,TXN_1853298,Cookie,5,1.0,5.0,Credit Card,UNKNOWN,2023-01-02,Monday,January
3048,TXN_6600858,Sandwich,3,4.0,12.0,Cash,UNKNOWN,2023-03-27,Monday,March
3049,TXN_7494793,Smoothie,5,4.0,20.0,UNKNOWN,Takeaway,2023-12-29,Friday,December
3050,TXN_3968170,Salad,1,5.0,5.0,UNKNOWN,In-store,2023-08-05,Saturday,August
3051,TXN_4628310,Juice,4,3.0,12.0,Credit Card,Takeaway,2023-04-20,Thursday,April
3052,TXN_6110009,Juice,5,3.0,15.0,UNKNOWN,Takeaway,2023-12-26,Tuesday,December
3053,TXN_8996187,Salad,2,5.0,10.0,Credit Card,In-store,2023-09-28,Thursday,September
3054,TXN_3544792,Sandwich,1,4.0,4.0,Digital Wallet,UNKNOWN,2023-06-27,Tuesday,June
3055,TXN_2353057,Cake,3,3.0,9.0,UNKNOWN,Takeaway,2023-08-04,Friday,August
3056,TXN_6013295,Juice,2,3.0,6.0,Cash,Takeaway,2023-11-07,Tuesday,November
3057,TXN_3200195,Juice,3,3.0,9.0,Digital Wallet,In-store,2023-05-04,Thursday,May
3058,TXN_4860027,Cookie,5,1.0,5.0,Digital Wallet,Takeaway,2023-07-28,Friday,July
3060,TXN_5442505,Cake,4,3.0,12.0,Digital Wallet,Takeaway,2023-09-07,Thursday,September
3061,TXN_4708410,Cake,4,3.0,12.0,Digital Wallet,In-store,2023-10-08,Sunday,October
3062,TXN_4847617,Sandwich,4,4.0,16.0,Credit Card,UNKNOWN,2023-08-04,Friday,August
3063,TXN_1898329,Cake,5,3.0,15.0,Cash,In-store,2023-04-12,Wednesday,April
3064,TXN_2508266,Cookie,1,1.0,1.0,UNKNOWN,UNKNOWN,2023-01-28,Saturday,January
3065,TXN_1945918,Juice,2,3.0,6.0,UNKNOWN,UNKNOWN,2023-09-12,Tuesday,September
3066,TXN_8147057,Juice,1,3.0,3.0,Digital Wallet,In-store,2023-08-21,Monday,August
3068,TXN_4935258,Cake,2,3.0,6.0,Credit Card,UNKNOWN,2023-09-14,Thursday,September
3069,TXN_5588239,Cookie,1,1.0,1.0,Digital Wallet,Takeaway,2023-03-31,Friday,March
3070,TXN_6575599,Coffee,5,2.0,10.0,Digital Wallet,Takeaway,2023-10-09,Monday,October
3071,TXN_9382156,Tea,5,1.5,7.5,UNKNOWN,Takeaway,2023-06-02,Friday,June
3072,TXN_1229376,Cake,3,3.0,9.0,Digital Wallet,In-store,2023-08-14,Monday,August
3073,TXN_1732216,Coffee,3,2.0,6.0,Digital Wallet,Takeaway,2023-08-30,Wednesday,August
3074,TXN_1756717,Smoothie,3,4.0,12.0,Credit Card,UNKNOWN,2023-01-22,Sunday,January
3075,TXN_8188857,Cake,1,3.0,3.0,UNKNOWN,UNKNOWN,2023-12-21,Thursday,December
3076,TXN_9783697,Sandwich,1,4.0,4.0,Digital Wallet,Takeaway,2023-07-14,Friday,July
3077,TXN_6991253,Juice,3,3.0,9.0,UNKNOWN,In-store,2023-12-13,Wednesday,December
3080,TXN_3224756,Cake,2,3.0,6.0,Credit Card,Takeaway,2023-11-20,Monday,November
3082,TXN_9421618,Cake,3,3.0,9.0,Cash,UNKNOWN,2023-02-21,Tuesday,February
3083,TXN_9054741,Juice,1,3.0,3.0,Credit Card,Takeaway,2023-06-24,Saturday,June
3084,TXN_9063299,Cake,4,3.0,12.0,Digital Wallet,In-store,2023-06-15,Thursday,June
3085,TXN_4318159,Coffee,4,2.0,8.0,Digital Wallet,UNKNOWN,2023-03-30,Thursday,March
3086,TXN_8127390,Tea,3,1.5,4.5,UNKNOWN,In-store,2023-01-19,Thursday,January
3087,TXN_9682798,Cake,3,3.0,9.0,Cash,In-store,2023-09-15,Friday,September
3088,TXN_9716971,Salad,4,5.0,20.0,Digital Wallet,UNKNOWN,2023-06-21,Wednesday,June
3089,TXN_7827797,Salad,3,5.0,15.0,UNKNOWN,Takeaway,2023-06-30,Friday,June
3090,TXN_4343391,Cookie,5,1.0,5.0,Cash,Takeaway,2023-06-01,Thursday,June
3091,TXN_6877186,Cookie,2,1.0,2.0,Credit Card,In-store,2023-12-05,Tuesday,December
3093,TXN_6559173,Smoothie,5,4.0,20.0,UNKNOWN,UNKNOWN,2023-08-09,Wednesday,August
3094,TXN_9818498,Smoothie,3,4.0,12.0,Credit Card,Takeaway,2023-09-01,Friday,September
3095,TXN_2520102,Coffee,1,2.0,2.0,Digital Wallet,UNKNOWN,2023-03-08,Wednesday,March
3096,TXN_9155044,Sandwich,3,4.0,12.0,Credit Card,In-store,2023-02-28,Tuesday,February
3097,TXN_5625110,Salad,3,5.0,15.0,Digital Wallet,Takeaway,2023-11-07,Tuesday,November
3099,TXN_8706498,Smoothie,5,4.0,20.0,UNKNOWN,UNKNOWN,2023-05-08,Monday,May
3100,TXN_1188596,Juice,1,3.0,3.0,Cash,UNKNOWN,2023-10-24,Tuesday,October
3101,TXN_8085790,Cookie,4,1.0,4.0,Cash,Takeaway,2023-10-27,Friday,October
3102,TXN_3113823,Salad,5,5.0,25.0,Digital Wallet,In-store,2023-03-01,Wednesday,March
3103,TXN_3423451,Salad,4,5.0,20.0,Cash,UNKNOWN,2023-10-11,Wednesday,October
3104,TXN_8010863,Coffee,2,2.0,4.0,UNKNOWN,UNKNOWN,2023-06-30,Friday,June
3105,TXN_6154626,Smoothie,5,4.0,20.0,UNKNOWN,Takeaway,2023-05-06,Saturday,May
3106,TXN_5841004,Cookie,2,1.0,2.0,Credit Card,In-store,2023-04-28,Friday,April
3107,TXN_2886223,Sandwich,5,4.0,20.0,Credit Card,UNKNOWN,2023-07-24,Monday,July
3108,TXN_6047742,Smoothie,5,4.0,20.0,Digital Wallet,In-store,2023-12-11,Monday,December
3109,TXN_5086795,Salad,1,5.0,5.0,Cash,In-store,2023-04-29,Saturday,April
3110,TXN_1943186,Salad,2,5.0,10.0,Cash,In-store,2023-12-16,Saturday,December
3111,TXN_9600016,Cookie,4,1.0,4.0,UNKNOWN,Takeaway,2023-05-06,Saturday,May
3113,TXN_4305997,Tea,3,1.5,4.5,UNKNOWN,In-store,2023-11-22,Wednesday,November
3114,TXN_4364374,Sandwich,2,4.0,8.0,Cash,UNKNOWN,2023-04-20,Thursday,April
3116,TXN_9703331,Cake,2,3.0,6.0,Cash,UNKNOWN,2023-09-09,Saturday,September
3117,TXN_3851247,Cake,1,3.0,3.0,Credit Card,In-store,2023-11-23,Thursday,November
3118,TXN_6666679,Juice,2,3.0,6.0,Digital Wallet,UNKNOWN,2023-08-25,Friday,August
3119,TXN_5683213,Smoothie,2,4.0,8.0,Credit Card,In-store,2023-10-30,Monday,October
3120,TXN_2052609,Cake,4,3.0,12.0,Credit Card,Takeaway,2023-06-23,Friday,June
3122,TXN_6228999,Cookie,5,1.0,5.0,UNKNOWN,UNKNOWN,2023-02-07,Tuesday,February
3123,TXN_4226287,Cookie,1,1.0,1.0,UNKNOWN,UNKNOWN,2023-04-29,Saturday,April
3125,TXN_2570829,Juice,1,3.0,3.0,Cash,Takeaway,2023-03-31,Friday,March
3126,TXN_7433531,Sandwich,2,4.0,8.0,UNKNOWN,Takeaway,2023-08-16,Wednesday,August
3127,TXN_5190685,Cookie,4,1.0,4.0,Cash,Takeaway,2023-11-12,Sunday,November
3128,TXN_4526296,Smoothie,5,4.0,20.0,UNKNOWN,Takeaway,2023-11-23,Thursday,November
3130,TXN_6513435,Juice,3,3.0,9.0,UNKNOWN,Takeaway,2023-08-16,Wednesday,August
3131,TXN_8337899,Cookie,1,1.0,1.0,Digital Wallet,UNKNOWN,2023-11-10,Friday,November
3132,TXN_2245787,Salad,4,5.0,20.0,UNKNOWN,Takeaway,2023-10-29,Sunday,October
3133,TXN_9203396,Coffee,5,2.0,10.0,Digital Wallet,In-store,2023-01-08,Sunday,January
3134,TXN_9352671,Sandwich,2,4.0,8.0,Cash,Takeaway,2023-02-10,Friday,February
3135,TXN_6391414,Smoothie,4,4.0,16.0,Cash,In-store,2023-05-08,Monday,May
3136,TXN_2613440,Juice,3,3.0,9.0,Credit Card,In-store,2023-04-15,Saturday,April
3137,TXN_5632564,Cookie,1,1.0,1.0,Credit Card,UNKNOWN,2023-11-04,Saturday,November
3141,TXN_4704439,Coffee,3,2.0,6.0,Cash,UNKNOWN,2023-06-14,Wednesday,June
3143,TXN_2666340,Cake,2,3.0,6.0,Cash,Takeaway,2023-09-29,Friday,September
3144,TXN_8004162,Salad,5,5.0,25.0,UNKNOWN,UNKNOWN,2023-11-04,Saturday,November
3145,TXN_6539480,Cake,5,3.0,15.0,Cash,Takeaway,2023-08-25,Friday,August
3147,TXN_5024094,Tea,1,1.5,1.5,Credit Card,UNKNOWN,2023-02-20,Monday,February
3148,TXN_7399898,Juice,3,3.0,9.0,UNKNOWN,UNKNOWN,2023-02-19,Sunday,February
3150,TXN_5180728,Tea,2,1.5,3.0,UNKNOWN,In-store,2023-09-01,Friday,September
3151,TXN_1442791,Tea,1,1.5,1.5,UNKNOWN,UNKNOWN,2023-03-23,Thursday,March
3152,TXN_7169607,Cake,2,3.0,6.0,Credit Card,UNKNOWN,2023-04-10,Monday,April
3153,TXN_8157817,Tea,2,1.5,3.0,Credit Card,Takeaway,2023-08-30,Wednesday,August
3154,TXN_9105544,Tea,3,1.5,4.5,UNKNOWN,In-store,2023-07-08,Saturday,July
3155,TXN_7620529,Sandwich,2,4.0,8.0,Cash,In-store,2023-08-08,Tuesday,August
3156,TXN_1491670,Juice,5,3.0,15.0,Credit Card,Takeaway,2023-06-28,Wednesday,June
3157,TXN_8041777,Cake,1,3.0,3.0,Cash,UNKNOWN,2023-11-23,Thursday,November
3158,TXN_2366464,Juice,1,3.0,3.0,Cash,Takeaway,2023-06-05,Monday,June
3159,TXN_7994275,Smoothie,3,4.0,12.0,Credit Card,In-store,2023-09-18,Monday,September
3160,TXN_6034920,Cookie,1,1.0,1.0,Credit Card,In-store,2023-09-09,Saturday,September
3161,TXN_4673812,Cookie,2,1.0,2.0,Digital Wallet,Takeaway,2023-05-01,Monday,May
3162,TXN_3577949,Cake,3,3.0,9.0,UNKNOWN,Takeaway,2023-04-25,Tuesday,April
3163,TXN_4503560,Cake,5,3.0,15.0,Digital Wallet,UNKNOWN,2023-02-21,Tuesday,February
3164,TXN_6543620,Cookie,2,1.0,2.0,Cash,Takeaway,2023-04-08,Saturday,April
3165,TXN_5071222,Cookie,5,1.0,5.0,Digital Wallet,UNKNOWN,2023-10-25,Wednesday,October
3166,TXN_1605048,Cake,4,3.0,12.0,Cash,Takeaway,2023-03-16,Thursday,March
3168,TXN_2401829,Smoothie,5,4.0,20.0,Digital Wallet,Takeaway,2023-02-07,Tuesday,February
3169,TXN_8359674,Salad,3,5.0,15.0,UNKNOWN,Takeaway,2023-10-16,Monday,October
3170,TXN_1937611,Tea,2,1.5,3.0,Credit Card,Takeaway,2023-11-02,Thursday,November
3171,TXN_5438111,Smoothie,3,4.0,12.0,Cash,In-store,2023-01-06,Friday,January
3173,TXN_5793057,Sandwich,3,4.0,12.0,Credit Card,In-store,2023-02-25,Saturday,February
3174,TXN_1778597,Cookie,3,1.0,3.0,Cash,UNKNOWN,2023-09-28,Thursday,September
3176,TXN_1660757,Cake,4,3.0,12.0,Digital Wallet,Takeaway,2023-11-08,Wednesday,November
3177,TXN_7540909,Tea,2,1.5,3.0,Digital Wallet,UNKNOWN,2023-02-20,Monday,February
3178,TXN_1469462,Cake,1,3.0,3.0,Credit Card,Takeaway,2023-09-05,Tuesday,September
3179,TXN_4745094,Tea,5,1.5,7.5,Credit Card,UNKNOWN,2023-12-05,Tuesday,December
3180,TXN_3711712,Salad,5,5.0,25.0,Digital Wallet,In-store,2023-08-20,Sunday,August
3181,TXN_7909509,Smoothie,3,4.0,12.0,UNKNOWN,Takeaway,2023-10-10,Tuesday,October
3183,TXN_1268480,Salad,5,5.0,25.0,Cash,In-store,2023-04-18,Tuesday,April
3184,TXN_6579974,Sandwich,5,4.0,20.0,Digital Wallet,UNKNOWN,2023-05-10,Wednesday,May
3185,TXN_6957331,Juice,3,3.0,9.0,Digital Wallet,UNKNOWN,2023-01-23,Monday,January
3188,TXN_4869107,Smoothie,3,4.0,12.0,Digital Wallet,In-store,2023-01-30,Monday,January
3189,TXN_2027203,Coffee,3,2.0,6.0,Credit Card,UNKNOWN,2023-07-15,Saturday,July
3190,TXN_6149748,Salad,3,5.0,15.0,Credit Card,UNKNOWN,2023-07-06,Thursday,July
3192,TXN_3088330,Tea,5,1.5,7.5,Digital Wallet,In-store,2023-12-08,Friday,December
3193,TXN_5001766,Smoothie,1,4.0,4.0,Digital Wallet,UNKNOWN,2023-05-24,Wednesday,May
3194,TXN_5634960,Tea,2,1.5,3.0,UNKNOWN,Takeaway,2023-09-06,Wednesday,September
3195,TXN_6280724,Coffee,3,2.0,6.0,Credit Card,UNKNOWN,2023-05-02,Tuesday,May
3196,TXN_7650834,Salad,2,5.0,10.0,Cash,Takeaway,2023-10-29,Sunday,October
3197,TXN_4107857,Tea,1,1.5,1.5,Credit Card,Takeaway,2023-01-29,Sunday,January
3199,TXN_4635037,Juice,1,3.0,3.0,Digital Wallet,In-store,2023-05-17,Wednesday,May
3201,TXN_9103776,Tea,4,1.5,6.0,Credit Card,In-store,2023-05-03,Wednesday,May
3202,TXN_7538221,Cake,5,3.0,15.0,Credit Card,Takeaway,2023-03-31,Friday,March
3204,TXN_8807333,Sandwich,5,4.0,20.0,Digital Wallet,In-store,2023-03-18,Saturday,March
3205,TXN_8006056,Juice,4,3.0,12.0,Credit Card,Takeaway,2023-12-19,Tuesday,December
3206,TXN_2216532,Tea,3,1.5,4.5,Cash,UNKNOWN,2023-12-27,Wednesday,December
3207,TXN_6553720,Coffee,4,2.0,8.0,UNKNOWN,In-store,2023-02-02,Thursday,February
3208,TXN_5828907,Cookie,5,1.0,5.0,Digital Wallet,UNKNOWN,2023-05-13,Saturday,May
3211,TXN_6022618,Smoothie,1,4.0,4.0,Digital Wallet,In-store,2023-12-18,Monday,December
3212,TXN_1665810,Sandwich,5,4.0,20.0,Digital Wallet,In-store,2023-02-26,Sunday,February
3213,TXN_1399696,Cake,5,3.0,15.0,Cash,In-store,2023-04-08,Saturday,April
3214,TXN_9154381,Cookie,2,1.0,2.0,Credit Card,In-store,2023-04-21,Friday,April
3215,TXN_5333966,Juice,4,3.0,12.0,UNKNOWN,In-store,2023-06-11,Sunday,June
3216,TXN_8361813,Cookie,3,1.0,3.0,Cash,In-store,2023-08-01,Tuesday,August
3217,TXN_9841222,Sandwich,5,4.0,20.0,Credit Card,UNKNOWN,2023-04-23,Sunday,April
3218,TXN_4754346,Juice,4,3.0,12.0,Credit Card,In-store,2023-08-31,Thursday,August
3219,TXN_5910268,Salad,4,5.0,20.0,UNKNOWN,Takeaway,2023-07-04,Tuesday,July
3221,TXN_5227574,Juice,4,3.0,12.0,Digital Wallet,UNKNOWN,2023-04-10,Monday,April
3222,TXN_5485774,Coffee,2,2.0,4.0,Credit Card,UNKNOWN,2023-07-20,Thursday,July
3223,TXN_6504165,Juice,3,3.0,9.0,Cash,Takeaway,2023-02-13,Monday,February
3225,TXN_2391659,Tea,5,1.5,7.5,UNKNOWN,UNKNOWN,2023-02-16,Thursday,February
3226,TXN_8964493,Smoothie,1,4.0,4.0,Cash,UNKNOWN,2023-02-10,Friday,February
3228,TXN_4939667,Salad,1,5.0,5.0,Cash,Takeaway,2023-01-23,Monday,January
3229,TXN_7126803,Sandwich,5,4.0,20.0,Digital Wallet,Takeaway,2023-05-24,Wednesday,May
3230,TXN_9649878,Cake,5,3.0,15.0,Cash,UNKNOWN,2023-12-24,Sunday,December
3231,TXN_5086063,Juice,3,3.0,9.0,Digital Wallet,Takeaway,2023-09-28,Thursday,September
3232,TXN_5026564,Smoothie,3,4.0,12.0,Cash,UNKNOWN,2023-09-12,Tuesday,September
3233,TXN_9680054,Cake,3,3.0,9.0,UNKNOWN,In-store,2023-03-14,Tuesday,March
3234,TXN_7299015,Coffee,5,2.0,10.0,UNKNOWN,Takeaway,2023-12-02,Saturday,December
3235,TXN_6040824,Sandwich,1,4.0,4.0,Cash,UNKNOWN,2023-01-07,Saturday,January
3237,TXN_5889049,Cookie,2,1.0,2.0,UNKNOWN,In-store,2023-07-14,Friday,July
3238,TXN_1177438,Salad,4,5.0,20.0,UNKNOWN,Takeaway,2023-08-21,Monday,August
3242,TXN_6854151,Sandwich,3,4.0,12.0,Credit Card,In-store,2023-02-07,Tuesday,February
3244,TXN_9202272,Sandwich,3,4.0,12.0,UNKNOWN,UNKNOWN,2023-11-29,Wednesday,November
3245,TXN_8620934,Cookie,5,1.0,5.0,UNKNOWN,In-store,2023-09-10,Sunday,September
3246,TXN_8133627,Cake,5,3.0,15.0,Cash,In-store,2023-08-15,Tuesday,August
3247,TXN_5777224,Tea,3,1.5,4.5,UNKNOWN,UNKNOWN,2023-09-16,Saturday,September
3248,TXN_1895899,Smoothie,4,4.0,16.0,Credit Card,In-store,2023-07-17,Monday,July
3250,TXN_5117140,Cookie,5,1.0,5.0,Digital Wallet,Takeaway,2023-08-17,Thursday,August
3251,TXN_2513950,Smoothie,4,4.0,16.0,UNKNOWN,In-store,2023-04-03,Monday,April
3252,TXN_7890585,Cake,5,3.0,15.0,Cash,UNKNOWN,2023-08-11,Friday,August
3253,TXN_5106045,Coffee,3,2.0,6.0,Credit Card,UNKNOWN,2023-11-17,Friday,November
3254,TXN_5177565,Sandwich,5,4.0,20.0,UNKNOWN,UNKNOWN,2023-10-24,Tuesday,October
3255,TXN_2792107,Cake,1,3.0,3.0,UNKNOWN,UNKNOWN,2023-07-10,Monday,July
3256,TXN_4036747,Smoothie,1,4.0,4.0,Cash,Takeaway,2023-05-27,Saturday,May
3257,TXN_2955691,Cake,1,3.0,3.0,UNKNOWN,Takeaway,2023-04-04,Tuesday,April
3259,TXN_9641364,Cookie,3,1.0,3.0,UNKNOWN,In-store,2023-03-04,Saturday,March
3261,TXN_9720549,Cookie,1,1.0,1.0,Credit Card,In-store,2023-07-30,Sunday,July
3263,TXN_2172960,Smoothie,1,4.0,4.0,Digital Wallet,UNKNOWN,2023-07-04,Tuesday,July
3264,TXN_5901182,Sandwich,5,4.0,20.0,Digital Wallet,In-store,2023-07-15,Saturday,July
3266,TXN_1923984,Cake,2,3.0,6.0,Credit Card,Takeaway,2023-08-31,Thursday,August
3267,TXN_4163149,Salad,1,5.0,5.0,Cash,UNKNOWN,2023-07-30,Sunday,July
3268,TXN_5996894,Juice,1,3.0,3.0,Credit Card,UNKNOWN,2023-06-12,Monday,June
3269,TXN_2979899,Cake,5,3.0,15.0,Digital Wallet,UNKNOWN,2023-05-26,Friday,May
3270,TXN_7762739,Sandwich,4,4.0,16.0,UNKNOWN,In-store,2023-11-05,Sunday,November
3271,TXN_6392156,Cookie,5,1.0,5.0,Credit Card,Takeaway,2023-11-12,Sunday,November
3273,TXN_1315847,Cake,1,3.0,3.0,Digital Wallet,In-store,2023-06-19,Monday,June
3274,TXN_9367729,Coffee,2,2.0,4.0,UNKNOWN,Takeaway,2023-10-10,Tuesday,October
3275,TXN_1464150,Coffee,5,2.0,10.0,Cash,Takeaway,2023-02-14,Tuesday,February
3277,TXN_4203560,Juice,1,3.0,3.0,UNKNOWN,UNKNOWN,2023-08-20,Sunday,August
3278,TXN_1493452,Sandwich,3,4.0,12.0,UNKNOWN,UNKNOWN,2023-11-08,Wednesday,November
3280,TXN_4528664,Salad,3,5.0,15.0,Cash,In-store,2023-12-31,Sunday,December
3281,TXN_1775278,Juice,4,3.0,12.0,Credit Card,Takeaway,2023-02-22,Wednesday,February
3282,TXN_1459078,Cookie,5,1.0,5.0,UNKNOWN,In-store,2023-11-10,Friday,November
3284,TXN_1411473,Coffee,3,2.0,6.0,Credit Card,In-store,2023-01-04,Wednesday,January
3285,TXN_5132747,Coffee,2,2.0,4.0,UNKNOWN,UNKNOWN,2023-10-28,Saturday,October
3287,TXN_7684072,Tea,2,1.5,3.0,Credit Card,UNKNOWN,2023-05-12,Friday,May
3288,TXN_3660999,Cake,3,3.0,9.0,Digital Wallet,UNKNOWN,2023-02-02,Thursday,February
3290,TXN_3976744,Juice,1,3.0,3.0,Cash,UNKNOWN,2023-12-25,Monday,December
3291,TXN_3397978,Smoothie,5,4.0,20.0,Digital Wallet,In-store,2023-08-01,Tuesday,August
3292,TXN_8568597,Juice,1,3.0,3.0,Digital Wallet,Takeaway,2023-04-03,Monday,April
3293,TXN_4152709,Sandwich,4,4.0,16.0,UNKNOWN,UNKNOWN,2023-12-03,Sunday,December
3294,TXN_5222110,Coffee,2,2.0,4.0,UNKNOWN,UNKNOWN,2023-01-30,Monday,January
3295,TXN_1987716,Coffee,1,2.0,2.0,Credit Card,UNKNOWN,2023-11-13,Monday,November
3296,TXN_3643348,Sandwich,4,4.0,16.0,Digital Wallet,In-store,2023-09-06,Wednesday,September
3297,TXN_6537449,Salad,2,5.0,10.0,UNKNOWN,In-store,2023-01-15,Sunday,January
3298,TXN_1244509,Smoothie,3,4.0,12.0,Credit Card,In-store,2023-02-21,Tuesday,February
3299,TXN_3490516,Coffee,5,2.0,10.0,UNKNOWN,UNKNOWN,2023-04-28,Friday,April
3300,TXN_2726254,Smoothie,3,4.0,12.0,UNKNOWN,Takeaway,2023-06-08,Thursday,June
3301,TXN_9917989,Smoothie,4,4.0,16.0,Digital Wallet,Takeaway,2023-10-20,Friday,October
3303,TXN_4168628,Tea,4,1.5,6.0,Digital Wallet,In-store,2023-04-27,Thursday,April
3304,TXN_2490026,Cake,5,3.0,15.0,UNKNOWN,UNKNOWN,2023-10-21,Saturday,October
3306,TXN_3597656,Coffee,4,2.0,8.0,Digital Wallet,UNKNOWN,2023-04-03,Monday,April
3307,TXN_1765281,Smoothie,3,4.0,12.0,Credit Card,In-store,2023-01-28,Saturday,January
3308,TXN_4667663,Cake,5,3.0,15.0,Credit Card,UNKNOWN,2023-03-07,Tuesday,March
3309,TXN_8571235,Cake,1,3.0,3.0,Cash,Takeaway,2023-03-01,Wednesday,March
3310,TXN_2580487,Cake,1,3.0,3.0,UNKNOWN,Takeaway,2023-01-13,Friday,January
3311,TXN_2611683,Cake,3,3.0,9.0,Digital Wallet,In-store,2023-04-11,Tuesday,April
3312,TXN_4271744,Juice,3,3.0,9.0,Digital Wallet,Takeaway,2023-06-19,Monday,June
3313,TXN_2917072,Tea,3,1.5,4.5,UNKNOWN,Takeaway,2023-01-25,Wednesday,January
3316,TXN_5153086,Tea,3,1.5,4.5,Cash,In-store,2023-06-27,Tuesday,June
3317,TXN_6004967,Salad,4,5.0,20.0,Credit Card,UNKNOWN,2023-01-13,Friday,January
3318,TXN_3435509,Sandwich,1,4.0,4.0,Cash,Takeaway,2023-08-19,Saturday,August
3319,TXN_2488232,Tea,2,1.5,3.0,UNKNOWN,UNKNOWN,2023-10-05,Thursday,October
3320,TXN_8771574,Coffee,3,2.0,6.0,Digital Wallet,Takeaway,2023-05-03,Wednesday,May
3321,TXN_1181626,Cookie,4,1.0,4.0,UNKNOWN,Takeaway,2023-02-06,Monday,February
3323,TXN_6177161,Tea,5,1.5,7.5,Credit Card,In-store,2023-04-01,Saturday,April
3324,TXN_2500345,Salad,5,5.0,25.0,UNKNOWN,In-store,2023-04-16,Sunday,April
3325,TXN_1228652,Salad,1,5.0,5.0,Cash,In-store,2023-07-24,Monday,July
3326,TXN_4476151,Juice,4,3.0,12.0,Credit Card,In-store,2023-02-15,Wednesday,February
3328,TXN_6557174,Salad,4,5.0,20.0,Credit Card,In-store,2023-08-20,Sunday,August
3329,TXN_5089516,Smoothie,2,4.0,8.0,Credit Card,In-store,2023-11-04,Saturday,November
3330,TXN_5915706,Tea,1,1.5,1.5,Cash,In-store,2023-08-18,Friday,August
3331,TXN_9341159,Cake,5,3.0,15.0,UNKNOWN,UNKNOWN,2023-09-29,Friday,September
3332,TXN_1870303,Coffee,4,2.0,8.0,Digital Wallet,In-store,2023-05-05,Friday,May
3333,TXN_5680238,Juice,5,3.0,15.0,UNKNOWN,UNKNOWN,2023-12-17,Sunday,December
3334,TXN_7766134,Tea,1,1.5,1.5,Credit Card,Takeaway,2023-01-05,Thursday,January
3335,TXN_2617257,Cookie,1,1.0,1.0,Cash,Takeaway,2023-08-20,Sunday,August
3336,TXN_8993132,Cake,3,3.0,9.0,UNKNOWN,In-store,2023-01-21,Saturday,January
3337,TXN_4268167,Smoothie,4,4.0,16.0,UNKNOWN,UNKNOWN,2023-07-06,Thursday,July
3338,TXN_9358399,Tea,5,1.5,7.5,Credit Card,UNKNOWN,2023-06-16,Friday,June
3339,TXN_2793054,Smoothie,4,4.0,16.0,UNKNOWN,Takeaway,2023-04-29,Saturday,April
3340,TXN_6179169,Sandwich,2,4.0,8.0,Cash,In-store,2023-10-21,Saturday,October
3341,TXN_7932895,Smoothie,2,4.0,8.0,UNKNOWN,In-store,2023-04-04,Tuesday,April
3342,TXN_3364751,Coffee,2,2.0,4.0,Digital Wallet,Takeaway,2023-04-12,Wednesday,April
3343,TXN_1097334,Coffee,2,2.0,4.0,Credit Card,Takeaway,2023-03-21,Tuesday,March
3345,TXN_5982786,Juice,4,3.0,12.0,Credit Card,In-store,2023-12-26,Tuesday,December
3346,TXN_3160090,Salad,1,5.0,5.0,UNKNOWN,Takeaway,2023-07-23,Sunday,July
3347,TXN_2300313,Coffee,4,2.0,8.0,UNKNOWN,In-store,2023-06-02,Friday,June
3348,TXN_9461396,Smoothie,5,4.0,20.0,UNKNOWN,UNKNOWN,2023-05-23,Tuesday,May
3349,TXN_6887407,Cake,3,3.0,9.0,Cash,In-store,2023-09-15,Friday,September
3350,TXN_6425991,Salad,1,5.0,5.0,Credit Card,Takeaway,2023-08-06,Sunday,August
3351,TXN_6040882,Cookie,1,1.0,1.0,Cash,In-store,2023-06-06,Tuesday,June
3352,TXN_4151440,Cake,5,3.0,15.0,UNKNOWN,In-store,2023-11-16,Thursday,November
3353,TXN_7921799,Cookie,1,1.0,1.0,Credit Card,Takeaway,2023-09-14,Thursday,September
3355,TXN_2482242,Cookie,4,1.0,4.0,UNKNOWN,UNKNOWN,2023-02-07,Tuesday,February
3356,TXN_5861636,Coffee,4,2.0,8.0,Credit Card,UNKNOWN,2023-05-15,Monday,May
3357,TXN_7272630,Tea,4,1.5,6.0,Cash,Takeaway,2023-03-24,Friday,March
3358,TXN_7157169,Sandwich,3,4.0,12.0,UNKNOWN,UNKNOWN,2023-01-29,Sunday,January
3359,TXN_9325384,Juice,5,3.0,15.0,UNKNOWN,In-store,2023-04-24,Monday,April
3360,TXN_2832778,Juice,2,3.0,6.0,Credit Card,UNKNOWN,2023-09-27,Wednesday,September
3362,TXN_1244299,Sandwich,2,4.0,8.0,Cash,Takeaway,2023-07-18,Tuesday,July
3363,TXN_1694090,Coffee,4,2.0,8.0,Digital Wallet,UNKNOWN,2023-11-30,Thursday,November
3364,TXN_5965095,Salad,4,5.0,20.0,Digital Wallet,In-store,2023-06-16,Friday,June
3365,TXN_7911650,Juice,2,3.0,6.0,Cash,Takeaway,2023-03-13,Monday,March
3366,TXN_9610933,Tea,3,1.5,4.5,Cash,UNKNOWN,2023-05-20,Saturday,May
3368,TXN_4228312,Coffee,4,2.0,8.0,Digital Wallet,UNKNOWN,2023-01-22,Sunday,January
3369,TXN_6431703,Sandwich,1,4.0,4.0,Credit Card,Takeaway,2023-08-25,Friday,August
3370,TXN_1063524,Smoothie,5,4.0,20.0,Credit Card,UNKNOWN,2023-11-09,Thursday,November
3371,TXN_9031518,Sandwich,5,4.0,20.0,Credit Card,In-store,2023-01-13,Friday,January
3372,TXN_5781767,Sandwich,5,4.0,20.0,Credit Card,In-store,2023-04-27,Thursday,April
3376,TXN_9643180,Coffee,2,2.0,4.0,Cash,UNKNOWN,2023-06-10,Saturday,June
3377,TXN_9070074,Coffee,5,2.0,10.0,Digital Wallet,UNKNOWN,2023-02-03,Friday,February
3379,TXN_8715388,Salad,1,5.0,5.0,UNKNOWN,In-store,2023-11-04,Saturday,November
3380,TXN_1980303,Tea,3,1.5,4.5,Digital Wallet,UNKNOWN,2023-04-22,Saturday,April
3383,TXN_2652800,Cake,4,3.0,12.0,Cash,UNKNOWN,2023-11-30,Thursday,November
3384,TXN_7068406,Juice,2,3.0,6.0,Digital Wallet,Takeaway,2023-01-26,Thursday,January
3385,TXN_5380220,Coffee,4,2.0,8.0,Credit Card,In-store,2023-10-18,Wednesday,October
3386,TXN_7842557,Tea,4,1.5,6.0,UNKNOWN,In-store,2023-02-09,Thursday,February
3387,TXN_7208533,Tea,1,1.5,1.5,Cash,In-store,2023-05-15,Monday,May
3388,TXN_6916853,Smoothie,5,4.0,20.0,Cash,UNKNOWN,2023-12-22,Friday,December
3389,TXN_9086710,Salad,2,5.0,10.0,UNKNOWN,In-store,2023-10-27,Friday,October
3390,TXN_1830278,Cookie,3,1.0,3.0,Credit Card,UNKNOWN,2023-05-15,Monday,May
3391,TXN_8388122,Tea,4,1.5,6.0,UNKNOWN,In-store,2023-11-01,Wednesday,November
3392,TXN_8612901,Juice,3,3.0,9.0,Digital Wallet,UNKNOWN,2023-03-18,Saturday,March
3393,TXN_7752958,Juice,2,3.0,6.0,UNKNOWN,UNKNOWN,2023-09-22,Friday,September
3394,TXN_5311814,Tea,4,1.5,6.0,Digital Wallet,UNKNOWN,2023-07-06,Thursday,July
3395,TXN_2933739,Cookie,1,1.0,1.0,Digital Wallet,UNKNOWN,2023-09-15,Friday,September
3398,TXN_3858791,Cookie,5,1.0,5.0,Credit Card,UNKNOWN,2023-06-25,Sunday,June
3399,TXN_1737731,Smoothie,5,4.0,20.0,Digital Wallet,UNKNOWN,2023-06-29,Thursday,June
3400,TXN_6131195,Salad,1,5.0,5.0,UNKNOWN,UNKNOWN,2023-10-24,Tuesday,October
3402,TXN_2727347,Cake,5,3.0,15.0,Cash,Takeaway,2023-01-20,Friday,January
3403,TXN_7242713,Sandwich,1,4.0,4.0,UNKNOWN,In-store,2023-04-21,Friday,April
3405,TXN_3651337,Smoothie,4,4.0,16.0,Cash,In-store,2023-10-25,Wednesday,October
3406,TXN_4740892,Cake,1,3.0,3.0,Digital Wallet,Takeaway,2023-11-19,Sunday,November
3407,TXN_7218719,Cake,1,3.0,3.0,Cash,UNKNOWN,2023-10-07,Saturday,October
3408,TXN_3455415,Cookie,2,1.0,2.0,Credit Card,UNKNOWN,2023-03-31,Friday,March
3410,TXN_3390882,Sandwich,3,4.0,12.0,Credit Card,In-store,2023-07-03,Monday,July
3411,TXN_3848261,Tea,2,1.5,3.0,UNKNOWN,Takeaway,2023-08-03,Thursday,August
3412,TXN_2797925,Cake,2,3.0,6.0,Cash,UNKNOWN,2023-10-19,Thursday,October
3413,TXN_2599005,Cake,2,3.0,6.0,Cash,UNKNOWN,2023-06-10,Saturday,June
3414,TXN_1872692,Salad,5,5.0,25.0,Cash,In-store,2023-08-09,Wednesday,August
3415,TXN_1372492,Salad,4,5.0,20.0,Cash,Takeaway,2023-03-28,Tuesday,March
3416,TXN_6549132,Salad,5,5.0,25.0,UNKNOWN,UNKNOWN,2023-12-05,Tuesday,December
3417,TXN_1003246,Juice,2,3.0,6.0,UNKNOWN,UNKNOWN,2023-02-15,Wednesday,February
3419,TXN_3197621,Sandwich,5,4.0,20.0,UNKNOWN,In-store,2023-02-10,Friday,February
3421,TXN_6221348,Sandwich,1,4.0,4.0,UNKNOWN,UNKNOWN,2023-03-28,Tuesday,March
3422,TXN_4986514,Tea,3,1.5,4.5,Credit Card,In-store,2023-06-06,Tuesday,June
3423,TXN_1050083,Cake,5,3.0,15.0,Credit Card,Takeaway,2023-06-28,Wednesday,June
3424,TXN_5880567,Smoothie,5,4.0,20.0,UNKNOWN,In-store,2023-02-13,Monday,February
3425,TXN_1068317,Juice,3,3.0,9.0,Digital Wallet,Takeaway,2023-03-16,Thursday,March
3426,TXN_7389329,Coffee,4,2.0,8.0,UNKNOWN,UNKNOWN,2023-01-18,Wednesday,January
3428,TXN_6584150,Juice,5,3.0,15.0,Credit Card,UNKNOWN,2023-10-27,Friday,October
3429,TXN_7754428,Cookie,2,1.0,2.0,UNKNOWN,In-store,2023-07-27,Thursday,July
3431,TXN_6484387,Cookie,5,1.0,5.0,Cash,UNKNOWN,2023-11-23,Thursday,November
3432,TXN_4156369,Cake,5,3.0,15.0,UNKNOWN,In-store,2023-08-07,Monday,August
3433,TXN_4483226,Juice,1,3.0,3.0,Credit Card,UNKNOWN,2023-08-08,Tuesday,August
3436,TXN_5297692,Juice,5,3.0,15.0,Credit Card,UNKNOWN,2023-03-21,Tuesday,March
3437,TXN_8241724,Smoothie,1,4.0,4.0,Credit Card,Takeaway,2023-05-14,Sunday,May
3438,TXN_4916936,Smoothie,1,4.0,4.0,UNKNOWN,Takeaway,2023-06-04,Sunday,June
3439,TXN_1425215,Juice,1,3.0,3.0,Cash,Takeaway,2023-03-13,Monday,March
3442,TXN_2363378,Coffee,5,2.0,10.0,Cash,Takeaway,2023-04-23,Sunday,April
3443,TXN_8267616,Tea,4,1.5,6.0,Cash,UNKNOWN,2023-03-01,Wednesday,March
3447,TXN_8999576,Cake,5,3.0,15.0,Digital Wallet,Takeaway,2023-04-09,Sunday,April
3449,TXN_5513984,Tea,1,1.5,1.5,Credit Card,In-store,2023-09-13,Wednesday,September
3451,TXN_5600914,Smoothie,4,4.0,16.0,Credit Card,UNKNOWN,2023-02-16,Thursday,February
3452,TXN_9923860,Cookie,2,1.0,2.0,UNKNOWN,UNKNOWN,2023-11-16,Thursday,November
3453,TXN_5346493,Cookie,5,1.0,5.0,Digital Wallet,In-store,2023-04-08,Saturday,April
3454,TXN_3528599,Cookie,1,1.0,1.0,UNKNOWN,UNKNOWN,2023-12-09,Saturday,December
3455,TXN_5738521,Coffee,5,2.0,10.0,Digital Wallet,UNKNOWN,2023-03-14,Tuesday,March
3456,TXN_6219634,Salad,1,5.0,5.0,Cash,Takeaway,2023-09-11,Monday,September
3457,TXN_3539062,Salad,2,5.0,10.0,Digital Wallet,In-store,2023-10-04,Wednesday,October
3458,TXN_8782513,Sandwich,5,4.0,20.0,UNKNOWN,Takeaway,2023-10-15,Sunday,October
3460,TXN_2851804,Coffee,3,2.0,6.0,UNKNOWN,UNKNOWN,2023-11-30,Thursday,November
3461,TXN_9175519,Cake,4,3.0,12.0,UNKNOWN,UNKNOWN,2023-10-05,Thursday,October
3462,TXN_6224451,Sandwich,1,4.0,4.0,Credit Card,UNKNOWN,2023-03-19,Sunday,March
3464,TXN_7630912,Juice,2,3.0,6.0,Credit Card,UNKNOWN,2023-01-04,Wednesday,January
3466,TXN_2134911,Tea,5,1.5,7.5,Digital Wallet,In-store,2023-10-07,Saturday,October
3467,TXN_4013761,Coffee,3,2.0,6.0,UNKNOWN,UNKNOWN,2023-09-07,Thursday,September
3469,TXN_6616311,Coffee,4,2.0,8.0,UNKNOWN,UNKNOWN,2023-09-01,Friday,September
3471,TXN_6991430,Cookie,5,1.0,5.0,Cash,In-store,2023-05-31,Wednesday,May
3472,TXN_6778974,Smoothie,2,4.0,8.0,UNKNOWN,UNKNOWN,2023-09-07,Thursday,September
3473,TXN_1818438,Coffee,5,2.0,10.0,Cash,UNKNOWN,2023-06-18,Sunday,June
3474,TXN_5486886,Smoothie,1,4.0,4.0,UNKNOWN,UNKNOWN,2023-12-23,Saturday,December
3475,TXN_5470598,Cake,3,3.0,9.0,Digital Wallet,In-store,2023-03-14,Tuesday,March
3476,TXN_3186333,Cookie,5,1.0,5.0,Cash,In-store,2023-08-19,Saturday,August
3477,TXN_8748633,Sandwich,5,4.0,20.0,Cash,Takeaway,2023-04-27,Thursday,April
3478,TXN_3228558,Sandwich,2,4.0,8.0,Credit Card,UNKNOWN,2023-12-13,Wednesday,December
3480,TXN_6506895,Cake,5,3.0,15.0,Credit Card,In-store,2023-08-10,Thursday,August
3481,TXN_2917211,Smoothie,5,4.0,20.0,Digital Wallet,Takeaway,2023-11-19,Sunday,November
3482,TXN_5882566,Cake,1,3.0,3.0,UNKNOWN,Takeaway,2023-07-09,Sunday,July
3483,TXN_2413548,Tea,2,1.5,3.0,Credit Card,UNKNOWN,2023-08-12,Saturday,August
3485,TXN_7116936,Coffee,5,2.0,10.0,Credit Card,Takeaway,2023-05-19,Friday,May
3486,TXN_7991322,Coffee,5,2.0,10.0,Digital Wallet,UNKNOWN,2023-11-14,Tuesday,November
3488,TXN_4209748,Cookie,2,1.0,2.0,Digital Wallet,Takeaway,2023-10-24,Tuesday,October
3489,TXN_8941438,Juice,4,3.0,12.0,Digital Wallet,UNKNOWN,2023-07-23,Sunday,July
3490,TXN_7932127,Coffee,3,2.0,6.0,UNKNOWN,UNKNOWN,2023-07-29,Saturday,July
3491,TXN_7097699,Tea,4,1.5,6.0,UNKNOWN,Takeaway,2023-12-16,Saturday,December
3492,TXN_7054849,Cake,4,3.0,12.0,Cash,Takeaway,2023-06-16,Friday,June
3493,TXN_7185724,Cake,4,3.0,12.0,UNKNOWN,Takeaway,2023-05-06,Saturday,May
3494,TXN_5664982,Tea,5,1.5,7.5,Digital Wallet,In-store,2023-12-24,Sunday,December
3495,TXN_9378562,Juice,3,3.0,9.0,UNKNOWN,UNKNOWN,2023-09-06,Wednesday,September
3496,TXN_2892693,Cookie,4,1.0,4.0,Credit Card,In-store,2023-03-02,Thursday,March
3499,TXN_4639918,Sandwich,1,4.0,4.0,Digital Wallet,UNKNOWN,2023-11-05,Sunday,November
3500,TXN_6037144,Tea,3,1.5,4.5,Cash,Takeaway,2023-09-02,Saturday,September
3501,TXN_3494014,Cake,1,3.0,3.0,Credit Card,In-store,2023-06-09,Friday,June
3502,TXN_3656884,Coffee,5,2.0,10.0,Credit Card,UNKNOWN,2023-10-08,Sunday,October
3503,TXN_2277013,Smoothie,3,4.0,12.0,UNKNOWN,UNKNOWN,2023-07-26,Wednesday,July
3504,TXN_5423636,Sandwich,4,4.0,16.0,Cash,UNKNOWN,2023-10-18,Wednesday,October
3505,TXN_8040251,Coffee,1,2.0,2.0,Digital Wallet,UNKNOWN,2023-04-16,Sunday,April
3506,TXN_1635137,Cake,2,3.0,6.0,Cash,UNKNOWN,2023-12-28,Thursday,December
3507,TXN_8411549,Tea,4,1.5,6.0,Credit Card,In-store,2023-02-15,Wednesday,February
3509,TXN_1503903,Tea,1,1.5,1.5,Cash,Takeaway,2023-03-20,Monday,March
3510,TXN_8606152,Smoothie,5,4.0,20.0,Credit Card,UNKNOWN,2023-08-05,Saturday,August
3511,TXN_1260517,Smoothie,5,4.0,20.0,Digital Wallet,Takeaway,2023-04-17,Monday,April
3512,TXN_6898368,Smoothie,3,4.0,12.0,Digital Wallet,UNKNOWN,2023-05-01,Monday,May
3513,TXN_2224251,Juice,4,3.0,12.0,Digital Wallet,Takeaway,2023-04-14,Friday,April
3514,TXN_4567429,Tea,3,1.5,4.5,Cash,UNKNOWN,2023-10-11,Wednesday,October
3515,TXN_8622404,Cookie,3,1.0,3.0,UNKNOWN,UNKNOWN,2023-09-21,Thursday,September
3516,TXN_1152249,Smoothie,3,4.0,12.0,UNKNOWN,In-store,2023-05-09,Tuesday,May
3517,TXN_2989533,Salad,5,5.0,25.0,UNKNOWN,Takeaway,2023-01-30,Monday,January
3519,TXN_9517380,Tea,4,1.5,6.0,Cash,UNKNOWN,2023-10-29,Sunday,October
3521,TXN_1363508,Salad,4,5.0,20.0,Cash,UNKNOWN,2023-08-08,Tuesday,August
3522,TXN_7969017,Tea,3,1.5,4.5,Digital Wallet,UNKNOWN,2023-02-17,Friday,February
3523,TXN_6987705,Cookie,5,1.0,5.0,Cash,UNKNOWN,2023-06-04,Sunday,June
3524,TXN_8490157,Salad,2,5.0,10.0,Credit Card,In-store,2023-09-06,Wednesday,September
3525,TXN_7878395,Salad,3,5.0,15.0,Credit Card,In-store,2023-05-26,Friday,May
3527,TXN_9216314,Cake,1,3.0,3.0,Credit Card,UNKNOWN,2023-03-07,Tuesday,March
3528,TXN_1647144,Salad,2,5.0,10.0,UNKNOWN,Takeaway,2023-08-29,Tuesday,August
3529,TXN_4090464,Sandwich,5,4.0,20.0,Cash,Takeaway,2023-01-16,Monday,January
3530,TXN_2172301,Cookie,4,1.0,4.0,Digital Wallet,Takeaway,2023-04-06,Thursday,April
3531,TXN_3730077,Cookie,2,1.0,2.0,Credit Card,UNKNOWN,2023-07-08,Saturday,July
3532,TXN_8253046,Cake,1,3.0,3.0,UNKNOWN,In-store,2023-12-20,Wednesday,December
3533,TXN_2901304,Cookie,3,1.0,3.0,UNKNOWN,UNKNOWN,2023-07-01,Saturday,July
3534,TXN_6198799,Salad,1,5.0,5.0,UNKNOWN,UNKNOWN,2023-05-27,Saturday,May
3535,TXN_9910573,Salad,2,5.0,10.0,UNKNOWN,Takeaway,2023-01-28,Saturday,January
3536,TXN_3680192,Salad,4,5.0,20.0,Digital Wallet,Takeaway,2023-05-20,Saturday,May
3537,TXN_9268974,Sandwich,2,4.0,8.0,Digital Wallet,Takeaway,2023-10-29,Sunday,October
3538,TXN_7435796,Coffee,2,2.0,4.0,Cash,In-store,2023-11-03,Friday,November
3539,TXN_1882390,Cookie,1,1.0,1.0,UNKNOWN,Takeaway,2023-05-22,Monday,May
3540,TXN_2465074,Smoothie,1,4.0,4.0,Digital Wallet,UNKNOWN,2023-09-29,Friday,September
3541,TXN_8038871,Juice,5,3.0,15.0,Digital Wallet,UNKNOWN,2023-06-09,Friday,June
3542,TXN_1269172,Sandwich,1,4.0,4.0,Cash,UNKNOWN,2023-08-22,Tuesday,August
3543,TXN_4564556,Coffee,3,2.0,6.0,Credit Card,UNKNOWN,2023-11-21,Tuesday,November
3544,TXN_8139533,Smoothie,1,4.0,4.0,Cash,In-store,2023-09-21,Thursday,September
3547,TXN_7349319,Cookie,3,1.0,3.0,Digital Wallet,UNKNOWN,2023-03-10,Friday,March
3548,TXN_7294526,Smoothie,5,4.0,20.0,Digital Wallet,Takeaway,2023-12-02,Saturday,December
3549,TXN_5618976,Coffee,2,2.0,4.0,Cash,Takeaway,2023-12-05,Tuesday,December
3550,TXN_3964398,Cake,4,3.0,12.0,Credit Card,Takeaway,2023-10-20,Friday,October
3551,TXN_4372163,Sandwich,1,4.0,4.0,UNKNOWN,UNKNOWN,2023-03-10,Friday,March
3552,TXN_7242133,Coffee,3,2.0,6.0,UNKNOWN,UNKNOWN,2023-05-20,Saturday,May
3553,TXN_7083168,Cookie,4,1.0,4.0,UNKNOWN,Takeaway,2023-06-01,Thursday,June
3555,TXN_1210183,Tea,3,1.5,4.5,UNKNOWN,In-store,2023-01-23,Monday,January
3556,TXN_3419352,Salad,3,5.0,15.0,Digital Wallet,In-store,2023-10-22,Sunday,October
3557,TXN_1900036,Cookie,1,1.0,1.0,UNKNOWN,UNKNOWN,2023-12-20,Wednesday,December
3558,TXN_7497565,Cookie,4,1.0,4.0,UNKNOWN,Takeaway,2023-10-07,Saturday,October
3560,TXN_6716918,Coffee,2,2.0,4.0,UNKNOWN,UNKNOWN,2023-04-10,Monday,April
3561,TXN_6654975,Salad,3,5.0,15.0,UNKNOWN,In-store,2023-08-11,Friday,August
3562,TXN_9184804,Cookie,2,1.0,2.0,Digital Wallet,UNKNOWN,2023-11-08,Wednesday,November
3563,TXN_9100063,Sandwich,2,4.0,8.0,UNKNOWN,In-store,2023-09-16,Saturday,September
3564,TXN_6202631,Tea,2,1.5,3.0,Digital Wallet,Takeaway,2023-07-29,Saturday,July
3565,TXN_1868447,Tea,3,1.5,4.5,Cash,UNKNOWN,2023-09-30,Saturday,September
3566,TXN_4726531,Salad,5,5.0,25.0,Cash,Takeaway,2023-09-09,Saturday,September
3567,TXN_8640655,Coffee,3,2.0,6.0,UNKNOWN,UNKNOWN,2023-12-27,Wednesday,December
3568,TXN_8377812,Tea,2,1.5,3.0,Digital Wallet,In-store,2023-03-27,Monday,March
3569,TXN_2603561,Coffee,3,2.0,6.0,Digital Wallet,UNKNOWN,2023-04-25,Tuesday,April
3570,TXN_9822173,Cake,5,3.0,15.0,Digital Wallet,UNKNOWN,2023-05-22,Monday,May
3571,TXN_2163150,Salad,1,5.0,5.0,Cash,In-store,2023-08-25,Friday,August
3572,TXN_2371464,Smoothie,4,4.0,16.0,Cash,In-store,2023-09-20,Wednesday,September
3573,TXN_3389521,Salad,5,5.0,25.0,Digital Wallet,UNKNOWN,2023-02-10,Friday,February
3574,TXN_8916290,Salad,5,5.0,25.0,Digital Wallet,UNKNOWN,2023-07-08,Saturday,July
3577,TXN_8275626,Coffee,2,2.0,4.0,UNKNOWN,Takeaway,2023-09-10,Sunday,September
3578,TXN_9803409,Cookie,4,1.0,4.0,UNKNOWN,In-store,2023-01-24,Tuesday,January
3579,TXN_3094597,Sandwich,4,4.0,16.0,UNKNOWN,UNKNOWN,2023-03-11,Saturday,March
3580,TXN_5276842,Coffee,2,2.0,4.0,Digital Wallet,Takeaway,2023-06-26,Monday,June
3581,TXN_1367003,Salad,5,5.0,25.0,Cash,In-store,2023-11-10,Friday,November
3584,TXN_5696844,Cookie,2,1.0,2.0,UNKNOWN,In-store,2023-01-29,Sunday,January
3585,TXN_5672156,Cookie,2,1.0,2.0,Credit Card,In-store,2023-07-05,Wednesday,July
3588,TXN_6293225,Cake,4,3.0,12.0,Cash,UNKNOWN,2023-07-02,Sunday,July
3589,TXN_6567880,Sandwich,5,4.0,20.0,Credit Card,UNKNOWN,2023-08-15,Tuesday,August
3590,TXN_6355620,Cookie,1,1.0,1.0,Cash,UNKNOWN,2023-06-18,Sunday,June
3591,TXN_3466686,Smoothie,3,4.0,12.0,Digital Wallet,Takeaway,2023-09-03,Sunday,September
3592,TXN_6064301,Cookie,1,1.0,1.0,Credit Card,Takeaway,2023-07-12,Wednesday,July
3593,TXN_5005674,Salad,4,5.0,20.0,Credit Card,In-store,2023-10-03,Tuesday,October
3594,TXN_1714471,Juice,4,3.0,12.0,Cash,Takeaway,2023-08-17,Thursday,August
3596,TXN_6377813,Salad,2,5.0,10.0,Credit Card,UNKNOWN,2023-08-07,Monday,August
3598,TXN_2857444,Smoothie,1,4.0,4.0,Cash,Takeaway,2023-05-10,Wednesday,May
3599,TXN_1064565,Juice,4,3.0,12.0,Digital Wallet,In-store,2023-03-14,Tuesday,March
3601,TXN_9104545,Juice,2,3.0,6.0,Digital Wallet,Takeaway,2023-03-19,Sunday,March
3602,TXN_2108125,Coffee,1,2.0,2.0,Credit Card,In-store,2023-10-06,Friday,October
3603,TXN_7795324,Salad,2,5.0,10.0,UNKNOWN,UNKNOWN,2023-06-28,Wednesday,June
3604,TXN_1203191,Coffee,5,2.0,10.0,UNKNOWN,In-store,2023-10-12,Thursday,October
3605,TXN_8743849,Juice,2,3.0,6.0,Digital Wallet,Takeaway,2023-05-04,Thursday,May
3606,TXN_8588231,Cake,4,3.0,12.0,UNKNOWN,Takeaway,2023-09-02,Saturday,September
3607,TXN_6324818,Salad,5,5.0,25.0,UNKNOWN,UNKNOWN,2023-06-26,Monday,June
3608,TXN_4536827,Cookie,3,1.0,3.0,Digital Wallet,Takeaway,2023-10-14,Saturday,October
3610,TXN_2693108,Cookie,3,1.0,3.0,Cash,In-store,2023-11-18,Saturday,November
3611,TXN_6234070,Smoothie,2,4.0,8.0,Credit Card,Takeaway,2023-01-31,Tuesday,January
3612,TXN_9816901,Coffee,2,2.0,4.0,Cash,UNKNOWN,2023-12-07,Thursday,December
3613,TXN_9489495,Coffee,1,2.0,2.0,Credit Card,UNKNOWN,2023-05-20,Saturday,May
3614,TXN_7637178,Coffee,3,2.0,6.0,Digital Wallet,Takeaway,2023-05-26,Friday,May
3615,TXN_1281536,Smoothie,5,4.0,20.0,Digital Wallet,In-store,2023-03-19,Sunday,March
3617,TXN_8736069,Tea,5,1.5,7.5,Cash,Takeaway,2023-07-06,Thursday,July
3618,TXN_7975336,Tea,5,1.5,7.5,Credit Card,Takeaway,2023-12-03,Sunday,December
3619,TXN_9278090,Cake,5,3.0,15.0,Credit Card,UNKNOWN,2023-12-28,Thursday,December
3621,TXN_1193809,Tea,3,1.5,4.5,Digital Wallet,UNKNOWN,2023-01-21,Saturday,January
3622,TXN_9281710,Juice,3,3.0,9.0,Credit Card,In-store,2023-08-05,Saturday,August
3624,TXN_3291149,Coffee,5,2.0,10.0,UNKNOWN,UNKNOWN,2023-12-09,Saturday,December
3626,TXN_8172182,Cake,2,3.0,6.0,UNKNOWN,UNKNOWN,2023-06-22,Thursday,June
3627,TXN_3902135,Tea,4,1.5,6.0,Credit Card,UNKNOWN,2023-06-20,Tuesday,June
3628,TXN_9007414,Cake,3,3.0,9.0,Cash,UNKNOWN,2023-12-08,Friday,December
3629,TXN_9131337,Sandwich,4,4.0,16.0,Credit Card,Takeaway,2023-05-24,Wednesday,May
3630,TXN_2278015,Tea,2,1.5,3.0,Digital Wallet,In-store,2023-04-10,Monday,April
3631,TXN_1077060,Coffee,3,2.0,6.0,UNKNOWN,Takeaway,2023-08-22,Tuesday,August
3632,TXN_9362728,Sandwich,1,4.0,4.0,UNKNOWN,In-store,2023-12-26,Tuesday,December
3636,TXN_9281586,Sandwich,5,4.0,20.0,UNKNOWN,UNKNOWN,2023-05-20,Saturday,May
3638,TXN_9350427,Juice,5,3.0,15.0,UNKNOWN,UNKNOWN,2023-01-24,Tuesday,January
3639,TXN_7860054,Tea,5,1.5,7.5,Credit Card,In-store,2023-02-07,Tuesday,February
3640,TXN_9233730,Tea,5,1.5,7.5,Credit Card,UNKNOWN,2023-05-28,Sunday,May
3641,TXN_8304399,Tea,2,1.5,3.0,Cash,In-store,2023-06-08,Thursday,June
3642,TXN_1538515,Juice,4,3.0,12.0,Cash,UNKNOWN,2023-06-11,Sunday,June
3644,TXN_4565233,Salad,3,5.0,15.0,Credit Card,In-store,2023-11-16,Thursday,November
3645,TXN_6898341,Tea,2,1.5,3.0,Credit Card,In-store,2023-08-21,Monday,August
3646,TXN_1016246,Coffee,1,2.0,2.0,UNKNOWN,UNKNOWN,2023-01-19,Thursday,January
3647,TXN_9160109,Cake,1,3.0,3.0,Credit Card,UNKNOWN,2023-08-03,Thursday,August
3648,TXN_1082012,Smoothie,5,4.0,20.0,Credit Card,UNKNOWN,2023-01-04,Wednesday,January
3650,TXN_7322436,Sandwich,3,4.0,12.0,Digital Wallet,In-store,2023-06-29,Thursday,June
3651,TXN_1733916,Sandwich,4,4.0,16.0,Digital Wallet,In-store,2023-01-12,Thursday,January
3652,TXN_6068564,Cake,4,3.0,12.0,Credit Card,Takeaway,2023-09-28,Thursday,September
3654,TXN_4507630,Smoothie,2,4.0,8.0,UNKNOWN,Takeaway,2023-05-11,Thursday,May
3657,TXN_6309570,Smoothie,1,4.0,4.0,Digital Wallet,In-store,2023-09-26,Tuesday,September
3661,TXN_8192063,Juice,4,3.0,12.0,Cash,UNKNOWN,2023-02-06,Monday,February
3663,TXN_1603563,Cake,4,3.0,12.0,UNKNOWN,Takeaway,2023-04-13,Thursday,April
3664,TXN_6346483,Coffee,1,2.0,2.0,Credit Card,UNKNOWN,2023-06-08,Thursday,June
3665,TXN_3499910,Cookie,4,1.0,4.0,Credit Card,Takeaway,2023-09-29,Friday,September
3667,TXN_5941840,Cookie,4,1.0,4.0,UNKNOWN,UNKNOWN,2023-04-01,Saturday,April
3668,TXN_6249023,Juice,1,3.0,3.0,Credit Card,UNKNOWN,2023-11-03,Friday,November
3669,TXN_8620426,Cookie,3,1.0,3.0,Credit Card,Takeaway,2023-11-28,Tuesday,November
3670,TXN_2037742,Cake,4,3.0,12.0,Digital Wallet,In-store,2023-11-14,Tuesday,November
3671,TXN_7013527,Salad,2,5.0,10.0,Credit Card,In-store,2023-05-18,Thursday,May
3672,TXN_2798420,Tea,5,1.5,7.5,Digital Wallet,Takeaway,2023-03-17,Friday,March
3676,TXN_3926570,Coffee,3,2.0,6.0,UNKNOWN,UNKNOWN,2023-09-04,Monday,September
3678,TXN_5506907,Cookie,2,1.0,2.0,Cash,Takeaway,2023-12-08,Friday,December
3680,TXN_5353468,Tea,2,1.5,3.0,Credit Card,In-store,2023-11-30,Thursday,November
3681,TXN_2111293,Smoothie,3,4.0,12.0,UNKNOWN,Takeaway,2023-05-29,Monday,May
3682,TXN_2101632,Sandwich,4,4.0,16.0,UNKNOWN,Takeaway,2023-06-12,Monday,June
3683,TXN_3355537,Tea,3,1.5,4.5,Digital Wallet,UNKNOWN,2023-01-09,Monday,January
3684,TXN_4594866,Cookie,1,1.0,1.0,Digital Wallet,UNKNOWN,2023-03-24,Friday,March
3685,TXN_7485712,Sandwich,4,4.0,16.0,Cash,In-store,2023-04-15,Saturday,April
3686,TXN_4848431,Salad,5,5.0,25.0,Credit Card,UNKNOWN,2023-01-09,Monday,January
3687,TXN_7352058,Coffee,2,2.0,4.0,UNKNOWN,Takeaway,2023-08-24,Thursday,August
3688,TXN_3442244,Cake,4,3.0,12.0,UNKNOWN,Takeaway,2023-05-13,Saturday,May
3689,TXN_9810868,Cookie,1,1.0,1.0,Credit Card,Takeaway,2023-10-05,Thursday,October
3691,TXN_4837909,Cake,5,3.0,15.0,UNKNOWN,Takeaway,2023-11-19,Sunday,November
3692,TXN_4722816,Salad,4,5.0,20.0,Cash,In-store,2023-10-19,Thursday,October
3693,TXN_1833012,Salad,3,5.0,15.0,Digital Wallet,UNKNOWN,2023-08-16,Wednesday,August
3694,TXN_6933222,Tea,1,1.5,1.5,Cash,UNKNOWN,2023-01-22,Sunday,January
3695,TXN_7737862,Cookie,2,1.0,2.0,Credit Card,UNKNOWN,2023-08-29,Tuesday,August
3696,TXN_7814690,Smoothie,1,4.0,4.0,Credit Card,Takeaway,2023-05-10,Wednesday,May
3698,TXN_6083650,Coffee,2,2.0,4.0,Digital Wallet,Takeaway,2023-07-01,Saturday,July
3699,TXN_8342990,Tea,1,1.5,1.5,Digital Wallet,Takeaway,2023-04-23,Sunday,April
3700,TXN_4407959,Tea,1,1.5,1.5,Digital Wallet,Takeaway,2023-01-28,Saturday,January
3702,TXN_3422759,Salad,5,5.0,25.0,Credit Card,Takeaway,2023-02-19,Sunday,February
3703,TXN_1074435,Coffee,1,2.0,2.0,UNKNOWN,In-store,2023-11-25,Saturday,November
3704,TXN_8164332,Tea,4,1.5,6.0,Cash,Takeaway,2023-04-22,Saturday,April
3706,TXN_9715885,Smoothie,4,4.0,16.0,UNKNOWN,In-store,2023-06-16,Friday,June
3707,TXN_1583983,Tea,3,1.5,4.5,Credit Card,UNKNOWN,2023-03-02,Thursday,March
3708,TXN_3634860,Juice,5,3.0,15.0,Credit Card,UNKNOWN,2023-05-28,Sunday,May
3709,TXN_5732357,Tea,5,1.5,7.5,Credit Card,UNKNOWN,2023-05-06,Saturday,May
3712,TXN_2567222,Coffee,3,2.0,6.0,UNKNOWN,Takeaway,2023-09-09,Saturday,September
3713,TXN_3166181,Cookie,3,1.0,3.0,Credit Card,In-store,2023-05-21,Sunday,May
3714,TXN_5644074,Sandwich,2,4.0,8.0,Digital Wallet,In-store,2023-11-08,Wednesday,November
3715,TXN_5173881,Cookie,3,1.0,3.0,Cash,Takeaway,2023-01-29,Sunday,January
3716,TXN_2396923,Cookie,1,1.0,1.0,Digital Wallet,UNKNOWN,2023-11-02,Thursday,November
3718,TXN_9612877,Smoothie,1,4.0,4.0,Cash,In-store,2023-03-07,Tuesday,March
3719,TXN_4841285,Tea,2,1.5,3.0,Credit Card,UNKNOWN,2023-05-04,Thursday,May
3720,TXN_1263426,Sandwich,2,4.0,8.0,UNKNOWN,UNKNOWN,2023-10-20,Friday,October
3721,TXN_5293518,Sandwich,3,4.0,12.0,UNKNOWN,In-store,2023-07-16,Sunday,July
3722,TXN_4296204,Salad,5,5.0,25.0,Digital Wallet,In-store,2023-11-28,Tuesday,November
3724,TXN_6478978,Juice,3,3.0,9.0,Credit Card,Takeaway,2023-10-27,Friday,October
3725,TXN_2030107,Juice,4,3.0,12.0,UNKNOWN,Takeaway,2023-01-03,Tuesday,January
3726,TXN_4897182,Cake,3,3.0,9.0,Cash,Takeaway,2023-11-26,Sunday,November
3727,TXN_4612269,Salad,5,5.0,25.0,UNKNOWN,UNKNOWN,2023-01-09,Monday,January
3728,TXN_7630750,Juice,2,3.0,6.0,Digital Wallet,In-store,2023-03-16,Thursday,March
3729,TXN_6380978,Tea,1,1.5,1.5,Cash,UNKNOWN,2023-12-31,Sunday,December
3731,TXN_7551023,Salad,5,5.0,25.0,Cash,UNKNOWN,2023-10-06,Friday,October
3734,TXN_1269252,Cake,1,3.0,3.0,Digital Wallet,Takeaway,2023-07-18,Tuesday,July
3735,TXN_2377708,Cookie,1,1.0,1.0,UNKNOWN,Takeaway,2023-01-03,Tuesday,January
3736,TXN_3193212,Cake,1,3.0,3.0,Cash,In-store,2023-11-23,Thursday,November
3737,TXN_1427963,Coffee,1,2.0,2.0,Cash,UNKNOWN,2023-10-14,Saturday,October
3738,TXN_3391446,Tea,1,1.5,1.5,UNKNOWN,Takeaway,2023-01-14,Saturday,January
3740,TXN_2370338,Cake,4,3.0,12.0,Credit Card,Takeaway,2023-10-30,Monday,October
3741,TXN_8628848,Juice,1,3.0,3.0,Credit Card,In-store,2023-01-29,Sunday,January
3742,TXN_4294955,Salad,5,5.0,25.0,UNKNOWN,UNKNOWN,2023-10-19,Thursday,October
3743,TXN_6894703,Cookie,1,1.0,1.0,Digital Wallet,UNKNOWN,2023-06-06,Tuesday,June
3744,TXN_9926931,Cookie,5,1.0,5.0,UNKNOWN,Takeaway,2023-01-26,Thursday,January
3745,TXN_9681369,Salad,5,5.0,25.0,UNKNOWN,UNKNOWN,2023-10-23,Monday,October
3746,TXN_9246948,Cake,5,3.0,15.0,Credit Card,UNKNOWN,2023-11-11,Saturday,November
3747,TXN_8519330,Cookie,4,1.0,4.0,UNKNOWN,UNKNOWN,2023-03-18,Saturday,March
3748,TXN_1720329,Cookie,2,1.0,2.0,Cash,UNKNOWN,2023-04-06,Thursday,April
3749,TXN_9859715,Smoothie,5,4.0,20.0,UNKNOWN,UNKNOWN,2023-07-11,Tuesday,July
3750,TXN_2805332,Cake,4,3.0,12.0,Cash,UNKNOWN,2023-08-10,Thursday,August
3751,TXN_4807265,Sandwich,3,4.0,12.0,Digital Wallet,UNKNOWN,2023-11-19,Sunday,November
3752,TXN_5275315,Smoothie,2,4.0,8.0,Digital Wallet,In-store,2023-01-19,Thursday,January
3753,TXN_7423281,Juice,1,3.0,3.0,Digital Wallet,UNKNOWN,2023-06-01,Thursday,June
3754,TXN_9764251,Cookie,4,1.0,4.0,UNKNOWN,Takeaway,2023-06-18,Sunday,June
3756,TXN_9272043,Cake,4,3.0,12.0,UNKNOWN,UNKNOWN,2023-04-20,Thursday,April
3758,TXN_4455667,Sandwich,2,4.0,8.0,Credit Card,UNKNOWN,2023-08-13,Sunday,August
3760,TXN_8124663,Sandwich,2,4.0,8.0,Credit Card,Takeaway,2023-10-15,Sunday,October
3763,TXN_6717074,Tea,3,1.5,4.5,Digital Wallet,Takeaway,2023-06-12,Monday,June
3765,TXN_3856021,Salad,1,5.0,5.0,Credit Card,UNKNOWN,2023-02-24,Friday,February
3766,TXN_2902289,Tea,5,1.5,7.5,Credit Card,In-store,2023-12-16,Saturday,December
3767,TXN_9456575,Tea,5,1.5,7.5,Cash,UNKNOWN,2023-06-10,Saturday,June
3768,TXN_9231214,Tea,4,1.5,6.0,Digital Wallet,Takeaway,2023-05-24,Wednesday,May
3770,TXN_2005789,Juice,3,3.0,9.0,Credit Card,Takeaway,2023-03-13,Monday,March
3771,TXN_4814965,Salad,2,5.0,10.0,Digital Wallet,UNKNOWN,2023-07-23,Sunday,July
3772,TXN_5656252,Sandwich,4,4.0,16.0,UNKNOWN,Takeaway,2023-08-04,Friday,August
3775,TXN_1122700,Salad,5,5.0,25.0,Digital Wallet,In-store,2023-11-09,Thursday,November
3776,TXN_6441337,Coffee,5,2.0,10.0,UNKNOWN,Takeaway,2023-02-22,Wednesday,February
3777,TXN_9134335,Cake,3,3.0,9.0,Digital Wallet,Takeaway,2023-01-30,Monday,January
3778,TXN_7278970,Salad,2,5.0,10.0,UNKNOWN,In-store,2023-08-15,Tuesday,August
3780,TXN_1075969,Cookie,2,1.0,2.0,Digital Wallet,UNKNOWN,2023-08-13,Sunday,August
3781,TXN_1972843,Coffee,2,2.0,4.0,UNKNOWN,UNKNOWN,2023-02-20,Monday,February
3782,TXN_9546951,Sandwich,4,4.0,16.0,UNKNOWN,UNKNOWN,2023-12-14,Thursday,December
3783,TXN_2336946,Sandwich,4,4.0,16.0,UNKNOWN,UNKNOWN,2023-05-29,Monday,May
3784,TXN_4219548,Coffee,5,2.0,10.0,UNKNOWN,Takeaway,2023-07-24,Monday,July
3785,TXN_5799196,Sandwich,3,4.0,12.0,Digital Wallet,UNKNOWN,2023-12-03,Sunday,December
3786,TXN_3337203,Smoothie,3,4.0,12.0,UNKNOWN,Takeaway,2023-11-16,Thursday,November
3787,TXN_4561006,Juice,3,3.0,9.0,Credit Card,UNKNOWN,2023-11-23,Thursday,November
3788,TXN_6652858,Salad,5,5.0,25.0,Credit Card,In-store,2023-09-13,Wednesday,September
3789,TXN_5932892,Juice,4,3.0,12.0,Digital Wallet,In-store,2023-11-19,Sunday,November
3790,TXN_7466586,Salad,4,5.0,20.0,Digital Wallet,Takeaway,2023-04-02,Sunday,April
3791,TXN_4207981,Smoothie,1,4.0,4.0,Digital Wallet,In-store,2023-03-17,Friday,March
3792,TXN_2771482,Salad,4,5.0,20.0,Credit Card,UNKNOWN,2023-02-03,Friday,February
3793,TXN_9450903,Smoothie,3,4.0,12.0,Digital Wallet,UNKNOWN,2023-04-07,Friday,April
3794,TXN_1165779,Cookie,4,1.0,4.0,Digital Wallet,Takeaway,2023-06-30,Friday,June
3797,TXN_4607933,Smoothie,2,4.0,8.0,Credit Card,In-store,2023-09-22,Friday,September
3798,TXN_3486178,Cake,5,3.0,15.0,Cash,UNKNOWN,2023-06-09,Friday,June
3799,TXN_2324227,Cookie,1,1.0,1.0,Digital Wallet,In-store,2023-06-07,Wednesday,June
3800,TXN_2452819,Cookie,3,1.0,3.0,Credit Card,In-store,2023-07-31,Monday,July
3802,TXN_4789193,Juice,3,3.0,9.0,UNKNOWN,UNKNOWN,2023-02-21,Tuesday,February
3803,TXN_5743519,Smoothie,2,4.0,8.0,Cash,UNKNOWN,2023-05-23,Tuesday,May
3804,TXN_1783857,Coffee,2,2.0,4.0,Digital Wallet,In-store,2023-11-29,Wednesday,November
3806,TXN_8106538,Coffee,3,2.0,6.0,Digital Wallet,UNKNOWN,2023-07-09,Sunday,July
3807,TXN_6732494,Coffee,2,2.0,4.0,Credit Card,Takeaway,2023-03-18,Saturday,March
3810,TXN_5458161,Sandwich,1,4.0,4.0,Digital Wallet,Takeaway,2023-07-19,Wednesday,July
3811,TXN_1518379,Juice,4,3.0,12.0,UNKNOWN,In-store,2023-08-12,Saturday,August
3812,TXN_9097840,Tea,3,1.5,4.5,Credit Card,UNKNOWN,2023-02-06,Monday,February
3813,TXN_5747094,Juice,2,3.0,6.0,Digital Wallet,Takeaway,2023-05-11,Thursday,May
3814,TXN_9782087,Sandwich,4,4.0,16.0,Credit Card,In-store,2023-07-27,Thursday,July
3815,TXN_5824950,Coffee,1,2.0,2.0,Credit Card,In-store,2023-12-06,Wednesday,December
3816,TXN_6682782,Cookie,5,1.0,5.0,Cash,In-store,2023-12-15,Friday,December
3820,TXN_7210366,Cake,2,3.0,6.0,Digital Wallet,UNKNOWN,2023-03-25,Saturday,March
3822,TXN_3206293,Cookie,5,1.0,5.0,Digital Wallet,Takeaway,2023-05-04,Thursday,May
3823,TXN_5827969,Salad,5,5.0,25.0,Digital Wallet,UNKNOWN,2023-07-03,Monday,July
3825,TXN_2859077,Smoothie,3,4.0,12.0,Digital Wallet,Takeaway,2023-01-31,Tuesday,January
3826,TXN_3643361,Tea,1,1.5,1.5,Cash,UNKNOWN,2023-01-12,Thursday,January
3827,TXN_8066306,Cake,5,3.0,15.0,Digital Wallet,Takeaway,2023-01-07,Saturday,January
3828,TXN_2260351,Coffee,3,2.0,6.0,Cash,UNKNOWN,2023-10-26,Thursday,October
3829,TXN_5224275,Cookie,4,1.0,4.0,Credit Card,In-store,2023-12-17,Sunday,December
3830,TXN_3842567,Salad,1,5.0,5.0,Credit Card,In-store,2023-03-13,Monday,March
3834,TXN_9638367,Coffee,1,2.0,2.0,UNKNOWN,UNKNOWN,2023-07-22,Saturday,July
3835,TXN_8742742,Cake,4,3.0,12.0,UNKNOWN,UNKNOWN,2023-03-07,Tuesday,March
3836,TXN_5687012,Salad,2,5.0,10.0,Cash,UNKNOWN,2023-03-12,Sunday,March
3837,TXN_5784372,Salad,2,5.0,10.0,Cash,UNKNOWN,2023-05-23,Tuesday,May
3839,TXN_5905025,Cookie,4,1.0,4.0,UNKNOWN,Takeaway,2023-03-08,Wednesday,March
3840,TXN_6602557,Cake,4,3.0,12.0,Cash,Takeaway,2023-02-06,Monday,February
3841,TXN_8065180,Smoothie,5,4.0,20.0,Digital Wallet,Takeaway,2023-06-07,Wednesday,June
3842,TXN_4448424,Salad,4,5.0,20.0,Digital Wallet,UNKNOWN,2023-01-31,Tuesday,January
3843,TXN_3396099,Coffee,1,2.0,2.0,Digital Wallet,In-store,2023-04-06,Thursday,April
3844,TXN_2693431,Salad,2,5.0,10.0,Digital Wallet,UNKNOWN,2023-05-20,Saturday,May
3845,TXN_7767493,Sandwich,5,4.0,20.0,Credit Card,In-store,2023-02-20,Monday,February
3846,TXN_2954575,Tea,2,1.5,3.0,Digital Wallet,Takeaway,2023-11-14,Tuesday,November
3849,TXN_8933027,Juice,5,3.0,15.0,Credit Card,UNKNOWN,2023-07-14,Friday,July
3850,TXN_5763287,Cake,2,3.0,6.0,Credit Card,UNKNOWN,2023-06-27,Tuesday,June
3851,TXN_7272945,Smoothie,4,4.0,16.0,UNKNOWN,Takeaway,2023-04-13,Thursday,April
3852,TXN_8511110,Tea,3,1.5,4.5,UNKNOWN,UNKNOWN,2023-10-17,Tuesday,October
3853,TXN_9307650,Coffee,3,2.0,6.0,UNKNOWN,Takeaway,2023-02-22,Wednesday,February
3854,TXN_1812185,Juice,2,3.0,6.0,Digital Wallet,UNKNOWN,2023-09-21,Thursday,September
3855,TXN_2134650,Juice,4,3.0,12.0,Digital Wallet,Takeaway,2023-02-11,Saturday,February
3856,TXN_7899761,Juice,2,3.0,6.0,UNKNOWN,In-store,2023-10-08,Sunday,October
3857,TXN_6785552,Juice,5,3.0,15.0,Cash,UNKNOWN,2023-01-19,Thursday,January
3858,TXN_8794205,Cake,4,3.0,12.0,Credit Card,Takeaway,2023-10-22,Sunday,October
3859,TXN_2464879,Cake,2,3.0,6.0,Credit Card,UNKNOWN,2023-10-11,Wednesday,October
3860,TXN_8294790,Cookie,1,1.0,1.0,Digital Wallet,Takeaway,2023-09-01,Friday,September
3861,TXN_4207219,Cake,1,3.0,3.0,Cash,In-store,2023-09-16,Saturday,September
3862,TXN_1921415,Cake,1,3.0,3.0,Cash,Takeaway,2023-11-03,Friday,November
3863,TXN_7122109,Coffee,5,2.0,10.0,UNKNOWN,Takeaway,2023-05-19,Friday,May
3864,TXN_3601338,Cake,3,3.0,9.0,Credit Card,UNKNOWN,2023-03-06,Monday,March
3865,TXN_7403839,Coffee,1,2.0,2.0,UNKNOWN,UNKNOWN,2023-12-23,Saturday,December
3866,TXN_3709876,Coffee,1,2.0,2.0,Credit Card,Takeaway,2023-11-04,Saturday,November
3867,TXN_6063689,Cookie,3,1.0,3.0,Cash,In-store,2023-02-01,Wednesday,February
3868,TXN_8126762,Coffee,5,2.0,10.0,Digital Wallet,Takeaway,2023-06-08,Thursday,June
3869,TXN_5940531,Tea,1,1.5,1.5,UNKNOWN,In-store,2023-01-11,Wednesday,January
3870,TXN_9844453,Tea,2,1.5,3.0,UNKNOWN,UNKNOWN,2023-01-09,Monday,January
3871,TXN_5774784,Cake,5,3.0,15.0,UNKNOWN,In-store,2023-10-04,Wednesday,October
3872,TXN_6241682,Sandwich,3,4.0,12.0,UNKNOWN,In-store,2023-09-07,Thursday,September
3873,TXN_1235828,Tea,4,1.5,6.0,Cash,Takeaway,2023-02-19,Sunday,February
3874,TXN_9206403,Cookie,1,1.0,1.0,UNKNOWN,In-store,2023-12-15,Friday,December
3875,TXN_8377178,Coffee,5,2.0,10.0,UNKNOWN,UNKNOWN,2023-02-03,Friday,February
3876,TXN_8125141,Tea,3,1.5,4.5,UNKNOWN,Takeaway,2023-04-18,Tuesday,April
3879,TXN_9565246,Coffee,5,2.0,10.0,Cash,UNKNOWN,2023-12-28,Thursday,December
3880,TXN_9914747,Coffee,5,2.0,10.0,UNKNOWN,UNKNOWN,2023-12-05,Tuesday,December
3881,TXN_6148776,Coffee,5,2.0,10.0,UNKNOWN,Takeaway,2023-03-02,Thursday,March
3882,TXN_4992510,Cookie,4,1.0,4.0,Cash,In-store,2023-01-26,Thursday,January
3883,TXN_8384806,Sandwich,3,4.0,12.0,UNKNOWN,Takeaway,2023-07-07,Friday,July
3884,TXN_6472826,Juice,4,3.0,12.0,Cash,In-store,2023-04-11,Tuesday,April
3885,TXN_8131052,Cookie,1,1.0,1.0,Credit Card,Takeaway,2023-09-16,Saturday,September
3886,TXN_8425819,Sandwich,1,4.0,4.0,UNKNOWN,UNKNOWN,2023-01-09,Monday,January
3888,TXN_6636395,Juice,4,3.0,12.0,Cash,In-store,2023-01-30,Monday,January
3889,TXN_2137354,Coffee,2,2.0,4.0,UNKNOWN,UNKNOWN,2023-05-17,Wednesday,May
3890,TXN_3353615,Coffee,4,2.0,8.0,Credit Card,Takeaway,2023-07-24,Monday,July
3891,TXN_2703095,Salad,1,5.0,5.0,UNKNOWN,UNKNOWN,2023-10-05,Thursday,October
3892,TXN_7282082,Sandwich,4,4.0,16.0,UNKNOWN,In-store,2023-02-02,Thursday,February
3893,TXN_6705109,Cake,3,3.0,9.0,Cash,In-store,2023-08-05,Saturday,August
3894,TXN_1857902,Sandwich,5,4.0,20.0,UNKNOWN,Takeaway,2023-04-26,Wednesday,April
3895,TXN_5788053,Sandwich,5,4.0,20.0,Digital Wallet,UNKNOWN,2023-01-04,Wednesday,January
3896,TXN_8650185,Smoothie,5,4.0,20.0,Cash,UNKNOWN,2023-06-13,Tuesday,June
3897,TXN_1171281,Coffee,2,2.0,4.0,Digital Wallet,UNKNOWN,2023-02-06,Monday,February
3898,TXN_9875865,Cookie,3,1.0,3.0,Digital Wallet,UNKNOWN,2023-10-23,Monday,October
3899,TXN_6244602,Cake,5,3.0,15.0,Digital Wallet,UNKNOWN,2023-05-06,Saturday,May
3902,TXN_7762815,Smoothie,5,4.0,20.0,Credit Card,UNKNOWN,2023-07-26,Wednesday,July
3903,TXN_8421481,Coffee,4,2.0,8.0,Digital Wallet,Takeaway,2023-07-27,Thursday,July
3905,TXN_6201227,Salad,2,5.0,10.0,Cash,Takeaway,2023-01-15,Sunday,January
3906,TXN_9052231,Sandwich,1,4.0,4.0,Credit Card,In-store,2023-08-20,Sunday,August
3907,TXN_8228865,Juice,3,3.0,9.0,Digital Wallet,In-store,2023-09-19,Tuesday,September
3908,TXN_5875188,Salad,3,5.0,15.0,Digital Wallet,In-store,2023-07-09,Sunday,July
3909,TXN_7997704,Sandwich,2,4.0,8.0,Digital Wallet,UNKNOWN,2023-04-28,Friday,April
3910,TXN_4409875,Cake,3,3.0,9.0,Digital Wallet,UNKNOWN,2023-09-08,Friday,September
3911,TXN_4015427,Cookie,5,1.0,5.0,Credit Card,UNKNOWN,2023-08-05,Saturday,August
3912,TXN_3358787,Cake,1,3.0,3.0,Digital Wallet,UNKNOWN,2023-06-10,Saturday,June
3914,TXN_1307239,Coffee,1,2.0,2.0,Digital Wallet,Takeaway,2023-10-26,Thursday,October
3915,TXN_5138519,Cake,5,3.0,15.0,Cash,In-store,2023-05-22,Monday,May
3916,TXN_8763436,Juice,4,3.0,12.0,Cash,UNKNOWN,2023-04-11,Tuesday,April
3919,TXN_4052950,Salad,2,5.0,10.0,Credit Card,UNKNOWN,2023-03-13,Monday,March
3920,TXN_2207332,Coffee,1,2.0,2.0,Credit Card,UNKNOWN,2023-01-12,Thursday,January
3923,TXN_6710660,Salad,2,5.0,10.0,Cash,In-store,2023-02-08,Wednesday,February
3924,TXN_9523369,Coffee,3,2.0,6.0,Digital Wallet,Takeaway,2023-08-25,Friday,August
3925,TXN_3548756,Juice,3,3.0,9.0,Digital Wallet,UNKNOWN,2023-02-24,Friday,February
3926,TXN_9332035,Cookie,2,1.0,2.0,Digital Wallet,UNKNOWN,2023-11-02,Thursday,November
3927,TXN_7539774,Salad,1,5.0,5.0,UNKNOWN,In-store,2023-02-12,Sunday,February
3928,TXN_7846513,Sandwich,3,4.0,12.0,Credit Card,UNKNOWN,2023-10-19,Thursday,October
3929,TXN_6188931,Cake,5,3.0,15.0,Digital Wallet,In-store,2023-01-28,Saturday,January
3931,TXN_4076392,Coffee,3,2.0,6.0,UNKNOWN,In-store,2023-12-24,Sunday,December
3932,TXN_2365394,Cake,2,3.0,6.0,Digital Wallet,In-store,2023-04-06,Thursday,April
3933,TXN_7089466,Cookie,4,1.0,4.0,UNKNOWN,UNKNOWN,2023-12-26,Tuesday,December
3934,TXN_2898188,Salad,4,5.0,20.0,Digital Wallet,Takeaway,2023-04-26,Wednesday,April
3935,TXN_1632205,Cookie,4,1.0,4.0,UNKNOWN,In-store,2023-02-04,Saturday,February
3936,TXN_3741197,Cake,4,3.0,12.0,Credit Card,UNKNOWN,2023-10-13,Friday,October
3937,TXN_5300938,Tea,5,1.5,7.5,Cash,Takeaway,2023-10-30,Monday,October
3938,TXN_3547013,Tea,3,1.5,4.5,UNKNOWN,UNKNOWN,2023-04-26,Wednesday,April
3939,TXN_7705748,Juice,3,3.0,9.0,Digital Wallet,UNKNOWN,2023-07-14,Friday,July
3941,TXN_8073173,Tea,5,1.5,7.5,Cash,UNKNOWN,2023-07-05,Wednesday,July
3942,TXN_1489746,Cookie,3,1.0,3.0,Digital Wallet,In-store,2023-12-18,Monday,December
3943,TXN_2864951,Tea,5,1.5,7.5,Credit Card,Takeaway,2023-10-09,Monday,October
3944,TXN_6817889,Tea,1,1.5,1.5,UNKNOWN,UNKNOWN,2023-10-04,Wednesday,October
3946,TXN_7402573,Sandwich,4,4.0,16.0,UNKNOWN,Takeaway,2023-02-13,Monday,February
3947,TXN_4762520,Smoothie,1,4.0,4.0,Cash,Takeaway,2023-07-17,Monday,July
3948,TXN_6869880,Juice,4,3.0,12.0,Digital Wallet,Takeaway,2023-08-05,Saturday,August
3949,TXN_3054405,Juice,3,3.0,9.0,Cash,In-store,2023-11-19,Sunday,November
3950,TXN_2085992,Cake,1,3.0,3.0,UNKNOWN,Takeaway,2023-05-15,Monday,May
3951,TXN_1443201,Cookie,5,1.0,5.0,Credit Card,In-store,2023-10-03,Tuesday,October
3952,TXN_9157460,Cake,4,3.0,12.0,Digital Wallet,Takeaway,2023-01-23,Monday,January
3953,TXN_2299364,Salad,1,5.0,5.0,Cash,In-store,2023-10-26,Thursday,October
3954,TXN_9948645,Salad,1,5.0,5.0,Credit Card,UNKNOWN,2023-08-29,Tuesday,August
3955,TXN_8244640,Cookie,1,1.0,1.0,UNKNOWN,Takeaway,2023-09-24,Sunday,September
3956,TXN_9507568,Smoothie,4,4.0,16.0,Credit Card,UNKNOWN,2023-10-12,Thursday,October
3957,TXN_7952916,Coffee,4,2.0,8.0,UNKNOWN,UNKNOWN,2023-12-10,Sunday,December
3958,TXN_1058927,Sandwich,4,4.0,16.0,Cash,UNKNOWN,2023-07-08,Saturday,July
3959,TXN_2165365,Coffee,5,2.0,10.0,Digital Wallet,Takeaway,2023-06-08,Thursday,June
3960,TXN_4497327,Cookie,2,1.0,2.0,Credit Card,UNKNOWN,2023-11-08,Wednesday,November
3962,TXN_6029333,Cake,1,3.0,3.0,UNKNOWN,UNKNOWN,2023-06-10,Saturday,June
3963,TXN_9300970,Cake,2,3.0,6.0,Credit Card,Takeaway,2023-03-06,Monday,March
3965,TXN_5747642,Salad,2,5.0,10.0,Cash,Takeaway,2023-07-26,Wednesday,July
3966,TXN_1505875,Smoothie,4,4.0,16.0,Cash,Takeaway,2023-05-17,Wednesday,May
3967,TXN_5417192,Cookie,4,1.0,4.0,Cash,In-store,2023-06-23,Friday,June
3968,TXN_1522140,Cookie,4,1.0,4.0,Cash,UNKNOWN,2023-05-28,Sunday,May
3969,TXN_5357157,Juice,4,3.0,12.0,Credit Card,In-store,2023-05-21,Sunday,May
3970,TXN_2000400,Tea,5,1.5,7.5,Digital Wallet,Takeaway,2023-09-29,Friday,September
3971,TXN_5612022,Cookie,5,1.0,5.0,Digital Wallet,UNKNOWN,2023-09-27,Wednesday,September
3972,TXN_3105489,Cake,3,3.0,9.0,Digital Wallet,In-store,2023-03-14,Tuesday,March
3973,TXN_4509329,Tea,1,1.5,1.5,UNKNOWN,Takeaway,2023-10-22,Sunday,October
3975,TXN_2096922,Coffee,3,2.0,6.0,Digital Wallet,Takeaway,2023-12-11,Monday,December
3976,TXN_2563679,Salad,3,5.0,15.0,Digital Wallet,UNKNOWN,2023-04-09,Sunday,April
3977,TXN_2930503,Juice,3,3.0,9.0,UNKNOWN,In-store,2023-06-18,Sunday,June
3978,TXN_9265178,Sandwich,4,4.0,16.0,Cash,Takeaway,2023-03-18,Saturday,March
3979,TXN_7126770,Cake,4,3.0,12.0,Credit Card,Takeaway,2023-11-09,Thursday,November
3980,TXN_6348409,Salad,3,5.0,15.0,Credit Card,Takeaway,2023-07-26,Wednesday,July
3982,TXN_2538739,Salad,2,5.0,10.0,UNKNOWN,In-store,2023-07-29,Saturday,July
3983,TXN_4159135,Coffee,3,2.0,6.0,UNKNOWN,Takeaway,2023-02-09,Thursday,February
3984,TXN_1454866,Sandwich,1,4.0,4.0,Digital Wallet,Takeaway,2023-12-13,Wednesday,December
3985,TXN_4654061,Sandwich,2,4.0,8.0,Credit Card,UNKNOWN,2023-05-04,Thursday,May
3986,TXN_8160791,Cake,5,3.0,15.0,Digital Wallet,In-store,2023-10-24,Tuesday,October
3987,TXN_1647069,Sandwich,1,4.0,4.0,Credit Card,Takeaway,2023-04-06,Thursday,April
3989,TXN_1512185,Coffee,4,2.0,8.0,Cash,Takeaway,2023-06-16,Friday,June
3990,TXN_8632653,Juice,2,3.0,6.0,UNKNOWN,In-store,2023-12-24,Sunday,December
3992,TXN_4190750,Juice,5,3.0,15.0,UNKNOWN,Takeaway,2023-04-02,Sunday,April
3993,TXN_9470260,Coffee,5,2.0,10.0,UNKNOWN,In-store,2023-10-07,Saturday,October
3994,TXN_6257213,Juice,5,3.0,15.0,Cash,UNKNOWN,2023-12-12,Tuesday,December
3995,TXN_1004563,Tea,5,1.5,7.5,Credit Card,In-store,2023-10-28,Saturday,October
3996,TXN_5352739,Sandwich,4,4.0,16.0,UNKNOWN,UNKNOWN,2023-07-31,Monday,July
3997,TXN_7387056,Juice,4,3.0,12.0,Credit Card,UNKNOWN,2023-10-24,Tuesday,October
3998,TXN_1927431,Cookie,1,1.0,1.0,Credit Card,In-store,2023-02-07,Tuesday,February
3999,TXN_3432433,Cookie,5,1.0,5.0,Cash,In-store,2023-02-19,Sunday,February
4000,TXN_1130142,Cookie,1,1.0,1.0,Credit Card,In-store,2023-03-13,Monday,March
4001,TXN_6682443,Cake,4,3.0,12.0,Digital Wallet,UNKNOWN,2023-09-03,Sunday,September
4002,TXN_3279039,Cake,4,3.0,12.0,Credit Card,In-store,2023-06-26,Monday,June
4004,TXN_1295824,Tea,1,1.5,1.5,Credit Card,UNKNOWN,2023-08-01,Tuesday,August
4005,TXN_8305936,Juice,3,3.0,9.0,Digital Wallet,In-store,2023-08-02,Wednesday,August
4006,TXN_9550664,Salad,2,5.0,10.0,UNKNOWN,UNKNOWN,2023-06-29,Thursday,June
4007,TXN_3808895,Salad,2,5.0,10.0,Cash,In-store,2023-07-13,Thursday,July
4008,TXN_9843811,Juice,2,3.0,6.0,Credit Card,UNKNOWN,2023-03-01,Wednesday,March
4009,TXN_6405258,Tea,2,1.5,3.0,Credit Card,Takeaway,2023-08-10,Thursday,August
4010,TXN_1224087,Coffee,5,2.0,10.0,Digital Wallet,Takeaway,2023-03-20,Monday,March
4011,TXN_7727118,Smoothie,5,4.0,20.0,Digital Wallet,Takeaway,2023-11-04,Saturday,November
4012,TXN_8456072,Smoothie,1,4.0,4.0,UNKNOWN,In-store,2023-07-11,Tuesday,July
4013,TXN_8173006,Salad,3,5.0,15.0,UNKNOWN,Takeaway,2023-12-21,Thursday,December
4015,TXN_8413949,Juice,1,3.0,3.0,Credit Card,In-store,2023-10-14,Saturday,October
4016,TXN_7538763,Smoothie,1,4.0,4.0,UNKNOWN,Takeaway,2023-11-18,Saturday,November
4017,TXN_6541110,Cookie,3,1.0,3.0,Cash,In-store,2023-12-30,Saturday,December
4019,TXN_6814891,Coffee,1,2.0,2.0,Digital Wallet,Takeaway,2023-06-26,Monday,June
4020,TXN_9884180,Salad,1,5.0,5.0,Cash,Takeaway,2023-05-19,Friday,May
4021,TXN_6424202,Cookie,2,1.0,2.0,Credit Card,In-store,2023-11-20,Monday,November
4022,TXN_6775024,Coffee,2,2.0,4.0,Cash,In-store,2023-01-30,Monday,January
4023,TXN_8540553,Cake,1,3.0,3.0,UNKNOWN,In-store,2023-07-13,Thursday,July
4024,TXN_6501361,Salad,5,5.0,25.0,Cash,In-store,2023-01-17,Tuesday,January
4025,TXN_5671997,Juice,3,3.0,9.0,UNKNOWN,Takeaway,2023-09-03,Sunday,September
4026,TXN_4283360,Coffee,2,2.0,4.0,Credit Card,In-store,2023-12-19,Tuesday,December
4027,TXN_3956393,Cookie,4,1.0,4.0,Credit Card,In-store,2023-01-14,Saturday,January
4028,TXN_1971103,Juice,4,3.0,12.0,UNKNOWN,UNKNOWN,2023-08-22,Tuesday,August
4029,TXN_9576057,Tea,5,1.5,7.5,Digital Wallet,Takeaway,2023-03-03,Friday,March
4030,TXN_1435035,Smoothie,1,4.0,4.0,UNKNOWN,In-store,2023-12-31,Sunday,December
4031,TXN_8111101,Sandwich,5,4.0,20.0,Cash,UNKNOWN,2023-01-12,Thursday,January
4032,TXN_8323012,Tea,3,1.5,4.5,Credit Card,UNKNOWN,2023-12-17,Sunday,December
4033,TXN_9415451,Cake,3,3.0,9.0,UNKNOWN,Takeaway,2023-01-04,Wednesday,January
4034,TXN_7072883,Smoothie,1,4.0,4.0,Credit Card,UNKNOWN,2023-10-05,Thursday,October
4035,TXN_7455637,Juice,3,3.0,9.0,UNKNOWN,Takeaway,2023-04-23,Sunday,April
4036,TXN_3779292,Salad,2,5.0,10.0,Credit Card,In-store,2023-12-30,Saturday,December
4037,TXN_2629420,Smoothie,2,4.0,8.0,UNKNOWN,Takeaway,2023-01-16,Monday,January
4038,TXN_5848025,Tea,5,1.5,7.5,Credit Card,In-store,2023-01-19,Thursday,January
4039,TXN_1452253,Sandwich,2,4.0,8.0,UNKNOWN,UNKNOWN,2023-05-12,Friday,May
4040,TXN_4661976,Smoothie,3,4.0,12.0,Digital Wallet,UNKNOWN,2023-10-13,Friday,October
4041,TXN_4818703,Cookie,2,1.0,2.0,Digital Wallet,Takeaway,2023-04-20,Thursday,April
4042,TXN_9849760,Cake,2,3.0,6.0,UNKNOWN,Takeaway,2023-09-01,Friday,September
4043,TXN_6387334,Smoothie,5,4.0,20.0,Digital Wallet,In-store,2023-02-19,Sunday,February
4044,TXN_6431384,Juice,4,3.0,12.0,Digital Wallet,In-store,2023-08-06,Sunday,August
4045,TXN_2445017,Tea,5,1.5,7.5,UNKNOWN,Takeaway,2023-07-23,Sunday,July
4048,TXN_1486576,Sandwich,4,4.0,16.0,UNKNOWN,Takeaway,2023-09-10,Sunday,September
4049,TXN_5530717,Juice,1,3.0,3.0,Credit Card,In-store,2023-03-10,Friday,March
4050,TXN_7490314,Cookie,2,1.0,2.0,UNKNOWN,In-store,2023-05-14,Sunday,May
4051,TXN_1811734,Coffee,4,2.0,8.0,UNKNOWN,UNKNOWN,2023-07-16,Sunday,July
4052,TXN_3100053,Cake,3,3.0,9.0,Cash,In-store,2023-12-19,Tuesday,December
4053,TXN_5812394,Salad,5,5.0,25.0,Cash,UNKNOWN,2023-10-17,Tuesday,October
4054,TXN_6315475,Coffee,2,2.0,4.0,UNKNOWN,UNKNOWN,2023-09-23,Saturday,September
4056,TXN_5373441,Salad,1,5.0,5.0,UNKNOWN,In-store,2023-06-02,Friday,June
4057,TXN_1094145,Cookie,3,1.0,3.0,Credit Card,UNKNOWN,2023-03-15,Wednesday,March
4059,TXN_6504180,Smoothie,1,4.0,4.0,Digital Wallet,In-store,2023-08-31,Thursday,August
4060,TXN_6378045,Sandwich,5,4.0,20.0,Digital Wallet,In-store,2023-05-07,Sunday,May
4061,TXN_4502704,Tea,4,1.5,6.0,UNKNOWN,In-store,2023-04-04,Tuesday,April
4062,TXN_6992967,Smoothie,5,4.0,20.0,Cash,UNKNOWN,2023-08-29,Tuesday,August
4063,TXN_6266147,Juice,3,3.0,9.0,Credit Card,In-store,2023-01-31,Tuesday,January
4064,TXN_7499330,Cookie,1,1.0,1.0,Credit Card,In-store,2023-10-28,Saturday,October
4065,TXN_8815623,Coffee,2,2.0,4.0,Digital Wallet,In-store,2023-02-03,Friday,February
4066,TXN_7632478,Juice,2,3.0,6.0,Digital Wallet,UNKNOWN,2023-04-11,Tuesday,April
4067,TXN_5431854,Cookie,3,1.0,3.0,UNKNOWN,In-store,2023-01-18,Wednesday,January
4068,TXN_3518789,Coffee,2,2.0,4.0,Digital Wallet,Takeaway,2023-12-01,Friday,December
4070,TXN_4767006,Cake,1,3.0,3.0,Cash,Takeaway,2023-08-23,Wednesday,August
4071,TXN_2880409,Tea,4,1.5,6.0,Cash,UNKNOWN,2023-09-11,Monday,September
4072,TXN_4277671,Tea,5,1.5,7.5,UNKNOWN,Takeaway,2023-08-21,Monday,August
4073,TXN_8810601,Juice,2,3.0,6.0,Digital Wallet,UNKNOWN,2023-08-18,Friday,August
4074,TXN_6572164,Cookie,4,1.0,4.0,Credit Card,Takeaway,2023-01-15,Sunday,January
4076,TXN_6714068,Coffee,1,2.0,2.0,UNKNOWN,UNKNOWN,2023-02-17,Friday,February
4078,TXN_6920323,Sandwich,1,4.0,4.0,Credit Card,UNKNOWN,2023-06-10,Saturday,June
4079,TXN_6519486,Cake,5,3.0,15.0,UNKNOWN,UNKNOWN,2023-02-05,Sunday,February
4080,TXN_7524971,Tea,4,1.5,6.0,Digital Wallet,Takeaway,2023-09-05,Tuesday,September
4081,TXN_4650447,Tea,1,1.5,1.5,Cash,UNKNOWN,2023-08-18,Friday,August
4082,TXN_3928174,Coffee,3,2.0,6.0,UNKNOWN,UNKNOWN,2023-09-11,Monday,September
4084,TXN_1700027,Smoothie,4,4.0,16.0,Digital Wallet,In-store,2023-06-04,Sunday,June
4088,TXN_5202349,Cookie,4,1.0,4.0,UNKNOWN,In-store,2023-11-27,Monday,November
4089,TXN_2409052,Sandwich,1,4.0,4.0,Credit Card,In-store,2023-07-08,Saturday,July
4090,TXN_8528546,Cake,3,3.0,9.0,Cash,UNKNOWN,2023-12-09,Saturday,December
4091,TXN_4849860,Tea,4,1.5,6.0,Credit Card,In-store,2023-12-01,Friday,December
4094,TXN_6905794,Salad,1,5.0,5.0,Cash,Takeaway,2023-05-31,Wednesday,May
4095,TXN_4469769,Salad,5,5.0,25.0,UNKNOWN,UNKNOWN,2023-08-15,Tuesday,August
4096,TXN_9452261,Cake,5,3.0,15.0,UNKNOWN,UNKNOWN,2023-11-29,Wednesday,November
4097,TXN_7347515,Smoothie,3,4.0,12.0,UNKNOWN,Takeaway,2023-04-25,Tuesday,April
4098,TXN_1940330,Tea,4,1.5,6.0,UNKNOWN,In-store,2023-01-12,Thursday,January
4099,TXN_1576355,Coffee,4,2.0,8.0,UNKNOWN,UNKNOWN,2023-10-20,Friday,October
4101,TXN_9511794,Cookie,1,1.0,1.0,Cash,Takeaway,2023-06-10,Saturday,June
4102,TXN_9024781,Smoothie,4,4.0,16.0,Cash,In-store,2023-09-12,Tuesday,September
4103,TXN_7771526,Juice,1,3.0,3.0,Cash,In-store,2023-04-28,Friday,April
4104,TXN_7070302,Salad,3,5.0,15.0,UNKNOWN,In-store,2023-04-30,Sunday,April
4105,TXN_6511228,Salad,4,5.0,20.0,Credit Card,UNKNOWN,2023-11-01,Wednesday,November
4106,TXN_5320512,Tea,5,1.5,7.5,UNKNOWN,In-store,2023-04-25,Tuesday,April
4107,TXN_2972777,Juice,4,3.0,12.0,Credit Card,UNKNOWN,2023-04-08,Saturday,April
4108,TXN_8591813,Coffee,3,2.0,6.0,Cash,Takeaway,2023-10-31,Tuesday,October
4109,TXN_4095768,Salad,5,5.0,25.0,Digital Wallet,In-store,2023-06-18,Sunday,June
4110,TXN_9107508,Coffee,1,2.0,2.0,UNKNOWN,UNKNOWN,2023-06-06,Tuesday,June
4113,TXN_5534944,Tea,5,1.5,7.5,Credit Card,Takeaway,2023-01-26,Thursday,January
4117,TXN_5839300,Cake,1,3.0,3.0,Credit Card,UNKNOWN,2023-07-01,Saturday,July
4118,TXN_7801115,Tea,1,1.5,1.5,Cash,UNKNOWN,2023-12-18,Monday,December
4120,TXN_7145259,Juice,2,3.0,6.0,Digital Wallet,In-store,2023-11-11,Saturday,November
4121,TXN_2817018,Sandwich,3,4.0,12.0,Credit Card,Takeaway,2023-04-25,Tuesday,April
4122,TXN_6762490,Juice,5,3.0,15.0,Cash,UNKNOWN,2023-05-03,Wednesday,May
4124,TXN_6012446,Smoothie,4,4.0,16.0,Cash,Takeaway,2023-07-20,Thursday,July
4125,TXN_8936086,Sandwich,4,4.0,16.0,UNKNOWN,In-store,2023-11-27,Monday,November
4126,TXN_4135134,Cookie,5,1.0,5.0,Credit Card,Takeaway,2023-08-11,Friday,August
4127,TXN_7808032,Cookie,4,1.0,4.0,UNKNOWN,Takeaway,2023-12-19,Tuesday,December
4128,TXN_2212234,Juice,2,3.0,6.0,Cash,In-store,2023-12-22,Friday,December
4130,TXN_5115009,Cake,4,3.0,12.0,UNKNOWN,Takeaway,2023-02-21,Tuesday,February
4131,TXN_9827492,Tea,3,1.5,4.5,UNKNOWN,UNKNOWN,2023-07-13,Thursday,July
4132,TXN_6344003,Cake,1,3.0,3.0,UNKNOWN,UNKNOWN,2023-12-22,Friday,December
4133,TXN_1993155,Juice,1,3.0,3.0,UNKNOWN,UNKNOWN,2023-05-23,Tuesday,May
4134,TXN_4566012,Cookie,5,1.0,5.0,Credit Card,Takeaway,2023-05-10,Wednesday,May
4135,TXN_1030539,Cake,3,3.0,9.0,UNKNOWN,Takeaway,2023-11-06,Monday,November
4138,TXN_5125382,Coffee,1,2.0,2.0,Digital Wallet,In-store,2023-12-26,Tuesday,December
4139,TXN_5015183,Cake,2,3.0,6.0,UNKNOWN,In-store,2023-08-29,Tuesday,August
4140,TXN_1661068,Salad,3,5.0,15.0,Cash,Takeaway,2023-04-09,Sunday,April
4141,TXN_9549381,Juice,1,3.0,3.0,Digital Wallet,In-store,2023-11-23,Thursday,November
4142,TXN_7812084,Sandwich,4,4.0,16.0,Cash,In-store,2023-01-17,Tuesday,January
4143,TXN_1694364,Sandwich,3,4.0,12.0,UNKNOWN,Takeaway,2023-06-10,Saturday,June
4144,TXN_4191925,Coffee,2,2.0,4.0,UNKNOWN,UNKNOWN,2023-10-21,Saturday,October
4145,TXN_2258091,Juice,2,3.0,6.0,UNKNOWN,In-store,2023-10-11,Wednesday,October
4146,TXN_6482262,Juice,3,3.0,9.0,Credit Card,UNKNOWN,2023-05-13,Saturday,May
4147,TXN_1951166,Tea,2,1.5,3.0,Credit Card,UNKNOWN,2023-08-28,Monday,August
4148,TXN_4552615,Cake,2,3.0,6.0,Cash,Takeaway,2023-04-09,Sunday,April
4149,TXN_6745856,Cake,4,3.0,12.0,Cash,In-store,2023-06-16,Friday,June
4150,TXN_4898949,Salad,1,5.0,5.0,UNKNOWN,In-store,2023-09-18,Monday,September
4153,TXN_2338426,Coffee,2,2.0,4.0,UNKNOWN,UNKNOWN,2023-05-07,Sunday,May
4154,TXN_3369191,Cookie,5,1.0,5.0,Cash,Takeaway,2023-02-07,Tuesday,February
4155,TXN_5551020,Sandwich,2,4.0,8.0,Credit Card,UNKNOWN,2023-01-31,Tuesday,January
4156,TXN_9269683,Sandwich,5,4.0,20.0,Digital Wallet,UNKNOWN,2023-09-26,Tuesday,September
4157,TXN_9287350,Smoothie,2,4.0,8.0,UNKNOWN,In-store,2023-01-28,Saturday,January
4158,TXN_6541809,Tea,3,1.5,4.5,UNKNOWN,UNKNOWN,2023-05-01,Monday,May
4159,TXN_4398750,Sandwich,2,4.0,8.0,Cash,In-store,2023-05-28,Sunday,May
4161,TXN_9850541,Cookie,4,1.0,4.0,Cash,Takeaway,2023-09-02,Saturday,September
4162,TXN_4262142,Cake,2,3.0,6.0,Cash,Takeaway,2023-01-02,Monday,January
4163,TXN_7153313,Tea,1,1.5,1.5,Cash,UNKNOWN,2023-12-29,Friday,December
4164,TXN_8581124,Salad,2,5.0,10.0,Credit Card,UNKNOWN,2023-05-08,Monday,May
4165,TXN_3589218,Salad,2,5.0,10.0,Credit Card,In-store,2023-06-21,Wednesday,June
4166,TXN_7303515,Salad,4,5.0,20.0,Cash,In-store,2023-05-29,Monday,May
4167,TXN_2586183,Cookie,2,1.0,2.0,Cash,UNKNOWN,2023-09-04,Monday,September
4168,TXN_2436779,Cake,1,3.0,3.0,Credit Card,Takeaway,2023-05-24,Wednesday,May
4169,TXN_4001763,Juice,3,3.0,9.0,UNKNOWN,Takeaway,2023-05-11,Thursday,May
4170,TXN_9317529,Juice,4,3.0,12.0,Credit Card,UNKNOWN,2023-07-10,Monday,July
4171,TXN_6974587,Salad,3,5.0,15.0,Cash,UNKNOWN,2023-06-16,Friday,June
4173,TXN_2719734,Cake,5,3.0,15.0,Digital Wallet,In-store,2023-05-22,Monday,May
4174,TXN_2887332,Sandwich,5,4.0,20.0,UNKNOWN,UNKNOWN,2023-11-16,Thursday,November
4175,TXN_8566668,Sandwich,5,4.0,20.0,Digital Wallet,In-store,2023-02-12,Sunday,February
4176,TXN_8284384,Juice,2,3.0,6.0,Digital Wallet,Takeaway,2023-06-05,Monday,June
4177,TXN_2139240,Sandwich,4,4.0,16.0,Digital Wallet,UNKNOWN,2023-04-06,Thursday,April
4178,TXN_5454841,Cookie,5,1.0,5.0,UNKNOWN,Takeaway,2023-06-04,Sunday,June
4179,TXN_8104431,Tea,5,1.5,7.5,UNKNOWN,In-store,2023-03-07,Tuesday,March
4180,TXN_5141000,Smoothie,4,4.0,16.0,UNKNOWN,Takeaway,2023-06-16,Friday,June
4181,TXN_2508499,Tea,3,1.5,4.5,Credit Card,In-store,2023-02-22,Wednesday,February
4182,TXN_4571510,Smoothie,3,4.0,12.0,Cash,Takeaway,2023-11-19,Sunday,November
4183,TXN_4742476,Coffee,2,2.0,4.0,Cash,In-store,2023-10-27,Friday,October
4184,TXN_8510436,Cake,1,3.0,3.0,Digital Wallet,In-store,2023-07-19,Wednesday,July
4185,TXN_7509630,Cookie,3,1.0,3.0,Cash,In-store,2023-04-20,Thursday,April
4186,TXN_5276301,Cake,3,3.0,9.0,Cash,UNKNOWN,2023-03-13,Monday,March
4187,TXN_4977130,Sandwich,1,4.0,4.0,Digital Wallet,In-store,2023-07-08,Saturday,July
4189,TXN_9284099,Cake,2,3.0,6.0,Digital Wallet,In-store,2023-07-20,Thursday,July
4190,TXN_1900411,Salad,3,5.0,15.0,UNKNOWN,UNKNOWN,2023-09-24,Sunday,September
4191,TXN_7454416,Tea,1,1.5,1.5,Credit Card,Takeaway,2023-12-07,Thursday,December
4192,TXN_4178899,Coffee,2,2.0,4.0,UNKNOWN,Takeaway,2023-04-05,Wednesday,April
4193,TXN_9027002,Smoothie,4,4.0,16.0,Credit Card,Takeaway,2023-12-31,Sunday,December
4194,TXN_6587399,Smoothie,1,4.0,4.0,UNKNOWN,Takeaway,2023-08-08,Tuesday,August
4195,TXN_7179013,Juice,5,3.0,15.0,Credit Card,In-store,2023-05-06,Saturday,May
4196,TXN_7694559,Cookie,3,1.0,3.0,Cash,Takeaway,2023-05-05,Friday,May
4197,TXN_4391496,Sandwich,1,4.0,4.0,Cash,UNKNOWN,2023-02-20,Monday,February
4198,TXN_5668193,Coffee,5,2.0,10.0,Cash,Takeaway,2023-08-14,Monday,August
4199,TXN_1448501,Cake,4,3.0,12.0,Credit Card,Takeaway,2023-09-10,Sunday,September
4200,TXN_7139869,Tea,1,1.5,1.5,Cash,In-store,2023-06-22,Thursday,June
4201,TXN_6419668,Sandwich,3,4.0,12.0,Credit Card,In-store,2023-04-29,Saturday,April
4202,TXN_8810001,Smoothie,5,4.0,20.0,Digital Wallet,Takeaway,2023-12-23,Saturday,December
4203,TXN_5647773,Salad,2,5.0,10.0,UNKNOWN,In-store,2023-07-20,Thursday,July
4204,TXN_4439120,Cookie,2,1.0,2.0,Credit Card,In-store,2023-03-31,Friday,March
4205,TXN_4613510,Cake,5,3.0,15.0,Credit Card,Takeaway,2023-02-16,Thursday,February
4206,TXN_7937275,Cake,4,3.0,12.0,Credit Card,UNKNOWN,2023-09-18,Monday,September
4207,TXN_7565052,Smoothie,5,4.0,20.0,UNKNOWN,In-store,2023-06-18,Sunday,June
4208,TXN_2044375,Salad,1,5.0,5.0,Cash,Takeaway,2023-01-05,Thursday,January
4209,TXN_1772692,Smoothie,3,4.0,12.0,Cash,UNKNOWN,2023-09-05,Tuesday,September
4210,TXN_6399545,Sandwich,4,4.0,16.0,Credit Card,Takeaway,2023-03-22,Wednesday,March
4213,TXN_4049031,Coffee,5,2.0,10.0,Digital Wallet,UNKNOWN,2023-08-22,Tuesday,August
4214,TXN_1328968,Tea,1,1.5,1.5,UNKNOWN,In-store,2023-06-28,Wednesday,June
4216,TXN_2080228,Juice,1,3.0,3.0,UNKNOWN,In-store,2023-06-21,Wednesday,June
4217,TXN_7416880,Cake,1,3.0,3.0,Credit Card,In-store,2023-07-20,Thursday,July
4218,TXN_1360379,Tea,1,1.5,1.5,Credit Card,UNKNOWN,2023-08-23,Wednesday,August
4219,TXN_9617454,Smoothie,1,4.0,4.0,Digital Wallet,Takeaway,2023-08-22,Tuesday,August
4220,TXN_6421446,Cake,2,3.0,6.0,Cash,Takeaway,2023-09-17,Sunday,September
4221,TXN_6272674,Coffee,3,2.0,6.0,Cash,UNKNOWN,2023-09-12,Tuesday,September
4222,TXN_6805882,Cookie,4,1.0,4.0,Cash,In-store,2023-09-04,Monday,September
4223,TXN_1475459,Tea,4,1.5,6.0,UNKNOWN,Takeaway,2023-11-09,Thursday,November
4224,TXN_2825812,Cake,3,3.0,9.0,Cash,Takeaway,2023-06-26,Monday,June
4226,TXN_5398922,Salad,1,5.0,5.0,Cash,In-store,2023-01-10,Tuesday,January
4227,TXN_3458602,Cake,2,3.0,6.0,Cash,In-store,2023-11-18,Saturday,November
4228,TXN_6571440,Smoothie,2,4.0,8.0,UNKNOWN,Takeaway,2023-01-18,Wednesday,January
4229,TXN_1368769,Cookie,3,1.0,3.0,Credit Card,Takeaway,2023-06-02,Friday,June
4230,TXN_4343848,Cookie,5,1.0,5.0,Credit Card,Takeaway,2023-07-16,Sunday,July
4231,TXN_7656355,Sandwich,3,4.0,12.0,Credit Card,Takeaway,2023-09-11,Monday,September
4232,TXN_4434005,Cookie,1,1.0,1.0,Digital Wallet,In-store,2023-03-20,Monday,March
4234,TXN_9177867,Tea,3,1.5,4.5,Digital Wallet,UNKNOWN,2023-09-14,Thursday,September
4235,TXN_8158986,Cookie,5,1.0,5.0,UNKNOWN,In-store,2023-12-10,Sunday,December
4236,TXN_9882625,Sandwich,1,4.0,4.0,Cash,In-store,2023-03-26,Sunday,March
4237,TXN_8937461,Cookie,5,1.0,5.0,Digital Wallet,UNKNOWN,2023-12-22,Friday,December
4238,TXN_2485272,Tea,4,1.5,6.0,Digital Wallet,Takeaway,2023-06-30,Friday,June
4239,TXN_4085337,Smoothie,3,4.0,12.0,UNKNOWN,In-store,2023-10-25,Wednesday,October
4240,TXN_6838802,Coffee,1,2.0,2.0,UNKNOWN,Takeaway,2023-08-29,Tuesday,August
4241,TXN_2114182,Cookie,3,1.0,3.0,Digital Wallet,UNKNOWN,2023-07-28,Friday,July
4242,TXN_8417552,Coffee,1,2.0,2.0,UNKNOWN,Takeaway,2023-12-09,Saturday,December
4244,TXN_1892454,Juice,1,3.0,3.0,UNKNOWN,UNKNOWN,2023-07-19,Wednesday,July
4245,TXN_9592941,Tea,5,1.5,7.5,Digital Wallet,In-store,2023-04-08,Saturday,April
4246,TXN_1063342,Sandwich,5,4.0,20.0,UNKNOWN,In-store,2023-01-13,Friday,January
4248,TXN_7153885,Salad,1,5.0,5.0,Credit Card,UNKNOWN,2023-05-22,Monday,May
4250,TXN_5279972,Smoothie,4,4.0,16.0,Credit Card,Takeaway,2023-01-07,Saturday,January
4251,TXN_6953244,Smoothie,5,4.0,20.0,Cash,UNKNOWN,2023-09-13,Wednesday,September
4252,TXN_5347792,Salad,3,5.0,15.0,Digital Wallet,UNKNOWN,2023-02-10,Friday,February
4254,TXN_1574190,Smoothie,3,4.0,12.0,UNKNOWN,UNKNOWN,2023-12-17,Sunday,December
4256,TXN_9550629,Smoothie,1,4.0,4.0,UNKNOWN,In-store,2023-02-06,Monday,February
4258,TXN_3986639,Salad,1,5.0,5.0,Credit Card,In-store,2023-10-09,Monday,October
4259,TXN_3227673,Cookie,1,1.0,1.0,Cash,UNKNOWN,2023-10-13,Friday,October
4260,TXN_2915287,Salad,1,5.0,5.0,Digital Wallet,Takeaway,2023-01-16,Monday,January
4261,TXN_2513558,Juice,4,3.0,12.0,UNKNOWN,UNKNOWN,2023-10-11,Wednesday,October
4262,TXN_7460497,Cake,5,3.0,15.0,Cash,UNKNOWN,2023-11-13,Monday,November
4263,TXN_1607471,Sandwich,2,4.0,8.0,Credit Card,Takeaway,2023-01-03,Tuesday,January
4264,TXN_1244739,Salad,2,5.0,10.0,Credit Card,Takeaway,2023-09-13,Wednesday,September
4265,TXN_7878672,Coffee,1,2.0,2.0,Cash,In-store,2023-10-25,Wednesday,October
4266,TXN_6807913,Juice,3,3.0,9.0,Credit Card,Takeaway,2023-01-22,Sunday,January
4267,TXN_6438869,Juice,5,3.0,15.0,Credit Card,Takeaway,2023-10-30,Monday,October
4268,TXN_1047204,Cookie,3,1.0,3.0,Digital Wallet,UNKNOWN,2023-04-13,Thursday,April
4270,TXN_4311086,Cake,4,3.0,12.0,UNKNOWN,In-store,2023-10-10,Tuesday,October
4271,TXN_1075446,Cookie,4,1.0,4.0,Credit Card,UNKNOWN,2023-07-17,Monday,July
4272,TXN_8958723,Sandwich,4,4.0,16.0,Digital Wallet,UNKNOWN,2023-11-12,Sunday,November
4273,TXN_2206740,Coffee,3,2.0,6.0,UNKNOWN,Takeaway,2023-06-07,Wednesday,June
4274,TXN_2337113,Coffee,1,2.0,2.0,Digital Wallet,Takeaway,2023-11-19,Sunday,November
4275,TXN_2417721,Coffee,4,2.0,8.0,Credit Card,Takeaway,2023-10-20,Friday,October
4276,TXN_5808539,Sandwich,1,4.0,4.0,UNKNOWN,Takeaway,2023-06-30,Friday,June
4277,TXN_6574910,Cookie,1,1.0,1.0,Digital Wallet,UNKNOWN,2023-09-13,Wednesday,September
4278,TXN_5342900,Cake,5,3.0,15.0,Cash,UNKNOWN,2023-07-12,Wednesday,July
4280,TXN_2853459,Tea,4,1.5,6.0,Cash,UNKNOWN,2023-08-14,Monday,August
4281,TXN_3379182,Juice,4,3.0,12.0,Cash,UNKNOWN,2023-06-03,Saturday,June
4282,TXN_9629448,Tea,2,1.5,3.0,UNKNOWN,In-store,2023-02-22,Wednesday,February
4283,TXN_8233101,Salad,2,5.0,10.0,Cash,In-store,2023-02-12,Sunday,February
4284,TXN_1247244,Sandwich,1,4.0,4.0,Digital Wallet,In-store,2023-12-27,Wednesday,December
4285,TXN_4292280,Cake,4,3.0,12.0,Cash,Takeaway,2023-01-01,Sunday,January
4286,TXN_3670476,Tea,3,1.5,4.5,Cash,Takeaway,2023-03-25,Saturday,March
4287,TXN_4506936,Cookie,1,1.0,1.0,Credit Card,Takeaway,2023-03-20,Monday,March
4289,TXN_2827994,Cake,5,3.0,15.0,Digital Wallet,In-store,2023-12-04,Monday,December
4290,TXN_5342051,Sandwich,3,4.0,12.0,Cash,UNKNOWN,2023-04-21,Friday,April
4291,TXN_7924635,Smoothie,5,4.0,20.0,Digital Wallet,Takeaway,2023-02-21,Tuesday,February
4292,TXN_5958999,Tea,2,1.5,3.0,UNKNOWN,UNKNOWN,2023-04-13,Thursday,April
4293,TXN_9098841,Cake,1,3.0,3.0,Credit Card,UNKNOWN,2023-08-07,Monday,August
4294,TXN_9723314,Coffee,4,2.0,8.0,Cash,In-store,2023-10-10,Tuesday,October
4295,TXN_2311186,Smoothie,3,4.0,12.0,Digital Wallet,UNKNOWN,2023-07-16,Sunday,July
4298,TXN_3920436,Juice,2,3.0,6.0,Digital Wallet,In-store,2023-11-19,Sunday,November
4301,TXN_8710758,Sandwich,3,4.0,12.0,Credit Card,In-store,2023-01-12,Thursday,January
4302,TXN_4873180,Tea,5,1.5,7.5,Digital Wallet,In-store,2023-01-17,Tuesday,January
4304,TXN_9997620,Cookie,2,1.0,2.0,Cash,UNKNOWN,2023-12-11,Monday,December
4305,TXN_2830671,Sandwich,1,4.0,4.0,Cash,Takeaway,2023-11-08,Wednesday,November
4308,TXN_5337074,Cookie,3,1.0,3.0,Credit Card,In-store,2023-01-12,Thursday,January
4309,TXN_9774186,Tea,3,1.5,4.5,UNKNOWN,UNKNOWN,2023-07-03,Monday,July
4311,TXN_7268802,Salad,2,5.0,10.0,Digital Wallet,Takeaway,2023-04-10,Monday,April
4312,TXN_3894735,Juice,5,3.0,15.0,UNKNOWN,UNKNOWN,2023-03-10,Friday,March
4313,TXN_1842981,Tea,5,1.5,7.5,Credit Card,UNKNOWN,2023-04-12,Wednesday,April
4314,TXN_1720238,Salad,5,5.0,25.0,UNKNOWN,Takeaway,2023-05-08,Monday,May
4315,TXN_8520687,Salad,5,5.0,25.0,UNKNOWN,Takeaway,2023-04-21,Friday,April
4316,TXN_5793417,Sandwich,2,4.0,8.0,Digital Wallet,In-store,2023-12-29,Friday,December
4317,TXN_2927909,Cake,4,3.0,12.0,Credit Card,UNKNOWN,2023-10-04,Wednesday,October
4318,TXN_3412484,Cake,4,3.0,12.0,UNKNOWN,Takeaway,2023-09-06,Wednesday,September
4320,TXN_4048203,Smoothie,2,4.0,8.0,UNKNOWN,Takeaway,2023-12-13,Wednesday,December
4322,TXN_6841304,Cake,1,3.0,3.0,UNKNOWN,UNKNOWN,2023-03-13,Monday,March
4323,TXN_2156454,Cookie,5,1.0,5.0,UNKNOWN,In-store,2023-08-17,Thursday,August
4325,TXN_4781960,Juice,1,3.0,3.0,Digital Wallet,UNKNOWN,2023-03-28,Tuesday,March
4328,TXN_3982257,Coffee,2,2.0,4.0,Digital Wallet,UNKNOWN,2023-07-23,Sunday,July
4329,TXN_1463795,Coffee,5,2.0,10.0,Credit Card,UNKNOWN,2023-08-04,Friday,August
4331,TXN_5930304,Sandwich,2,4.0,8.0,Digital Wallet,UNKNOWN,2023-11-02,Thursday,November
4332,TXN_4249989,Coffee,4,2.0,8.0,Digital Wallet,UNKNOWN,2023-01-22,Sunday,January
4335,TXN_6585794,Smoothie,5,4.0,20.0,Credit Card,In-store,2023-02-15,Wednesday,February
4336,TXN_5721846,Cookie,3,1.0,3.0,Cash,Takeaway,2023-04-14,Friday,April
4337,TXN_6487493,Salad,3,5.0,15.0,Cash,In-store,2023-03-13,Monday,March
4340,TXN_9395087,Tea,1,1.5,1.5,Cash,In-store,2023-06-12,Monday,June
4341,TXN_4477559,Juice,5,3.0,15.0,Credit Card,UNKNOWN,2023-10-02,Monday,October
4342,TXN_5542033,Sandwich,3,4.0,12.0,Digital Wallet,UNKNOWN,2023-06-26,Monday,June
4343,TXN_8850984,Sandwich,3,4.0,12.0,Cash,Takeaway,2023-05-27,Saturday,May
4344,TXN_1710823,Salad,2,5.0,10.0,Credit Card,UNKNOWN,2023-01-27,Friday,January
4345,TXN_6575440,Tea,1,1.5,1.5,Cash,UNKNOWN,2023-02-05,Sunday,February
4346,TXN_5225537,Tea,5,1.5,7.5,Digital Wallet,UNKNOWN,2023-11-04,Saturday,November
4347,TXN_1583315,Cookie,3,1.0,3.0,UNKNOWN,Takeaway,2023-10-17,Tuesday,October
4348,TXN_8130122,Sandwich,2,4.0,8.0,UNKNOWN,In-store,2023-10-23,Monday,October
4349,TXN_3587444,Juice,2,3.0,6.0,Credit Card,UNKNOWN,2023-02-03,Friday,February
4351,TXN_9407000,Sandwich,4,4.0,16.0,UNKNOWN,Takeaway,2023-10-03,Tuesday,October
4352,TXN_3017917,Cookie,3,1.0,3.0,Credit Card,Takeaway,2023-08-31,Thursday,August
4354,TXN_7738013,Salad,5,5.0,25.0,Credit Card,Takeaway,2023-11-28,Tuesday,November
4355,TXN_8542781,Cake,2,3.0,6.0,UNKNOWN,UNKNOWN,2023-05-18,Thursday,May
4356,TXN_6617283,Tea,4,1.5,6.0,Digital Wallet,UNKNOWN,2023-06-09,Friday,June
4357,TXN_1461221,Salad,2,5.0,10.0,Cash,In-store,2023-04-30,Sunday,April
4358,TXN_2056358,Coffee,3,2.0,6.0,Cash,In-store,2023-09-17,Sunday,September
4359,TXN_1858674,Smoothie,2,4.0,8.0,UNKNOWN,In-store,2023-04-09,Sunday,April
4360,TXN_2251009,Cookie,5,1.0,5.0,UNKNOWN,UNKNOWN,2023-04-02,Sunday,April
4361,TXN_5616473,Sandwich,4,4.0,16.0,Cash,UNKNOWN,2023-07-28,Friday,July
4362,TXN_7022398,Sandwich,4,4.0,16.0,UNKNOWN,UNKNOWN,2023-12-23,Saturday,December
4366,TXN_1004184,Smoothie,1,4.0,4.0,Credit Card,In-store,2023-05-18,Thursday,May
4367,TXN_4141868,Tea,3,1.5,4.5,Credit Card,UNKNOWN,2023-02-08,Wednesday,February
4368,TXN_9871971,Smoothie,3,4.0,12.0,UNKNOWN,Takeaway,2023-10-06,Friday,October
4369,TXN_4168771,Coffee,5,2.0,10.0,Digital Wallet,UNKNOWN,2023-08-02,Wednesday,August
4370,TXN_6328925,Salad,4,5.0,20.0,Credit Card,UNKNOWN,2023-09-05,Tuesday,September
4371,TXN_1226662,Salad,1,5.0,5.0,UNKNOWN,In-store,2023-06-17,Saturday,June
4372,TXN_7562171,Tea,1,1.5,1.5,UNKNOWN,In-store,2023-09-02,Saturday,September
4374,TXN_2980632,Cookie,3,1.0,3.0,Credit Card,Takeaway,2023-01-14,Saturday,January
4375,TXN_2609762,Coffee,5,2.0,10.0,UNKNOWN,Takeaway,2023-07-26,Wednesday,July
4377,TXN_6679600,Coffee,1,2.0,2.0,Digital Wallet,UNKNOWN,2023-03-15,Wednesday,March
4379,TXN_8279992,Juice,5,3.0,15.0,UNKNOWN,UNKNOWN,2023-07-03,Monday,July
4380,TXN_5722123,Cake,4,3.0,12.0,Digital Wallet,Takeaway,2023-11-23,Thursday,November
4381,TXN_3446174,Cake,5,3.0,15.0,Cash,UNKNOWN,2023-10-31,Tuesday,October
4382,TXN_3518261,Sandwich,2,4.0,8.0,Digital Wallet,UNKNOWN,2023-08-05,Saturday,August
4383,TXN_5927925,Juice,4,3.0,12.0,Digital Wallet,In-store,2023-11-02,Thursday,November
4384,TXN_5101593,Cake,5,3.0,15.0,Credit Card,Takeaway,2023-01-25,Wednesday,January
4385,TXN_1578981,Cake,1,3.0,3.0,Cash,In-store,2023-05-15,Monday,May
4386,TXN_7876388,Cookie,4,1.0,4.0,Cash,In-store,2023-10-05,Thursday,October
4387,TXN_5939363,Tea,5,1.5,7.5,Credit Card,In-store,2023-02-14,Tuesday,February
4388,TXN_1636908,Cake,4,3.0,12.0,Digital Wallet,UNKNOWN,2023-10-17,Tuesday,October
4389,TXN_5221688,Coffee,2,2.0,4.0,Cash,UNKNOWN,2023-07-03,Monday,July
4390,TXN_1196923,Smoothie,2,4.0,8.0,UNKNOWN,UNKNOWN,2023-04-27,Thursday,April
4391,TXN_8944698,Coffee,3,2.0,6.0,Credit Card,UNKNOWN,2023-09-15,Friday,September
4394,TXN_7811387,Cookie,5,1.0,5.0,Credit Card,Takeaway,2023-11-30,Thursday,November
4395,TXN_1884923,Coffee,4,2.0,8.0,Digital Wallet,Takeaway,2023-05-11,Thursday,May
4396,TXN_8215595,Tea,2,1.5,3.0,Cash,UNKNOWN,2023-11-23,Thursday,November
4398,TXN_9857674,Tea,5,1.5,7.5,UNKNOWN,Takeaway,2023-06-12,Monday,June
4400,TXN_6035512,Cake,5,3.0,15.0,Cash,Takeaway,2023-02-19,Sunday,February
4401,TXN_1398769,Smoothie,1,4.0,4.0,Cash,In-store,2023-06-02,Friday,June
4402,TXN_6874354,Sandwich,4,4.0,16.0,Credit Card,UNKNOWN,2023-03-23,Thursday,March
4403,TXN_9690711,Cookie,2,1.0,2.0,Credit Card,In-store,2023-09-13,Wednesday,September
4404,TXN_5620636,Tea,4,1.5,6.0,UNKNOWN,In-store,2023-06-12,Monday,June
4405,TXN_7234224,Cake,3,3.0,9.0,UNKNOWN,UNKNOWN,2023-10-31,Tuesday,October
4406,TXN_3844347,Sandwich,4,4.0,16.0,Cash,UNKNOWN,2023-10-04,Wednesday,October
4407,TXN_4507533,Cake,1,3.0,3.0,Digital Wallet,UNKNOWN,2023-08-31,Thursday,August
4408,TXN_7636238,Sandwich,4,4.0,16.0,Credit Card,UNKNOWN,2023-03-27,Monday,March
4409,TXN_8913153,Smoothie,2,4.0,8.0,Credit Card,UNKNOWN,2023-09-02,Saturday,September
4410,TXN_7595206,Sandwich,5,4.0,20.0,Credit Card,In-store,2023-12-02,Saturday,December
4411,TXN_8424592,Smoothie,4,4.0,16.0,Credit Card,Takeaway,2023-11-09,Thursday,November
4413,TXN_2000406,Cake,2,3.0,6.0,Credit Card,UNKNOWN,2023-06-06,Tuesday,June
4414,TXN_3105786,Smoothie,3,4.0,12.0,UNKNOWN,In-store,2023-10-04,Wednesday,October
4415,TXN_7820220,Cake,3,3.0,9.0,Credit Card,In-store,2023-03-16,Thursday,March
4416,TXN_5880883,Sandwich,5,4.0,20.0,Digital Wallet,In-store,2023-02-02,Thursday,February
4417,TXN_4447856,Smoothie,2,4.0,8.0,Cash,Takeaway,2023-09-11,Monday,September
4418,TXN_6613909,Cake,4,3.0,12.0,Credit Card,In-store,2023-06-30,Friday,June
4419,TXN_5331924,Sandwich,2,4.0,8.0,Cash,Takeaway,2023-06-30,Friday,June
4420,TXN_9090433,Cookie,2,1.0,2.0,Cash,UNKNOWN,2023-07-12,Wednesday,July
4422,TXN_9811033,Cookie,3,1.0,3.0,Cash,Takeaway,2023-11-30,Thursday,November
4423,TXN_5452419,Coffee,4,2.0,8.0,Cash,In-store,2023-01-25,Wednesday,January
4424,TXN_5384343,Juice,1,3.0,3.0,Credit Card,UNKNOWN,2023-03-29,Wednesday,March
4425,TXN_6580743,Coffee,1,2.0,2.0,Digital Wallet,Takeaway,2023-12-18,Monday,December
4426,TXN_8361821,Tea,5,1.5,7.5,Cash,In-store,2023-06-30,Friday,June
4427,TXN_2103626,Juice,3,3.0,9.0,Cash,In-store,2023-04-23,Sunday,April
4428,TXN_1891141,Juice,4,3.0,12.0,Digital Wallet,In-store,2023-10-25,Wednesday,October
4429,TXN_1252575,Tea,1,1.5,1.5,Digital Wallet,Takeaway,2023-10-16,Monday,October
4431,TXN_6723498,Salad,3,5.0,15.0,UNKNOWN,Takeaway,2023-01-28,Saturday,January
4432,TXN_1852224,Tea,4,1.5,6.0,Cash,Takeaway,2023-01-06,Friday,January
4433,TXN_5247378,Sandwich,2,4.0,8.0,Digital Wallet,Takeaway,2023-06-16,Friday,June
4434,TXN_8786479,Coffee,4,2.0,8.0,UNKNOWN,UNKNOWN,2023-05-29,Monday,May
4435,TXN_5108439,Salad,2,5.0,10.0,UNKNOWN,In-store,2023-05-06,Saturday,May
4436,TXN_4993989,Smoothie,2,4.0,8.0,UNKNOWN,UNKNOWN,2023-11-15,Wednesday,November
4438,TXN_8541473,Coffee,3,2.0,6.0,UNKNOWN,UNKNOWN,2023-08-02,Wednesday,August
4439,TXN_8917822,Cake,2,3.0,6.0,Digital Wallet,UNKNOWN,2023-12-12,Tuesday,December
4440,TXN_8108731,Juice,5,3.0,15.0,UNKNOWN,UNKNOWN,2023-08-13,Sunday,August
4442,TXN_1190151,Juice,5,3.0,15.0,Digital Wallet,UNKNOWN,2023-08-14,Monday,August
4443,TXN_8304002,Juice,1,3.0,3.0,Credit Card,Takeaway,2023-05-02,Tuesday,May
4444,TXN_4341764,Coffee,2,2.0,4.0,Cash,UNKNOWN,2023-12-02,Saturday,December
4447,TXN_1046384,Smoothie,1,4.0,4.0,Cash,UNKNOWN,2023-06-09,Friday,June
4449,TXN_8287437,Tea,2,1.5,3.0,UNKNOWN,UNKNOWN,2023-03-16,Thursday,March
4450,TXN_4153132,Salad,3,5.0,15.0,Digital Wallet,UNKNOWN,2023-03-21,Tuesday,March
4451,TXN_3243410,Tea,2,1.5,3.0,UNKNOWN,UNKNOWN,2023-10-30,Monday,October
4452,TXN_3061634,Coffee,1,2.0,2.0,Digital Wallet,UNKNOWN,2023-03-17,Friday,March
4453,TXN_7433308,Salad,4,5.0,20.0,Cash,Takeaway,2023-02-14,Tuesday,February
4454,TXN_6991736,Juice,2,3.0,6.0,Digital Wallet,In-store,2023-11-07,Tuesday,November
4455,TXN_7334272,Sandwich,2,4.0,8.0,Credit Card,Takeaway,2023-07-07,Friday,July
4457,TXN_9072093,Cookie,1,1.0,1.0,UNKNOWN,UNKNOWN,2023-03-06,Monday,March
4458,TXN_4705417,Salad,5,5.0,25.0,Credit Card,Takeaway,2023-12-14,Thursday,December
4459,TXN_8145970,Juice,5,3.0,15.0,Digital Wallet,Takeaway,2023-10-26,Thursday,October
4460,TXN_1910553,Smoothie,5,4.0,20.0,Cash,UNKNOWN,2023-10-01,Sunday,October
4461,TXN_9115899,Cake,2,3.0,6.0,Credit Card,In-store,2023-02-23,Thursday,February
4463,TXN_6020552,Sandwich,2,4.0,8.0,Cash,Takeaway,2023-01-14,Saturday,January
4465,TXN_5317458,Salad,2,5.0,10.0,Credit Card,UNKNOWN,2023-01-22,Sunday,January
4466,TXN_6913384,Tea,3,1.5,4.5,Credit Card,Takeaway,2023-09-18,Monday,September
4467,TXN_1910487,Sandwich,3,4.0,12.0,Digital Wallet,In-store,2023-08-14,Monday,August
4468,TXN_6142549,Juice,3,3.0,9.0,Digital Wallet,UNKNOWN,2023-03-12,Sunday,March
4469,TXN_7266318,Sandwich,1,4.0,4.0,UNKNOWN,In-store,2023-01-16,Monday,January
4470,TXN_4390911,Salad,2,5.0,10.0,Digital Wallet,UNKNOWN,2023-12-19,Tuesday,December
4471,TXN_1445532,Coffee,3,2.0,6.0,Cash,Takeaway,2023-03-03,Friday,March
4472,TXN_8841996,Sandwich,2,4.0,8.0,UNKNOWN,UNKNOWN,2023-12-09,Saturday,December
4474,TXN_2563505,Sandwich,1,4.0,4.0,Cash,Takeaway,2023-10-27,Friday,October
4475,TXN_5183674,Coffee,2,2.0,4.0,Digital Wallet,UNKNOWN,2023-04-13,Thursday,April
4476,TXN_6748199,Salad,2,5.0,10.0,Cash,UNKNOWN,2023-07-23,Sunday,July
4477,TXN_3463281,Cake,5,3.0,15.0,UNKNOWN,Takeaway,2023-10-06,Friday,October
4478,TXN_5795475,Tea,3,1.5,4.5,Digital Wallet,In-store,2023-09-21,Thursday,September
4479,TXN_2322399,Salad,4,5.0,20.0,UNKNOWN,Takeaway,2023-04-15,Saturday,April
4480,TXN_5865534,Smoothie,4,4.0,16.0,Digital Wallet,UNKNOWN,2023-10-16,Monday,October
4482,TXN_5159669,Tea,4,1.5,6.0,Credit Card,UNKNOWN,2023-09-30,Saturday,September
4483,TXN_4268051,Cookie,1,1.0,1.0,Digital Wallet,In-store,2023-05-05,Friday,May
4484,TXN_8120958,Cookie,5,1.0,5.0,Credit Card,UNKNOWN,2023-06-21,Wednesday,June
4486,TXN_5530097,Juice,2,3.0,6.0,Credit Card,Takeaway,2023-12-19,Tuesday,December
4487,TXN_7805241,Salad,4,5.0,20.0,UNKNOWN,UNKNOWN,2023-04-16,Sunday,April
4488,TXN_2427834,Tea,4,1.5,6.0,UNKNOWN,In-store,2023-06-15,Thursday,June
4489,TXN_6949949,Salad,3,5.0,15.0,UNKNOWN,UNKNOWN,2023-05-14,Sunday,May
4490,TXN_9094261,Juice,2,3.0,6.0,Digital Wallet,Takeaway,2023-05-15,Monday,May
4491,TXN_5661323,Cookie,2,1.0,2.0,Credit Card,Takeaway,2023-05-06,Saturday,May
4492,TXN_2356583,Smoothie,4,4.0,16.0,Digital Wallet,In-store,2023-11-30,Thursday,November
4493,TXN_4248711,Smoothie,1,4.0,4.0,Cash,UNKNOWN,2023-08-01,Tuesday,August
4494,TXN_6270766,Cookie,1,1.0,1.0,UNKNOWN,In-store,2023-11-10,Friday,November
4495,TXN_9697154,Tea,3,1.5,4.5,Credit Card,In-store,2023-10-08,Sunday,October
4496,TXN_6381860,Coffee,1,2.0,2.0,Digital Wallet,In-store,2023-08-21,Monday,August
4497,TXN_6028331,Cake,4,3.0,12.0,Cash,UNKNOWN,2023-10-22,Sunday,October
4498,TXN_8830924,Tea,2,1.5,3.0,Credit Card,UNKNOWN,2023-10-25,Wednesday,October
4499,TXN_3866156,Coffee,4,2.0,8.0,UNKNOWN,Takeaway,2023-02-28,Tuesday,February
4501,TXN_6405210,Coffee,4,2.0,8.0,Cash,UNKNOWN,2023-08-11,Friday,August
4502,TXN_4740952,Tea,4,1.5,6.0,UNKNOWN,Takeaway,2023-02-21,Tuesday,February
4503,TXN_6321174,Tea,4,1.5,6.0,Digital Wallet,UNKNOWN,2023-12-09,Saturday,December
4505,TXN_6052901,Smoothie,5,4.0,20.0,Credit Card,Takeaway,2023-08-16,Wednesday,August
4506,TXN_1253619,Juice,5,3.0,15.0,UNKNOWN,UNKNOWN,2023-05-25,Thursday,May
4507,TXN_5537517,Smoothie,3,4.0,12.0,Digital Wallet,Takeaway,2023-10-27,Friday,October
4508,TXN_5496019,Cookie,5,1.0,5.0,Cash,In-store,2023-11-26,Sunday,November
4509,TXN_4579666,Smoothie,2,4.0,8.0,UNKNOWN,UNKNOWN,2023-10-23,Monday,October
4510,TXN_6359281,Coffee,2,2.0,4.0,Credit Card,UNKNOWN,2023-09-16,Saturday,September
4511,TXN_3620122,Sandwich,1,4.0,4.0,Cash,In-store,2023-05-06,Saturday,May
4512,TXN_8367716,Tea,2,1.5,3.0,Credit Card,Takeaway,2023-02-03,Friday,February
4513,TXN_6779763,Cookie,1,1.0,1.0,Credit Card,UNKNOWN,2023-04-25,Tuesday,April
4515,TXN_8385321,Smoothie,2,4.0,8.0,Credit Card,Takeaway,2023-02-08,Wednesday,February
4516,TXN_5345258,Salad,2,5.0,10.0,Credit Card,Takeaway,2023-03-13,Monday,March
4517,TXN_8932759,Smoothie,3,4.0,12.0,Credit Card,Takeaway,2023-09-01,Friday,September
4519,TXN_3898665,Sandwich,2,4.0,8.0,Cash,Takeaway,2023-03-07,Tuesday,March
4520,TXN_4996304,Coffee,2,2.0,4.0,Credit Card,UNKNOWN,2023-08-17,Thursday,August
4521,TXN_9566593,Cake,2,3.0,6.0,Digital Wallet,UNKNOWN,2023-09-30,Saturday,September
4522,TXN_4808700,Cookie,4,1.0,4.0,Cash,Takeaway,2023-01-13,Friday,January
4523,TXN_5776252,Tea,4,1.5,6.0,Cash,Takeaway,2023-08-11,Friday,August
4524,TXN_5673476,Smoothie,4,4.0,16.0,Cash,Takeaway,2023-02-09,Thursday,February
4525,TXN_6363733,Tea,1,1.5,1.5,UNKNOWN,Takeaway,2023-10-25,Wednesday,October
4526,TXN_5297995,Tea,5,1.5,7.5,UNKNOWN,In-store,2023-07-04,Tuesday,July
4527,TXN_8049635,Salad,3,5.0,15.0,Cash,UNKNOWN,2023-11-16,Thursday,November
4530,TXN_6478968,Salad,2,5.0,10.0,UNKNOWN,UNKNOWN,2023-09-12,Tuesday,September
4531,TXN_4135861,Salad,2,5.0,10.0,Credit Card,UNKNOWN,2023-03-16,Thursday,March
4532,TXN_2031545,Juice,2,3.0,6.0,Digital Wallet,In-store,2023-05-02,Tuesday,May
4533,TXN_4676976,Smoothie,3,4.0,12.0,Digital Wallet,In-store,2023-05-26,Friday,May
4534,TXN_7421018,Sandwich,4,4.0,16.0,Digital Wallet,UNKNOWN,2023-08-26,Saturday,August
4536,TXN_1435192,Cake,2,3.0,6.0,UNKNOWN,UNKNOWN,2023-06-18,Sunday,June
4537,TXN_5364052,Sandwich,2,4.0,8.0,Credit Card,UNKNOWN,2023-02-05,Sunday,February
4538,TXN_8345649,Cookie,5,1.0,5.0,Cash,UNKNOWN,2023-08-23,Wednesday,August
4539,TXN_8560548,Sandwich,1,4.0,4.0,Credit Card,Takeaway,2023-09-02,Saturday,September
4540,TXN_2345332,Tea,3,1.5,4.5,UNKNOWN,In-store,2023-07-05,Wednesday,July
4541,TXN_9389434,Cake,5,3.0,15.0,UNKNOWN,In-store,2023-06-16,Friday,June
4542,TXN_1240476,Juice,2,3.0,6.0,Digital Wallet,Takeaway,2023-04-20,Thursday,April
4543,TXN_8345092,Smoothie,1,4.0,4.0,Credit Card,UNKNOWN,2023-07-24,Monday,July
4544,TXN_5849947,Sandwich,5,4.0,20.0,Cash,UNKNOWN,2023-02-02,Thursday,February
4546,TXN_7800602,Tea,1,1.5,1.5,Cash,UNKNOWN,2023-04-30,Sunday,April
4547,TXN_5926836,Cake,5,3.0,15.0,UNKNOWN,In-store,2023-08-07,Monday,August
4548,TXN_4397994,Cookie,5,1.0,5.0,UNKNOWN,Takeaway,2023-09-26,Tuesday,September
4549,TXN_1585827,Cake,3,3.0,9.0,Credit Card,In-store,2023-09-30,Saturday,September
4550,TXN_3384640,Salad,4,5.0,20.0,UNKNOWN,Takeaway,2023-10-17,Tuesday,October
4551,TXN_1990029,Tea,4,1.5,6.0,Credit Card,In-store,2023-11-18,Saturday,November
4552,TXN_5796131,Smoothie,3,4.0,12.0,Digital Wallet,Takeaway,2023-09-30,Saturday,September
4554,TXN_7804740,Smoothie,2,4.0,8.0,Digital Wallet,UNKNOWN,2023-10-19,Thursday,October
4555,TXN_9082461,Cake,5,3.0,15.0,Digital Wallet,In-store,2023-05-30,Tuesday,May
4556,TXN_6665881,Juice,2,3.0,6.0,Credit Card,UNKNOWN,2023-07-04,Tuesday,July
4557,TXN_4046039,Juice,5,3.0,15.0,UNKNOWN,In-store,2023-04-20,Thursday,April
4559,TXN_3042768,Cookie,3,1.0,3.0,Digital Wallet,Takeaway,2023-09-07,Thursday,September
4560,TXN_4664329,Tea,2,1.5,3.0,Credit Card,Takeaway,2023-01-06,Friday,January
4561,TXN_7442492,Salad,5,5.0,25.0,Credit Card,Takeaway,2023-07-23,Sunday,July
4562,TXN_8664335,Sandwich,5,4.0,20.0,Digital Wallet,Takeaway,2023-06-12,Monday,June
4564,TXN_1434857,Cake,5,3.0,15.0,UNKNOWN,In-store,2023-01-13,Friday,January
4565,TXN_1700374,Sandwich,5,4.0,20.0,UNKNOWN,In-store,2023-08-11,Friday,August
4567,TXN_1261028,Juice,3,3.0,9.0,UNKNOWN,In-store,2023-10-27,Friday,October
4569,TXN_5321145,Sandwich,5,4.0,20.0,Digital Wallet,Takeaway,2023-08-29,Tuesday,August
4570,TXN_3884995,Juice,5,3.0,15.0,Cash,In-store,2023-12-25,Monday,December
4571,TXN_4178488,Sandwich,3,4.0,12.0,Cash,In-store,2023-05-08,Monday,May
4573,TXN_2579157,Sandwich,1,4.0,4.0,UNKNOWN,UNKNOWN,2023-09-27,Wednesday,September
4574,TXN_3597806,Cookie,3,1.0,3.0,Credit Card,UNKNOWN,2023-12-11,Monday,December
4575,TXN_7897119,Juice,4,3.0,12.0,UNKNOWN,In-store,2023-05-27,Saturday,May
4576,TXN_2245037,Coffee,2,2.0,4.0,UNKNOWN,UNKNOWN,2023-10-18,Wednesday,October
4577,TXN_4833378,Cake,5,3.0,15.0,Digital Wallet,UNKNOWN,2023-10-15,Sunday,October
4578,TXN_7055306,Salad,1,5.0,5.0,UNKNOWN,Takeaway,2023-03-09,Thursday,March
4579,TXN_9135433,Cookie,4,1.0,4.0,UNKNOWN,In-store,2023-12-18,Monday,December
4580,TXN_1715684,Smoothie,1,4.0,4.0,UNKNOWN,In-store,2023-07-13,Thursday,July
4581,TXN_9073440,Sandwich,2,4.0,8.0,Credit Card,Takeaway,2023-08-28,Monday,August
4582,TXN_4089355,Salad,2,5.0,10.0,Credit Card,Takeaway,2023-02-18,Saturday,February
4583,TXN_3834078,Juice,1,3.0,3.0,UNKNOWN,In-store,2023-01-29,Sunday,January
4584,TXN_5048650,Smoothie,2,4.0,8.0,Cash,Takeaway,2023-11-18,Saturday,November
4585,TXN_1882700,Tea,3,1.5,4.5,Digital Wallet,In-store,2023-04-18,Tuesday,April
4586,TXN_2112911,Salad,3,5.0,15.0,Digital Wallet,Takeaway,2023-09-18,Monday,September
4587,TXN_7568316,Cake,2,3.0,6.0,Credit Card,UNKNOWN,2023-11-28,Tuesday,November
4588,TXN_3642982,Coffee,5,2.0,10.0,Cash,UNKNOWN,2023-10-04,Wednesday,October
4589,TXN_4475094,Sandwich,3,4.0,12.0,UNKNOWN,UNKNOWN,2023-08-12,Saturday,August
4590,TXN_6768812,Coffee,4,2.0,8.0,UNKNOWN,UNKNOWN,2023-03-30,Thursday,March
4591,TXN_1419669,Cake,5,3.0,15.0,Cash,Takeaway,2023-03-07,Tuesday,March
4592,TXN_9810604,Cake,2,3.0,6.0,UNKNOWN,Takeaway,2023-04-02,Sunday,April
4593,TXN_4791243,Cookie,5,1.0,5.0,UNKNOWN,Takeaway,2023-05-12,Friday,May
4595,TXN_7920897,Salad,2,5.0,10.0,UNKNOWN,In-store,2023-07-29,Saturday,July
4597,TXN_5453836,Smoothie,2,4.0,8.0,Credit Card,In-store,2023-05-29,Monday,May
4598,TXN_5578796,Tea,4,1.5,6.0,UNKNOWN,In-store,2023-04-27,Thursday,April
4599,TXN_8620592,Smoothie,2,4.0,8.0,UNKNOWN,In-store,2023-07-14,Friday,July
4601,TXN_9487214,Coffee,5,2.0,10.0,UNKNOWN,UNKNOWN,2023-03-25,Saturday,March
4602,TXN_2274702,Cookie,5,1.0,5.0,Credit Card,In-store,2023-12-11,Monday,December
4603,TXN_2701016,Cake,5,3.0,15.0,Digital Wallet,UNKNOWN,2023-03-06,Monday,March
4604,TXN_8809853,Coffee,1,2.0,2.0,Digital Wallet,Takeaway,2023-10-29,Sunday,October
4605,TXN_7683607,Cake,1,3.0,3.0,Cash,UNKNOWN,2023-03-17,Friday,March
4606,TXN_2402928,Coffee,4,2.0,8.0,Cash,UNKNOWN,2023-10-20,Friday,October
4607,TXN_6516391,Cake,2,3.0,6.0,Digital Wallet,UNKNOWN,2023-06-16,Friday,June
4608,TXN_9685326,Smoothie,3,4.0,12.0,Digital Wallet,Takeaway,2023-04-07,Friday,April
4610,TXN_9858627,Juice,4,3.0,12.0,UNKNOWN,UNKNOWN,2023-01-22,Sunday,January
4611,TXN_9923613,Sandwich,4,4.0,16.0,UNKNOWN,In-store,2023-11-08,Wednesday,November
4612,TXN_7656770,Coffee,1,2.0,2.0,Credit Card,UNKNOWN,2023-12-24,Sunday,December
4613,TXN_4092551,Juice,5,3.0,15.0,Credit Card,Takeaway,2023-10-11,Wednesday,October
4615,TXN_7241288,Sandwich,5,4.0,20.0,Cash,Takeaway,2023-04-11,Tuesday,April
4616,TXN_9833195,Coffee,2,2.0,4.0,UNKNOWN,Takeaway,2023-03-03,Friday,March
4617,TXN_9153854,Sandwich,2,4.0,8.0,UNKNOWN,In-store,2023-04-04,Tuesday,April
4618,TXN_1436851,Sandwich,5,4.0,20.0,Cash,Takeaway,2023-07-28,Friday,July
4619,TXN_8598575,Sandwich,4,4.0,16.0,Digital Wallet,UNKNOWN,2023-11-14,Tuesday,November
4620,TXN_1417871,Salad,3,5.0,15.0,Cash,Takeaway,2023-03-12,Sunday,March
4622,TXN_2339781,Smoothie,2,4.0,8.0,UNKNOWN,In-store,2023-01-02,Monday,January
4623,TXN_6674257,Sandwich,3,4.0,12.0,Cash,Takeaway,2023-07-20,Thursday,July
4627,TXN_4965631,Smoothie,3,4.0,12.0,Credit Card,UNKNOWN,2023-01-27,Friday,January
4628,TXN_9254064,Coffee,2,2.0,4.0,Cash,Takeaway,2023-12-10,Sunday,December
4629,TXN_4554168,Tea,4,1.5,6.0,Digital Wallet,In-store,2023-04-08,Saturday,April
4630,TXN_6536418,Salad,5,5.0,25.0,Credit Card,In-store,2023-02-11,Saturday,February
4631,TXN_9024186,Juice,2,3.0,6.0,Cash,Takeaway,2023-12-17,Sunday,December
4632,TXN_4580084,Sandwich,5,4.0,20.0,Credit Card,Takeaway,2023-12-17,Sunday,December
4633,TXN_3996874,Tea,4,1.5,6.0,Digital Wallet,UNKNOWN,2023-05-18,Thursday,May
4635,TXN_5439860,Tea,1,1.5,1.5,Digital Wallet,In-store,2023-04-18,Tuesday,April
4636,TXN_3216618,Salad,4,5.0,20.0,Credit Card,In-store,2023-12-30,Saturday,December
4637,TXN_8360779,Cookie,4,1.0,4.0,Credit Card,In-store,2023-10-25,Wednesday,October
4638,TXN_3700419,Cookie,4,1.0,4.0,UNKNOWN,UNKNOWN,2023-01-09,Monday,January
4639,TXN_6369590,Salad,5,5.0,25.0,Digital Wallet,Takeaway,2023-10-26,Thursday,October
4640,TXN_5039782,Tea,3,1.5,4.5,Credit Card,Takeaway,2023-06-21,Wednesday,June
4641,TXN_7047860,Coffee,2,2.0,4.0,UNKNOWN,Takeaway,2023-06-18,Sunday,June
4642,TXN_2985748,Coffee,3,2.0,6.0,UNKNOWN,Takeaway,2023-12-19,Tuesday,December
4643,TXN_8616557,Sandwich,5,4.0,20.0,UNKNOWN,In-store,2023-08-28,Monday,August
4644,TXN_3171673,Smoothie,2,4.0,8.0,Digital Wallet,Takeaway,2023-12-07,Thursday,December
4645,TXN_4827637,Smoothie,4,4.0,16.0,Cash,In-store,2023-04-28,Friday,April
4646,TXN_1170198,Tea,4,1.5,6.0,Credit Card,In-store,2023-02-09,Thursday,February
4647,TXN_8166527,Salad,2,5.0,10.0,Cash,In-store,2023-05-24,Wednesday,May
4648,TXN_3097593,Smoothie,2,4.0,8.0,Credit Card,In-store,2023-06-18,Sunday,June
4650,TXN_3431526,Cookie,3,1.0,3.0,Credit Card,Takeaway,2023-12-27,Wednesday,December
4652,TXN_1489218,Salad,2,5.0,10.0,Digital Wallet,UNKNOWN,2023-09-13,Wednesday,September
4653,TXN_1936644,Juice,3,3.0,9.0,Digital Wallet,UNKNOWN,2023-01-28,Saturday,January
4654,TXN_4293694,Smoothie,5,4.0,20.0,Cash,UNKNOWN,2023-08-03,Thursday,August
4655,TXN_9469529,Coffee,2,2.0,4.0,UNKNOWN,UNKNOWN,2023-08-09,Wednesday,August
4658,TXN_7692019,Juice,3,3.0,9.0,UNKNOWN,In-store,2023-10-14,Saturday,October
4659,TXN_7677750,Tea,2,1.5,3.0,Cash,Takeaway,2023-12-24,Sunday,December
4660,TXN_9799633,Juice,4,3.0,12.0,Cash,In-store,2023-11-07,Tuesday,November
4661,TXN_4252036,Sandwich,2,4.0,8.0,Cash,Takeaway,2023-01-22,Sunday,January
4662,TXN_6637989,Smoothie,1,4.0,4.0,Cash,UNKNOWN,2023-11-09,Thursday,November
4663,TXN_2860514,Cookie,5,1.0,5.0,Credit Card,UNKNOWN,2023-09-01,Friday,September
4664,TXN_4143449,Smoothie,3,4.0,12.0,Digital Wallet,UNKNOWN,2023-08-23,Wednesday,August
4666,TXN_1960599,Cake,4,3.0,12.0,Cash,UNKNOWN,2023-01-06,Friday,January
4667,TXN_1184377,Juice,1,3.0,3.0,Cash,UNKNOWN,2023-10-25,Wednesday,October
4668,TXN_6995795,Salad,4,5.0,20.0,UNKNOWN,In-store,2023-11-28,Tuesday,November
4669,TXN_7805508,Smoothie,5,4.0,20.0,UNKNOWN,In-store,2023-07-10,Monday,July
4670,TXN_6193929,Juice,5,3.0,15.0,UNKNOWN,Takeaway,2023-06-20,Tuesday,June
4671,TXN_1942950,Sandwich,4,4.0,16.0,UNKNOWN,Takeaway,2023-03-25,Saturday,March
4672,TXN_9759221,Coffee,3,2.0,6.0,Cash,Takeaway,2023-06-23,Friday,June
4673,TXN_1205522,Cake,5,3.0,15.0,UNKNOWN,In-store,2023-12-26,Tuesday,December
4674,TXN_7792223,Smoothie,3,4.0,12.0,Credit Card,UNKNOWN,2023-07-21,Friday,July
4675,TXN_7205370,Smoothie,4,4.0,16.0,Cash,UNKNOWN,2023-12-07,Thursday,December
4676,TXN_9992148,Tea,3,1.5,4.5,Cash,Takeaway,2023-01-14,Saturday,January
4677,TXN_6305420,Cookie,3,1.0,3.0,UNKNOWN,In-store,2023-06-17,Saturday,June
4678,TXN_9982090,Tea,5,1.5,7.5,Digital Wallet,In-store,2023-06-03,Saturday,June
4680,TXN_8487057,Smoothie,5,4.0,20.0,UNKNOWN,Takeaway,2023-06-01,Thursday,June
4681,TXN_6646382,Tea,4,1.5,6.0,UNKNOWN,UNKNOWN,2023-09-16,Saturday,September
4682,TXN_5255092,Sandwich,1,4.0,4.0,UNKNOWN,Takeaway,2023-10-08,Sunday,October
4683,TXN_8402941,Cake,5,3.0,15.0,Credit Card,In-store,2023-11-26,Sunday,November
4684,TXN_4265056,Juice,1,3.0,3.0,Cash,UNKNOWN,2023-07-16,Sunday,July
4685,TXN_4605871,Cookie,1,1.0,1.0,UNKNOWN,UNKNOWN,2023-06-20,Tuesday,June
4686,TXN_7976001,Juice,4,3.0,12.0,Credit Card,In-store,2023-06-27,Tuesday,June
4687,TXN_4969003,Cookie,1,1.0,1.0,Digital Wallet,In-store,2023-04-19,Wednesday,April
4688,TXN_3629728,Smoothie,1,4.0,4.0,Digital Wallet,Takeaway,2023-03-11,Saturday,March
4690,TXN_1907428,Juice,4,3.0,12.0,Credit Card,In-store,2023-06-06,Tuesday,June
4691,TXN_6594753,Juice,3,3.0,9.0,UNKNOWN,UNKNOWN,2023-03-16,Thursday,March
4692,TXN_8554646,Coffee,2,2.0,4.0,Cash,UNKNOWN,2023-01-10,Tuesday,January
4693,TXN_5860664,Juice,5,3.0,15.0,Digital Wallet,UNKNOWN,2023-06-06,Tuesday,June
4694,TXN_3586768,Coffee,2,2.0,4.0,UNKNOWN,In-store,2023-05-23,Tuesday,May
4695,TXN_5765294,Cookie,4,1.0,4.0,Digital Wallet,In-store,2023-11-14,Tuesday,November
4696,TXN_4966149,Juice,2,3.0,6.0,Cash,UNKNOWN,2023-04-10,Monday,April
4697,TXN_3652726,Sandwich,3,4.0,12.0,UNKNOWN,In-store,2023-08-03,Thursday,August
4698,TXN_2273573,Cookie,5,1.0,5.0,Cash,In-store,2023-11-12,Sunday,November
4699,TXN_7924516,Cookie,1,1.0,1.0,Credit Card,UNKNOWN,2023-04-23,Sunday,April
4700,TXN_2083132,Salad,1,5.0,5.0,UNKNOWN,UNKNOWN,2023-08-31,Thursday,August
4702,TXN_2659832,Sandwich,3,4.0,12.0,Credit Card,UNKNOWN,2023-12-05,Tuesday,December
4703,TXN_5049646,Juice,2,3.0,6.0,Credit Card,In-store,2023-08-30,Wednesday,August
4706,TXN_6853142,Smoothie,3,4.0,12.0,Cash,UNKNOWN,2023-07-21,Friday,July
4707,TXN_4031726,Cake,4,3.0,12.0,Credit Card,Takeaway,2023-11-22,Wednesday,November
4708,TXN_9512112,Coffee,4,2.0,8.0,Cash,Takeaway,2023-05-25,Thursday,May
4709,TXN_9428611,Salad,4,5.0,20.0,Digital Wallet,UNKNOWN,2023-07-13,Thursday,July
4712,TXN_5483635,Juice,3,3.0,9.0,Credit Card,In-store,2023-03-23,Thursday,March
4714,TXN_3478169,Juice,2,3.0,6.0,Cash,In-store,2023-02-03,Friday,February
4715,TXN_3842766,Tea,3,1.5,4.5,Credit Card,In-store,2023-03-24,Friday,March
4716,TXN_7805115,Smoothie,2,4.0,8.0,UNKNOWN,UNKNOWN,2023-12-18,Monday,December
4717,TXN_7565447,Salad,1,5.0,5.0,UNKNOWN,UNKNOWN,2023-02-15,Wednesday,February
4718,TXN_8225343,Smoothie,1,4.0,4.0,Cash,UNKNOWN,2023-05-10,Wednesday,May
4719,TXN_3822036,Smoothie,3,4.0,12.0,Credit Card,Takeaway,2023-05-07,Sunday,May
4720,TXN_3019996,Sandwich,2,4.0,8.0,Cash,UNKNOWN,2023-06-27,Tuesday,June
4722,TXN_5634977,Coffee,5,2.0,10.0,UNKNOWN,In-store,2023-03-06,Monday,March
4723,TXN_8165784,Cake,5,3.0,15.0,Digital Wallet,UNKNOWN,2023-10-15,Sunday,October
4724,TXN_3619141,Cookie,4,1.0,4.0,Digital Wallet,In-store,2023-09-30,Saturday,September
4725,TXN_7160017,Juice,1,3.0,3.0,Cash,In-store,2023-09-27,Wednesday,September
4726,TXN_9513509,Sandwich,1,4.0,4.0,Credit Card,UNKNOWN,2023-04-27,Thursday,April
4727,TXN_5919038,Cookie,1,1.0,1.0,Credit Card,In-store,2023-12-15,Friday,December
4728,TXN_8384229,Tea,4,1.5,6.0,Digital Wallet,UNKNOWN,2023-01-08,Sunday,January
4729,TXN_9011816,Cake,1,3.0,3.0,UNKNOWN,Takeaway,2023-04-02,Sunday,April
4730,TXN_2916992,Salad,2,5.0,10.0,Cash,Takeaway,2023-08-20,Sunday,August
4731,TXN_4350788,Tea,3,1.5,4.5,UNKNOWN,In-store,2023-06-28,Wednesday,June
4733,TXN_9126573,Salad,4,5.0,20.0,Digital Wallet,UNKNOWN,2023-06-17,Saturday,June
4734,TXN_5347338,Cake,4,3.0,12.0,Digital Wallet,Takeaway,2023-07-04,Tuesday,July
4738,TXN_1907740,Sandwich,1,4.0,4.0,Cash,UNKNOWN,2023-03-17,Friday,March
4739,TXN_3654670,Juice,1,3.0,3.0,Credit Card,Takeaway,2023-06-14,Wednesday,June
4740,TXN_1432682,Tea,1,1.5,1.5,UNKNOWN,UNKNOWN,2023-07-11,Tuesday,July
4741,TXN_3938271,Salad,3,5.0,15.0,UNKNOWN,In-store,2023-01-12,Thursday,January
4742,TXN_7619641,Juice,3,3.0,9.0,UNKNOWN,In-store,2023-04-02,Sunday,April
4743,TXN_1870423,Salad,2,5.0,10.0,Credit Card,Takeaway,2023-04-12,Wednesday,April
4744,TXN_1006942,Salad,1,5.0,5.0,Credit Card,In-store,2023-11-30,Thursday,November
4745,TXN_2282319,Juice,2,3.0,6.0,Cash,In-store,2023-08-14,Monday,August
4746,TXN_6812735,Tea,5,1.5,7.5,UNKNOWN,UNKNOWN,2023-04-21,Friday,April
4747,TXN_6922833,Tea,1,1.5,1.5,UNKNOWN,Takeaway,2023-11-17,Friday,November
4750,TXN_8489120,Cookie,2,1.0,2.0,Credit Card,UNKNOWN,2023-11-07,Tuesday,November
4751,TXN_6200609,Salad,5,5.0,25.0,Digital Wallet,Takeaway,2023-04-12,Wednesday,April
4752,TXN_8194534,Coffee,2,2.0,4.0,Cash,UNKNOWN,2023-05-19,Friday,May
4753,TXN_7238674,Cookie,1,1.0,1.0,UNKNOWN,UNKNOWN,2023-11-03,Friday,November
4754,TXN_6968752,Tea,1,1.5,1.5,UNKNOWN,UNKNOWN,2023-04-07,Friday,April
4756,TXN_1346953,Tea,3,1.5,4.5,UNKNOWN,In-store,2023-09-24,Sunday,September
4757,TXN_8742689,Tea,5,1.5,7.5,Digital Wallet,Takeaway,2023-01-05,Thursday,January
4758,TXN_2144031,Juice,1,3.0,3.0,UNKNOWN,UNKNOWN,2023-02-25,Saturday,February
4759,TXN_1996466,Smoothie,1,4.0,4.0,Digital Wallet,UNKNOWN,2023-04-24,Monday,April
4761,TXN_7124156,Salad,1,5.0,5.0,Credit Card,Takeaway,2023-07-28,Friday,July
4762,TXN_3150614,Sandwich,1,4.0,4.0,Cash,Takeaway,2023-08-06,Sunday,August
4763,TXN_5263693,Juice,1,3.0,3.0,Digital Wallet,Takeaway,2023-01-20,Friday,January
4765,TXN_1702437,Smoothie,4,4.0,16.0,Credit Card,Takeaway,2023-06-27,Tuesday,June
4766,TXN_6500713,Cookie,3,1.0,3.0,UNKNOWN,In-store,2023-04-30,Sunday,April
4767,TXN_8725721,Sandwich,1,4.0,4.0,Cash,UNKNOWN,2023-06-04,Sunday,June
4768,TXN_8965025,Salad,1,5.0,5.0,Cash,In-store,2023-04-14,Friday,April
4769,TXN_8491490,Coffee,2,2.0,4.0,UNKNOWN,In-store,2023-01-16,Monday,January
4770,TXN_4328869,Sandwich,2,4.0,8.0,Cash,UNKNOWN,2023-05-02,Tuesday,May
4771,TXN_3849711,Smoothie,5,4.0,20.0,Cash,UNKNOWN,2023-08-14,Monday,August
4772,TXN_1334406,Juice,1,3.0,3.0,Digital Wallet,In-store,2023-09-26,Tuesday,September
4773,TXN_1556708,Smoothie,1,4.0,4.0,Digital Wallet,Takeaway,2023-06-11,Sunday,June
4774,TXN_8422494,Salad,4,5.0,20.0,Cash,In-store,2023-06-08,Thursday,June
4775,TXN_3427754,Smoothie,2,4.0,8.0,Digital Wallet,Takeaway,2023-08-06,Sunday,August
4777,TXN_7703185,Cake,1,3.0,3.0,Digital Wallet,Takeaway,2023-12-10,Sunday,December
4778,TXN_8455321,Smoothie,3,4.0,12.0,UNKNOWN,In-store,2023-01-25,Wednesday,January
4779,TXN_9904505,Smoothie,2,4.0,8.0,Digital Wallet,UNKNOWN,2023-06-07,Wednesday,June
4780,TXN_5020643,Tea,3,1.5,4.5,Digital Wallet,In-store,2023-10-19,Thursday,October
4781,TXN_8170122,Cookie,5,1.0,5.0,Digital Wallet,In-store,2023-03-20,Monday,March
4783,TXN_3930540,Smoothie,3,4.0,12.0,Cash,UNKNOWN,2023-03-24,Friday,March
4784,TXN_4663537,Coffee,5,2.0,10.0,Credit Card,UNKNOWN,2023-10-22,Sunday,October
4785,TXN_5392630,Juice,5,3.0,15.0,Cash,Takeaway,2023-11-23,Thursday,November
4786,TXN_9480851,Cake,3,3.0,9.0,UNKNOWN,In-store,2023-03-21,Tuesday,March
4787,TXN_5927620,Smoothie,1,4.0,4.0,Credit Card,UNKNOWN,2023-05-04,Thursday,May
4788,TXN_1561430,Tea,2,1.5,3.0,UNKNOWN,Takeaway,2023-10-13,Friday,October
4789,TXN_1133945,Smoothie,2,4.0,8.0,Digital Wallet,In-store,2023-10-23,Monday,October
4790,TXN_5467240,Smoothie,5,4.0,20.0,Digital Wallet,UNKNOWN,2023-10-20,Friday,October
4791,TXN_3210288,Salad,3,5.0,15.0,UNKNOWN,Takeaway,2023-04-30,Sunday,April
4792,TXN_1586452,Salad,2,5.0,10.0,Cash,In-store,2023-02-01,Wednesday,February
4793,TXN_9814929,Cake,3,3.0,9.0,Digital Wallet,In-store,2023-10-01,Sunday,October
4794,TXN_8961480,Tea,4,1.5,6.0,Cash,UNKNOWN,2023-02-18,Saturday,February
4795,TXN_1826919,Juice,4,3.0,12.0,Credit Card,In-store,2023-02-21,Tuesday,February
4796,TXN_3135048,Salad,1,5.0,5.0,Credit Card,Takeaway,2023-02-03,Friday,February
4798,TXN_4504141,Sandwich,5,4.0,20.0,Credit Card,UNKNOWN,2023-09-28,Thursday,September
4799,TXN_7408461,Juice,3,3.0,9.0,UNKNOWN,In-store,2023-11-05,Sunday,November
4801,TXN_6655437,Juice,1,3.0,3.0,UNKNOWN,UNKNOWN,2023-07-07,Friday,July
4802,TXN_9120328,Tea,5,1.5,7.5,Credit Card,Takeaway,2023-10-22,Sunday,October
4803,TXN_3906862,Cake,5,3.0,15.0,Cash,UNKNOWN,2023-08-14,Monday,August
4804,TXN_8468071,Cookie,4,1.0,4.0,UNKNOWN,UNKNOWN,2023-08-22,Tuesday,August
4805,TXN_7543921,Coffee,3,2.0,6.0,Cash,In-store,2023-12-06,Wednesday,December
4809,TXN_2970011,Coffee,4,2.0,8.0,Credit Card,Takeaway,2023-06-04,Sunday,June
4810,TXN_5556328,Tea,5,1.5,7.5,Digital Wallet,In-store,2023-12-10,Sunday,December
4811,TXN_8786159,Coffee,3,2.0,6.0,Cash,In-store,2023-04-05,Wednesday,April
4812,TXN_2467699,Tea,1,1.5,1.5,Cash,UNKNOWN,2023-06-17,Saturday,June
4813,TXN_3085628,Salad,1,5.0,5.0,Cash,UNKNOWN,2023-08-26,Saturday,August
4814,TXN_7952153,Smoothie,2,4.0,8.0,Digital Wallet,UNKNOWN,2023-07-24,Monday,July
4815,TXN_4439321,Coffee,3,2.0,6.0,Cash,In-store,2023-04-25,Tuesday,April
4816,TXN_1488127,Tea,5,1.5,7.5,UNKNOWN,Takeaway,2023-12-12,Tuesday,December
4817,TXN_6687734,Cake,1,3.0,3.0,UNKNOWN,In-store,2023-03-14,Tuesday,March
4818,TXN_7323885,Sandwich,5,4.0,20.0,Cash,In-store,2023-09-15,Friday,September
4819,TXN_7894558,Coffee,2,2.0,4.0,UNKNOWN,UNKNOWN,2023-01-04,Wednesday,January
4820,TXN_4019040,Tea,1,1.5,1.5,Cash,In-store,2023-02-01,Wednesday,February
4821,TXN_1570573,Sandwich,3,4.0,12.0,Digital Wallet,Takeaway,2023-04-09,Sunday,April
4822,TXN_5991995,Cake,1,3.0,3.0,Digital Wallet,In-store,2023-01-08,Sunday,January
4823,TXN_2437586,Sandwich,4,4.0,16.0,Cash,UNKNOWN,2023-08-29,Tuesday,August
4824,TXN_7326827,Smoothie,1,4.0,4.0,UNKNOWN,In-store,2023-06-30,Friday,June
4825,TXN_6004431,Sandwich,2,4.0,8.0,Cash,Takeaway,2023-04-07,Friday,April
4826,TXN_7475500,Cookie,2,1.0,2.0,Cash,UNKNOWN,2023-11-22,Wednesday,November
4827,TXN_8122317,Coffee,3,2.0,6.0,Cash,Takeaway,2023-10-16,Monday,October
4828,TXN_2028930,Cookie,2,1.0,2.0,Digital Wallet,UNKNOWN,2023-11-25,Saturday,November
4829,TXN_3394874,Coffee,4,2.0,8.0,Credit Card,Takeaway,2023-06-18,Sunday,June
4832,TXN_2220389,Salad,4,5.0,20.0,Credit Card,UNKNOWN,2023-07-26,Wednesday,July
4833,TXN_9603773,Cookie,2,1.0,2.0,Credit Card,UNKNOWN,2023-10-10,Tuesday,October
4834,TXN_1285279,Coffee,2,2.0,4.0,Cash,Takeaway,2023-04-09,Sunday,April
4835,TXN_5244558,Smoothie,4,4.0,16.0,Digital Wallet,UNKNOWN,2023-06-06,Tuesday,June
4836,TXN_1702434,Smoothie,3,4.0,12.0,Digital Wallet,UNKNOWN,2023-07-22,Saturday,July
4837,TXN_2425755,Smoothie,1,4.0,4.0,UNKNOWN,Takeaway,2023-09-14,Thursday,September
4839,TXN_7151817,Sandwich,1,4.0,4.0,Cash,In-store,2023-05-18,Thursday,May
4840,TXN_7514589,Juice,3,3.0,9.0,Cash,Takeaway,2023-07-25,Tuesday,July
4841,TXN_5962237,Juice,1,3.0,3.0,UNKNOWN,Takeaway,2023-10-31,Tuesday,October
4843,TXN_2188356,Tea,1,1.5,1.5,UNKNOWN,In-store,2023-07-14,Friday,July
4844,TXN_8019335,Smoothie,3,4.0,12.0,Digital Wallet,Takeaway,2023-11-26,Sunday,November
4846,TXN_5248011,Cake,2,3.0,6.0,UNKNOWN,In-store,2023-01-21,Saturday,January
4847,TXN_7332957,Sandwich,5,4.0,20.0,Digital Wallet,UNKNOWN,2023-07-26,Wednesday,July
4848,TXN_1278539,Tea,1,1.5,1.5,Credit Card,Takeaway,2023-04-04,Tuesday,April
4849,TXN_1186221,Salad,4,5.0,20.0,Cash,Takeaway,2023-04-21,Friday,April
4850,TXN_3086676,Cake,2,3.0,6.0,Cash,UNKNOWN,2023-07-21,Friday,July
4851,TXN_9696138,Juice,3,3.0,9.0,UNKNOWN,UNKNOWN,2023-12-01,Friday,December
4852,TXN_1846455,Sandwich,4,4.0,16.0,UNKNOWN,UNKNOWN,2023-03-16,Thursday,March
4854,TXN_1839407,Cookie,3,1.0,3.0,Cash,UNKNOWN,2023-03-15,Wednesday,March
4855,TXN_9028798,Cake,2,3.0,6.0,Cash,In-store,2023-05-25,Thursday,May
4856,TXN_4672332,Cake,4,3.0,12.0,Cash,In-store,2023-03-29,Wednesday,March
4857,TXN_2726078,Coffee,3,2.0,6.0,Digital Wallet,UNKNOWN,2023-11-27,Monday,November
4858,TXN_5249091,Smoothie,5,4.0,20.0,Credit Card,In-store,2023-08-15,Tuesday,August
4859,TXN_9507397,Cookie,3,1.0,3.0,Credit Card,Takeaway,2023-10-26,Thursday,October
4861,TXN_3300171,Cookie,5,1.0,5.0,Credit Card,In-store,2023-02-14,Tuesday,February
4862,TXN_2773085,Coffee,1,2.0,2.0,UNKNOWN,UNKNOWN,2023-10-16,Monday,October
4863,TXN_4697112,Sandwich,3,4.0,12.0,Credit Card,UNKNOWN,2023-04-08,Saturday,April
4865,TXN_6373380,Coffee,4,2.0,8.0,Cash,In-store,2023-07-21,Friday,July
4866,TXN_8668590,Cookie,4,1.0,4.0,Digital Wallet,UNKNOWN,2023-04-18,Tuesday,April
4867,TXN_9121676,Smoothie,4,4.0,16.0,UNKNOWN,UNKNOWN,2023-12-25,Monday,December
4868,TXN_4956012,Sandwich,1,4.0,4.0,UNKNOWN,In-store,2023-07-20,Thursday,July
4869,TXN_4341126,Cake,2,3.0,6.0,Cash,UNKNOWN,2023-07-01,Saturday,July
4871,TXN_2103018,Cake,5,3.0,15.0,Credit Card,In-store,2023-11-24,Friday,November
4873,TXN_2227781,Cake,1,3.0,3.0,Cash,Takeaway,2023-01-21,Saturday,January
4874,TXN_6159539,Juice,1,3.0,3.0,Digital Wallet,UNKNOWN,2023-01-12,Thursday,January
4876,TXN_5234152,Cookie,5,1.0,5.0,Digital Wallet,Takeaway,2023-03-26,Sunday,March
4877,TXN_9468033,Juice,1,3.0,3.0,Credit Card,UNKNOWN,2023-12-13,Wednesday,December
4878,TXN_3132304,Sandwich,1,4.0,4.0,Credit Card,UNKNOWN,2023-01-21,Saturday,January
4879,TXN_6262910,Cake,4,3.0,12.0,Cash,Takeaway,2023-07-02,Sunday,July
4880,TXN_7543841,Cookie,3,1.0,3.0,Cash,In-store,2023-11-07,Tuesday,November
4881,TXN_7901672,Cookie,1,1.0,1.0,UNKNOWN,UNKNOWN,2023-06-24,Saturday,June
4882,TXN_1058957,Juice,2,3.0,6.0,Cash,In-store,2023-03-21,Tuesday,March
4884,TXN_2728444,Salad,1,5.0,5.0,Digital Wallet,Takeaway,2023-01-23,Monday,January
4885,TXN_9073184,Cake,2,3.0,6.0,UNKNOWN,UNKNOWN,2023-04-14,Friday,April
4887,TXN_5665341,Tea,5,1.5,7.5,Cash,UNKNOWN,2023-02-27,Monday,February
4888,TXN_1509627,Juice,4,3.0,12.0,Digital Wallet,UNKNOWN,2023-03-23,Thursday,March
4889,TXN_7813066,Juice,1,3.0,3.0,UNKNOWN,UNKNOWN,2023-02-28,Tuesday,February
4890,TXN_5518591,Cookie,4,1.0,4.0,Digital Wallet,UNKNOWN,2023-09-21,Thursday,September
4891,TXN_6540415,Cake,5,3.0,15.0,UNKNOWN,UNKNOWN,2023-05-27,Saturday,May
4892,TXN_2991726,Juice,5,3.0,15.0,UNKNOWN,In-store,2023-09-01,Friday,September
4893,TXN_7939659,Cake,3,3.0,9.0,Digital Wallet,Takeaway,2023-07-26,Wednesday,July
4894,TXN_7531403,Smoothie,2,4.0,8.0,Cash,In-store,2023-07-08,Saturday,July
4895,TXN_3767196,Salad,4,5.0,20.0,Cash,UNKNOWN,2023-08-30,Wednesday,August
4896,TXN_3562332,Salad,5,5.0,25.0,UNKNOWN,UNKNOWN,2023-06-20,Tuesday,June
4897,TXN_7302788,Coffee,1,2.0,2.0,Cash,In-store,2023-09-18,Monday,September
4898,TXN_9233948,Cookie,4,1.0,4.0,Cash,UNKNOWN,2023-03-26,Sunday,March
4899,TXN_1510673,Juice,3,3.0,9.0,UNKNOWN,UNKNOWN,2023-02-26,Sunday,February
4900,TXN_9867586,Smoothie,4,4.0,16.0,UNKNOWN,In-store,2023-06-02,Friday,June
4901,TXN_1750875,Juice,3,3.0,9.0,UNKNOWN,UNKNOWN,2023-12-13,Wednesday,December
4902,TXN_6397944,Salad,5,5.0,25.0,UNKNOWN,UNKNOWN,2023-10-31,Tuesday,October
4903,TXN_5216430,Cookie,3,1.0,3.0,UNKNOWN,UNKNOWN,2023-02-05,Sunday,February
4904,TXN_2723755,Juice,3,3.0,9.0,Cash,UNKNOWN,2023-06-30,Friday,June
4905,TXN_2313646,Sandwich,3,4.0,12.0,UNKNOWN,In-store,2023-08-24,Thursday,August
4907,TXN_4028494,Cake,3,3.0,9.0,Digital Wallet,In-store,2023-10-22,Sunday,October
4908,TXN_1412415,Juice,3,3.0,9.0,Cash,In-store,2023-02-24,Friday,February
4910,TXN_6546131,Coffee,4,2.0,8.0,Credit Card,In-store,2023-06-26,Monday,June
4911,TXN_9030656,Juice,5,3.0,15.0,Digital Wallet,Takeaway,2023-12-12,Tuesday,December
4912,TXN_1950777,Salad,5,5.0,25.0,Cash,Takeaway,2023-08-26,Saturday,August
4913,TXN_4605239,Coffee,1,2.0,2.0,Credit Card,UNKNOWN,2023-08-06,Sunday,August
4914,TXN_8019396,Sandwich,3,4.0,12.0,UNKNOWN,UNKNOWN,2023-10-20,Friday,October
4918,TXN_7874772,Tea,1,1.5,1.5,Credit Card,Takeaway,2023-04-26,Wednesday,April
4919,TXN_2625464,Smoothie,3,4.0,12.0,Credit Card,In-store,2023-10-06,Friday,October
4920,TXN_9338442,Cake,1,3.0,3.0,Digital Wallet,In-store,2023-12-29,Friday,December
4921,TXN_2953908,Coffee,5,2.0,10.0,Credit Card,In-store,2023-10-11,Wednesday,October
4922,TXN_2576936,Cake,3,3.0,9.0,Cash,UNKNOWN,2023-10-14,Saturday,October
4923,TXN_4586482,Juice,3,3.0,9.0,UNKNOWN,In-store,2023-09-04,Monday,September
4924,TXN_3660806,Cookie,5,1.0,5.0,UNKNOWN,Takeaway,2023-02-14,Tuesday,February
4926,TXN_6410244,Tea,4,1.5,6.0,Credit Card,Takeaway,2023-01-06,Friday,January
4928,TXN_3106348,Salad,4,5.0,20.0,Digital Wallet,In-store,2023-01-10,Tuesday,January
4929,TXN_6216278,Coffee,4,2.0,8.0,Credit Card,In-store,2023-11-06,Monday,November
4930,TXN_9947324,Sandwich,2,4.0,8.0,Digital Wallet,Takeaway,2023-08-22,Tuesday,August
4931,TXN_9531434,Cookie,1,1.0,1.0,Credit Card,Takeaway,2023-10-09,Monday,October
4932,TXN_4104718,Cookie,2,1.0,2.0,Cash,UNKNOWN,2023-11-08,Wednesday,November
4933,TXN_5789560,Juice,2,3.0,6.0,Cash,Takeaway,2023-02-13,Monday,February
4934,TXN_8285752,Cookie,4,1.0,4.0,UNKNOWN,In-store,2023-01-07,Saturday,January
4936,TXN_7733300,Smoothie,2,4.0,8.0,Cash,Takeaway,2023-12-10,Sunday,December
4937,TXN_4416331,Cookie,1,1.0,1.0,UNKNOWN,Takeaway,2023-02-13,Monday,February
4938,TXN_3551665,Juice,4,3.0,12.0,Credit Card,In-store,2023-04-06,Thursday,April
4940,TXN_4637438,Salad,2,5.0,10.0,UNKNOWN,Takeaway,2023-04-07,Friday,April
4941,TXN_5493965,Juice,1,3.0,3.0,UNKNOWN,UNKNOWN,2023-06-16,Friday,June
4942,TXN_2525207,Cookie,2,1.0,2.0,Digital Wallet,UNKNOWN,2023-11-25,Saturday,November
4943,TXN_7354480,Cake,2,3.0,6.0,Cash,UNKNOWN,2023-01-17,Tuesday,January
4944,TXN_6819128,Salad,1,5.0,5.0,Cash,UNKNOWN,2023-10-19,Thursday,October
4945,TXN_5023419,Cookie,3,1.0,3.0,Digital Wallet,Takeaway,2023-02-26,Sunday,February
4946,TXN_9864890,Sandwich,3,4.0,12.0,UNKNOWN,In-store,2023-12-06,Wednesday,December
4948,TXN_9951411,Coffee,1,2.0,2.0,Cash,In-store,2023-08-09,Wednesday,August
4949,TXN_6755795,Smoothie,5,4.0,20.0,Cash,UNKNOWN,2023-02-22,Wednesday,February
4950,TXN_7507071,Smoothie,2,4.0,8.0,UNKNOWN,In-store,2023-01-10,Tuesday,January
4951,TXN_1018470,Juice,3,3.0,9.0,UNKNOWN,UNKNOWN,2023-01-14,Saturday,January
4952,TXN_2924262,Cookie,5,1.0,5.0,UNKNOWN,UNKNOWN,2023-09-01,Friday,September
4953,TXN_6472242,Sandwich,1,4.0,4.0,UNKNOWN,UNKNOWN,2023-03-27,Monday,March
4954,TXN_8482647,Sandwich,5,4.0,20.0,Credit Card,UNKNOWN,2023-01-08,Sunday,January
4955,TXN_6994354,Salad,5,5.0,25.0,UNKNOWN,Takeaway,2023-07-03,Monday,July
4956,TXN_3520910,Salad,1,5.0,5.0,Credit Card,Takeaway,2023-05-06,Saturday,May
4957,TXN_8589003,Tea,4,1.5,6.0,Cash,UNKNOWN,2023-08-25,Friday,August
4958,TXN_3219263,Smoothie,5,4.0,20.0,UNKNOWN,Takeaway,2023-03-31,Friday,March
4959,TXN_9619442,Cake,4,3.0,12.0,Digital Wallet,In-store,2023-05-23,Tuesday,May
4960,TXN_1050323,Juice,1,3.0,3.0,UNKNOWN,In-store,2023-03-10,Friday,March
4961,TXN_8379815,Smoothie,5,4.0,20.0,Credit Card,UNKNOWN,2023-07-31,Monday,July
4962,TXN_6746916,Coffee,1,2.0,2.0,Cash,Takeaway,2023-11-15,Wednesday,November
4963,TXN_1547717,Sandwich,5,4.0,20.0,UNKNOWN,UNKNOWN,2023-12-15,Friday,December
4964,TXN_8407982,Salad,2,5.0,10.0,Digital Wallet,Takeaway,2023-09-17,Sunday,September
4965,TXN_3484276,Cookie,5,1.0,5.0,Digital Wallet,Takeaway,2023-06-14,Wednesday,June
4966,TXN_3705669,Tea,2,1.5,3.0,UNKNOWN,UNKNOWN,2023-11-23,Thursday,November
4967,TXN_4105487,Sandwich,4,4.0,16.0,Digital Wallet,In-store,2023-04-13,Thursday,April
4968,TXN_6856558,Juice,4,3.0,12.0,UNKNOWN,Takeaway,2023-10-30,Monday,October
4969,TXN_3669990,Tea,2,1.5,3.0,Cash,Takeaway,2023-01-27,Friday,January
4970,TXN_5994713,Tea,3,1.5,4.5,UNKNOWN,Takeaway,2023-03-05,Sunday,March
4971,TXN_8091357,Coffee,1,2.0,2.0,Cash,UNKNOWN,2023-12-28,Thursday,December
4972,TXN_9555958,Smoothie,4,4.0,16.0,Digital Wallet,Takeaway,2023-09-30,Saturday,September
4973,TXN_4194085,Salad,1,5.0,5.0,Credit Card,UNKNOWN,2023-05-25,Thursday,May
4974,TXN_7780748,Cookie,3,1.0,3.0,Credit Card,In-store,2023-01-19,Thursday,January
4976,TXN_7780786,Cake,1,3.0,3.0,Credit Card,UNKNOWN,2023-10-30,Monday,October
4977,TXN_1048284,Salad,2,5.0,10.0,Cash,In-store,2023-08-19,Saturday,August
4979,TXN_3120848,Cookie,1,1.0,1.0,Cash,In-store,2023-11-01,Wednesday,November
4980,TXN_3764807,Smoothie,2,4.0,8.0,UNKNOWN,UNKNOWN,2023-08-28,Monday,August
4981,TXN_3315467,Sandwich,2,4.0,8.0,Digital Wallet,Takeaway,2023-11-17,Friday,November
4982,TXN_9363990,Cake,3,3.0,9.0,Credit Card,UNKNOWN,2023-01-17,Tuesday,January
4983,TXN_9666257,Juice,2,3.0,6.0,UNKNOWN,In-store,2023-09-27,Wednesday,September
4984,TXN_1504466,Coffee,1,2.0,2.0,Cash,UNKNOWN,2023-11-07,Tuesday,November
4987,TXN_1477525,Salad,3,5.0,15.0,Cash,Takeaway,2023-11-06,Monday,November
4988,TXN_9063624,Coffee,1,2.0,2.0,Credit Card,UNKNOWN,2023-04-21,Friday,April
4989,TXN_1595139,Smoothie,5,4.0,20.0,Cash,UNKNOWN,2023-08-24,Thursday,August
4990,TXN_8606912,Salad,5,5.0,25.0,Digital Wallet,UNKNOWN,2023-03-10,Friday,March
4991,TXN_8548232,Sandwich,4,4.0,16.0,Digital Wallet,In-store,2023-06-21,Wednesday,June
4992,TXN_6074414,Salad,2,5.0,10.0,Credit Card,UNKNOWN,2023-11-13,Monday,November
4993,TXN_2010658,Smoothie,3,4.0,12.0,UNKNOWN,UNKNOWN,2023-02-20,Monday,February
4996,TXN_8867957,Sandwich,1,4.0,4.0,Digital Wallet,UNKNOWN,2023-01-04,Wednesday,January
4997,TXN_3241422,Salad,2,5.0,10.0,Cash,Takeaway,2023-07-17,Monday,July
4999,TXN_3580048,Smoothie,5,4.0,20.0,UNKNOWN,UNKNOWN,2023-05-17,Wednesday,May
5000,TXN_2756336,Smoothie,3,4.0,12.0,Credit Card,Takeaway,2023-07-07,Friday,July
5001,TXN_9691873,Juice,2,3.0,6.0,Digital Wallet,Takeaway,2023-02-15,Wednesday,February
5002,TXN_2466187,Coffee,2,2.0,4.0,UNKNOWN,Takeaway,2023-04-18,Tuesday,April
5004,TXN_7964520,Coffee,1,2.0,2.0,UNKNOWN,In-store,2023-03-26,Sunday,March
5005,TXN_3185667,Tea,5,1.5,7.5,Digital Wallet,UNKNOWN,2023-12-26,Tuesday,December
5006,TXN_8167741,Sandwich,4,4.0,16.0,UNKNOWN,Takeaway,2023-09-09,Saturday,September
5007,TXN_1015883,Cookie,4,1.0,4.0,Cash,In-store,2023-10-16,Monday,October
5008,TXN_8838566,Cake,5,3.0,15.0,Digital Wallet,In-store,2023-07-25,Tuesday,July
5009,TXN_2423343,Tea,4,1.5,6.0,UNKNOWN,In-store,2023-09-25,Monday,September
5010,TXN_1496038,Juice,4,3.0,12.0,UNKNOWN,In-store,2023-12-22,Friday,December
5011,TXN_9484436,Salad,1,5.0,5.0,Credit Card,In-store,2023-01-20,Friday,January
5012,TXN_7670699,Juice,1,3.0,3.0,Cash,In-store,2023-12-24,Sunday,December
5015,TXN_2053631,Salad,1,5.0,5.0,Credit Card,UNKNOWN,2023-03-21,Tuesday,March
5016,TXN_3632064,Cookie,5,1.0,5.0,Cash,UNKNOWN,2023-02-12,Sunday,February
5017,TXN_4254587,Smoothie,1,4.0,4.0,Digital Wallet,UNKNOWN,2023-05-27,Saturday,May
5018,TXN_9605972,Cake,3,3.0,9.0,UNKNOWN,UNKNOWN,2023-09-30,Saturday,September
5019,TXN_1323030,Salad,4,5.0,20.0,UNKNOWN,In-store,2023-03-30,Thursday,March
5020,TXN_7989903,Juice,2,3.0,6.0,Cash,UNKNOWN,2023-06-19,Monday,June
5021,TXN_7423885,Juice,4,3.0,12.0,Digital Wallet,Takeaway,2023-09-06,Wednesday,September
5022,TXN_1495371,Sandwich,2,4.0,8.0,Credit Card,Takeaway,2023-07-21,Friday,July
5023,TXN_8934025,Cookie,2,1.0,2.0,UNKNOWN,UNKNOWN,2023-12-18,Monday,December
5025,TXN_3711520,Tea,1,1.5,1.5,UNKNOWN,In-store,2023-06-29,Thursday,June
5026,TXN_3841683,Sandwich,1,4.0,4.0,UNKNOWN,In-store,2023-06-20,Tuesday,June
5027,TXN_9100530,Sandwich,3,4.0,12.0,Digital Wallet,UNKNOWN,2023-05-21,Sunday,May
5028,TXN_3112013,Sandwich,5,4.0,20.0,Cash,In-store,2023-01-06,Friday,January
5029,TXN_7786787,Tea,1,1.5,1.5,Credit Card,Takeaway,2023-07-08,Saturday,July
5030,TXN_7160196,Sandwich,1,4.0,4.0,UNKNOWN,In-store,2023-12-06,Wednesday,December
5031,TXN_4634894,Coffee,1,2.0,2.0,UNKNOWN,UNKNOWN,2023-12-09,Saturday,December
5033,TXN_1080377,Cake,2,3.0,6.0,UNKNOWN,UNKNOWN,2023-04-08,Saturday,April
5034,TXN_8566683,Smoothie,4,4.0,16.0,Cash,Takeaway,2023-08-09,Wednesday,August
5035,TXN_2784588,Juice,2,3.0,6.0,Cash,Takeaway,2023-03-26,Sunday,March
5036,TXN_6110769,Cookie,2,1.0,2.0,UNKNOWN,UNKNOWN,2023-03-02,Thursday,March
5040,TXN_8787350,Sandwich,5,4.0,20.0,UNKNOWN,UNKNOWN,2023-05-21,Sunday,May
5041,TXN_7533675,Smoothie,3,4.0,12.0,UNKNOWN,In-store,2023-10-28,Saturday,October
5042,TXN_2264601,Tea,1,1.5,1.5,UNKNOWN,UNKNOWN,2023-01-21,Saturday,January
5043,TXN_6024139,Juice,4,3.0,12.0,Digital Wallet,UNKNOWN,2023-08-15,Tuesday,August
5044,TXN_9841397,Coffee,4,2.0,8.0,Cash,In-store,2023-12-28,Thursday,December
5046,TXN_6093331,Smoothie,2,4.0,8.0,Credit Card,UNKNOWN,2023-06-24,Saturday,June
5047,TXN_3087096,Tea,3,1.5,4.5,Cash,UNKNOWN,2023-08-19,Saturday,August
5048,TXN_8324315,Salad,1,5.0,5.0,UNKNOWN,UNKNOWN,2023-08-07,Monday,August
5049,TXN_8933679,Salad,3,5.0,15.0,Digital Wallet,In-store,2023-09-24,Sunday,September
5050,TXN_3528653,Cake,1,3.0,3.0,UNKNOWN,UNKNOWN,2023-02-26,Sunday,February
5051,TXN_4256155,Cake,5,3.0,15.0,UNKNOWN,Takeaway,2023-04-06,Thursday,April
5052,TXN_7186675,Cookie,4,1.0,4.0,Cash,UNKNOWN,2023-11-09,Thursday,November
5054,TXN_8578861,Salad,5,5.0,25.0,Digital Wallet,In-store,2023-05-16,Tuesday,May
5055,TXN_8028042,Coffee,3,2.0,6.0,UNKNOWN,UNKNOWN,2023-04-05,Wednesday,April
5056,TXN_4021467,Coffee,2,2.0,4.0,UNKNOWN,Takeaway,2023-04-02,Sunday,April
5057,TXN_4807037,Salad,5,5.0,25.0,Cash,In-store,2023-12-08,Friday,December
5058,TXN_3975938,Sandwich,3,4.0,12.0,Credit Card,UNKNOWN,2023-09-04,Monday,September
5059,TXN_3312653,Cookie,5,1.0,5.0,Cash,Takeaway,2023-12-09,Saturday,December
5060,TXN_1405498,Juice,2,3.0,6.0,UNKNOWN,Takeaway,2023-12-31,Sunday,December
5061,TXN_6571288,Sandwich,2,4.0,8.0,Credit Card,UNKNOWN,2023-10-23,Monday,October
5062,TXN_7560210,Juice,5,3.0,15.0,UNKNOWN,Takeaway,2023-02-21,Tuesday,February
5063,TXN_2905234,Cookie,1,1.0,1.0,Credit Card,UNKNOWN,2023-09-24,Sunday,September
5064,TXN_3630981,Coffee,2,2.0,4.0,UNKNOWN,In-store,2023-10-31,Tuesday,October
5065,TXN_3339728,Juice,5,3.0,15.0,UNKNOWN,In-store,2023-05-13,Saturday,May
5066,TXN_3826298,Cookie,3,1.0,3.0,UNKNOWN,UNKNOWN,2023-11-28,Tuesday,November
5067,TXN_7854306,Sandwich,1,4.0,4.0,Cash,In-store,2023-09-17,Sunday,September
5069,TXN_3072565,Juice,3,3.0,9.0,Credit Card,UNKNOWN,2023-07-09,Sunday,July
5070,TXN_9544977,Cookie,4,1.0,4.0,UNKNOWN,In-store,2023-07-04,Tuesday,July
5072,TXN_8374101,Salad,5,5.0,25.0,Credit Card,UNKNOWN,2023-08-16,Wednesday,August
5073,TXN_5814878,Smoothie,2,4.0,8.0,Digital Wallet,UNKNOWN,2023-04-02,Sunday,April
5074,TXN_2398895,Juice,5,3.0,15.0,Digital Wallet,In-store,2023-04-04,Tuesday,April
5075,TXN_1205020,Tea,5,1.5,7.5,Cash,UNKNOWN,2023-10-03,Tuesday,October
5077,TXN_1631377,Coffee,5,2.0,10.0,UNKNOWN,Takeaway,2023-06-07,Wednesday,June
5079,TXN_8116676,Cake,2,3.0,6.0,Digital Wallet,UNKNOWN,2023-09-16,Saturday,September
5080,TXN_4116036,Salad,2,5.0,10.0,Credit Card,In-store,2023-01-22,Sunday,January
5081,TXN_3172090,Juice,1,3.0,3.0,Credit Card,UNKNOWN,2023-05-09,Tuesday,May
5082,TXN_5193568,Juice,3,3.0,9.0,Cash,UNKNOWN,2023-12-10,Sunday,December
5083,TXN_3725152,Coffee,5,2.0,10.0,UNKNOWN,UNKNOWN,2023-07-08,Saturday,July
5084,TXN_8724711,Salad,3,5.0,15.0,Cash,In-store,2023-02-07,Tuesday,February
5086,TXN_5899361,Cake,1,3.0,3.0,Credit Card,UNKNOWN,2023-08-08,Tuesday,August
5087,TXN_8261380,Cake,3,3.0,9.0,Cash,In-store,2023-10-01,Sunday,October
5089,TXN_1887250,Tea,3,1.5,4.5,UNKNOWN,Takeaway,2023-05-15,Monday,May
5090,TXN_4799873,Cookie,3,1.0,3.0,Digital Wallet,In-store,2023-03-04,Saturday,March
5091,TXN_9691151,Coffee,4,2.0,8.0,UNKNOWN,In-store,2023-08-23,Wednesday,August
5092,TXN_3014261,Salad,4,5.0,20.0,Cash,In-store,2023-11-29,Wednesday,November
5094,TXN_1093668,Coffee,2,2.0,4.0,Digital Wallet,UNKNOWN,2023-05-18,Thursday,May
5096,TXN_3977835,Tea,5,1.5,7.5,UNKNOWN,In-store,2023-05-06,Saturday,May
5097,TXN_1758689,Smoothie,3,4.0,12.0,Cash,UNKNOWN,2023-02-17,Friday,February
5098,TXN_4312977,Juice,1,3.0,3.0,Digital Wallet,In-store,2023-03-15,Wednesday,March
5099,TXN_6503526,Cookie,5,1.0,5.0,Credit Card,In-store,2023-10-20,Friday,October
5100,TXN_8676485,Salad,2,5.0,10.0,UNKNOWN,In-store,2023-04-28,Friday,April
5101,TXN_7176851,Tea,4,1.5,6.0,Credit Card,Takeaway,2023-11-20,Monday,November
5103,TXN_6632882,Smoothie,1,4.0,4.0,Digital Wallet,In-store,2023-04-30,Sunday,April
5104,TXN_7775016,Sandwich,5,4.0,20.0,Cash,In-store,2023-09-27,Wednesday,September
5105,TXN_2176024,Coffee,5,2.0,10.0,Digital Wallet,In-store,2023-02-03,Friday,February
5107,TXN_3670041,Smoothie,3,4.0,12.0,Digital Wallet,UNKNOWN,2023-03-22,Wednesday,March
5108,TXN_5124080,Cookie,1,1.0,1.0,Credit Card,In-store,2023-01-14,Saturday,January
5109,TXN_3317649,Sandwich,3,4.0,12.0,UNKNOWN,Takeaway,2023-11-06,Monday,November
5110,TXN_3953316,Cookie,2,1.0,2.0,Digital Wallet,UNKNOWN,2023-06-06,Tuesday,June
5111,TXN_6160209,Salad,3,5.0,15.0,UNKNOWN,In-store,2023-07-28,Friday,July
5112,TXN_7089316,Tea,2,1.5,3.0,Cash,In-store,2023-11-27,Monday,November
5115,TXN_6850528,Cookie,3,1.0,3.0,Cash,In-store,2023-10-13,Friday,October
5116,TXN_6900182,Smoothie,3,4.0,12.0,Cash,In-store,2023-09-10,Sunday,September
5117,TXN_2643748,Salad,3,5.0,15.0,Cash,UNKNOWN,2023-11-28,Tuesday,November
5118,TXN_4858908,Cake,2,3.0,6.0,Cash,In-store,2023-02-11,Saturday,February
5120,TXN_2828785,Smoothie,1,4.0,4.0,UNKNOWN,In-store,2023-01-24,Tuesday,January
5121,TXN_3489721,Coffee,3,2.0,6.0,Cash,UNKNOWN,2023-09-27,Wednesday,September
5123,TXN_5223702,Smoothie,4,4.0,16.0,Credit Card,UNKNOWN,2023-06-23,Friday,June
5124,TXN_2788676,Cookie,2,1.0,2.0,Digital Wallet,UNKNOWN,2023-11-05,Sunday,November
5126,TXN_5172164,Tea,3,1.5,4.5,Digital Wallet,In-store,2023-09-13,Wednesday,September
5127,TXN_2818867,Salad,3,5.0,15.0,Cash,UNKNOWN,2023-01-11,Wednesday,January
5128,TXN_1303984,Salad,4,5.0,20.0,Digital Wallet,UNKNOWN,2023-07-24,Monday,July
5129,TXN_3373078,Smoothie,4,4.0,16.0,Digital Wallet,In-store,2023-12-01,Friday,December
5130,TXN_3982146,Coffee,3,2.0,6.0,UNKNOWN,In-store,2023-07-09,Sunday,July
5131,TXN_1185156,Smoothie,4,4.0,16.0,UNKNOWN,Takeaway,2023-03-23,Thursday,March
5132,TXN_6720290,Smoothie,1,4.0,4.0,UNKNOWN,In-store,2023-01-25,Wednesday,January
5134,TXN_7701878,Smoothie,4,4.0,16.0,Credit Card,In-store,2023-08-11,Friday,August
5136,TXN_9983530,Smoothie,3,4.0,12.0,UNKNOWN,UNKNOWN,2023-01-04,Wednesday,January
5137,TXN_4755934,Tea,2,1.5,3.0,Cash,UNKNOWN,2023-12-29,Friday,December
5138,TXN_2931198,Cake,2,3.0,6.0,Credit Card,In-store,2023-04-21,Friday,April
5139,TXN_7426387,Smoothie,5,4.0,20.0,Cash,UNKNOWN,2023-10-30,Monday,October
5141,TXN_6980463,Salad,1,5.0,5.0,Digital Wallet,In-store,2023-09-03,Sunday,September
5142,TXN_6708165,Juice,5,3.0,15.0,UNKNOWN,In-store,2023-10-19,Thursday,October
5143,TXN_4310629,Cake,3,3.0,9.0,Credit Card,Takeaway,2023-10-02,Monday,October
5144,TXN_4650611,Coffee,1,2.0,2.0,Credit Card,UNKNOWN,2023-10-14,Saturday,October
5145,TXN_7952232,Tea,4,1.5,6.0,Cash,UNKNOWN,2023-03-31,Friday,March
5146,TXN_1593691,Sandwich,2,4.0,8.0,UNKNOWN,UNKNOWN,2023-03-11,Saturday,March
5148,TXN_3781198,Cake,3,3.0,9.0,Digital Wallet,In-store,2023-11-04,Saturday,November
5149,TXN_3585464,Cookie,3,1.0,3.0,UNKNOWN,Takeaway,2023-09-12,Tuesday,September
5150,TXN_8286164,Smoothie,1,4.0,4.0,UNKNOWN,In-store,2023-03-08,Wednesday,March
5151,TXN_8851113,Tea,3,1.5,4.5,Digital Wallet,UNKNOWN,2023-12-23,Saturday,December
5152,TXN_9131136,Juice,2,3.0,6.0,Credit Card,UNKNOWN,2023-03-20,Monday,March
5154,TXN_1449065,Salad,2,5.0,10.0,Cash,UNKNOWN,2023-10-03,Tuesday,October
5155,TXN_1230311,Juice,3,3.0,9.0,Digital Wallet,UNKNOWN,2023-08-14,Monday,August
5156,TXN_2325484,Salad,1,5.0,5.0,Digital Wallet,Takeaway,2023-08-16,Wednesday,August
5157,TXN_2647425,Juice,4,3.0,12.0,Credit Card,UNKNOWN,2023-07-30,Sunday,July
5158,TXN_5525916,Coffee,2,2.0,4.0,Cash,Takeaway,2023-03-02,Thursday,March
5159,TXN_4297979,Coffee,1,2.0,2.0,Digital Wallet,In-store,2023-08-14,Monday,August
5160,TXN_1686323,Smoothie,4,4.0,16.0,Digital Wallet,In-store,2023-11-30,Thursday,November
5161,TXN_5373154,Cake,3,3.0,9.0,Digital Wallet,UNKNOWN,2023-04-06,Thursday,April
5162,TXN_6225571,Smoothie,2,4.0,8.0,Credit Card,Takeaway,2023-09-13,Wednesday,September
5163,TXN_9772556,Coffee,5,2.0,10.0,UNKNOWN,UNKNOWN,2023-10-20,Friday,October
5164,TXN_3033598,Sandwich,5,4.0,20.0,Cash,Takeaway,2023-03-12,Sunday,March
5166,TXN_8117583,Salad,1,5.0,5.0,Cash,In-store,2023-02-25,Saturday,February
5168,TXN_2118759,Coffee,2,2.0,4.0,Digital Wallet,UNKNOWN,2023-08-07,Monday,August
5169,TXN_7603948,Cake,3,3.0,9.0,Credit Card,UNKNOWN,2023-01-28,Saturday,January
5170,TXN_5519424,Tea,2,1.5,3.0,Digital Wallet,UNKNOWN,2023-09-23,Saturday,September
5171,TXN_3483911,Salad,1,5.0,5.0,Digital Wallet,Takeaway,2023-07-10,Monday,July
5172,TXN_5447967,Smoothie,2,4.0,8.0,Credit Card,UNKNOWN,2023-06-06,Tuesday,June
5173,TXN_2893987,Cake,4,3.0,12.0,UNKNOWN,Takeaway,2023-05-31,Wednesday,May
5174,TXN_5120215,Coffee,2,2.0,4.0,Digital Wallet,UNKNOWN,2023-10-29,Sunday,October
5175,TXN_4417257,Salad,5,5.0,25.0,Digital Wallet,Takeaway,2023-05-06,Saturday,May
5176,TXN_2871592,Cookie,4,1.0,4.0,Cash,In-store,2023-08-07,Monday,August
5177,TXN_8283199,Juice,3,3.0,9.0,Digital Wallet,Takeaway,2023-01-23,Monday,January
5178,TXN_1571874,Cake,1,3.0,3.0,Digital Wallet,UNKNOWN,2023-07-10,Monday,July
5180,TXN_6534833,Salad,4,5.0,20.0,Digital Wallet,In-store,2023-12-14,Thursday,December
5181,TXN_6027500,Smoothie,4,4.0,16.0,UNKNOWN,UNKNOWN,2023-09-22,Friday,September
5182,TXN_7029944,Cookie,2,1.0,2.0,Cash,Takeaway,2023-04-17,Monday,April
5184,TXN_9791421,Sandwich,1,4.0,4.0,Cash,Takeaway,2023-07-15,Saturday,July
5185,TXN_6359031,Coffee,1,2.0,2.0,UNKNOWN,UNKNOWN,2023-02-28,Tuesday,February
5186,TXN_8236432,Salad,1,5.0,5.0,UNKNOWN,UNKNOWN,2023-12-04,Monday,December
5187,TXN_7359566,Coffee,1,2.0,2.0,Cash,In-store,2023-04-06,Thursday,April
5188,TXN_4813580,Sandwich,3,4.0,12.0,Digital Wallet,Takeaway,2023-04-15,Saturday,April
5189,TXN_9940829,Smoothie,3,4.0,12.0,UNKNOWN,In-store,2023-04-04,Tuesday,April
5190,TXN_4583957,Cookie,2,1.0,2.0,Credit Card,Takeaway,2023-10-08,Sunday,October
5191,TXN_8187222,Coffee,4,2.0,8.0,Credit Card,UNKNOWN,2023-03-08,Wednesday,March
5195,TXN_9005782,Tea,4,1.5,6.0,UNKNOWN,In-store,2023-06-18,Sunday,June
5196,TXN_5083311,Sandwich,4,4.0,16.0,Digital Wallet,UNKNOWN,2023-04-30,Sunday,April
5198,TXN_8847610,Juice,3,3.0,9.0,Digital Wallet,Takeaway,2023-12-06,Wednesday,December
5199,TXN_9817102,Coffee,3,2.0,6.0,Credit Card,In-store,2023-02-22,Wednesday,February
5200,TXN_5566774,Tea,3,1.5,4.5,UNKNOWN,In-store,2023-03-29,Wednesday,March
5201,TXN_5555790,Tea,5,1.5,7.5,Credit Card,In-store,2023-02-19,Sunday,February
5203,TXN_5811955,Salad,2,5.0,10.0,Credit Card,Takeaway,2023-06-29,Thursday,June
5205,TXN_5406762,Salad,4,5.0,20.0,Credit Card,UNKNOWN,2023-09-12,Tuesday,September
5206,TXN_3039985,Cookie,5,1.0,5.0,Digital Wallet,In-store,2023-04-08,Saturday,April
5207,TXN_1424056,Smoothie,1,4.0,4.0,Cash,UNKNOWN,2023-07-31,Monday,July
5208,TXN_1193221,Tea,3,1.5,4.5,Credit Card,In-store,2023-10-21,Saturday,October
5209,TXN_8610501,Sandwich,5,4.0,20.0,Cash,UNKNOWN,2023-09-29,Friday,September
5210,TXN_9587445,Coffee,4,2.0,8.0,UNKNOWN,In-store,2023-08-24,Thursday,August
5211,TXN_3694901,Cookie,2,1.0,2.0,UNKNOWN,In-store,2023-08-16,Wednesday,August
5214,TXN_3480278,Smoothie,4,4.0,16.0,Digital Wallet,In-store,2023-12-26,Tuesday,December
5215,TXN_9252414,Tea,1,1.5,1.5,UNKNOWN,In-store,2023-11-13,Monday,November
5217,TXN_6699408,Cookie,5,1.0,5.0,Cash,Takeaway,2023-12-22,Friday,December
5218,TXN_6400351,Juice,2,3.0,6.0,Digital Wallet,Takeaway,2023-08-11,Friday,August
5219,TXN_1559512,Juice,5,3.0,15.0,Credit Card,UNKNOWN,2023-11-28,Tuesday,November
5220,TXN_6091543,Coffee,3,2.0,6.0,UNKNOWN,In-store,2023-07-04,Tuesday,July
5221,TXN_2842641,Cake,1,3.0,3.0,UNKNOWN,In-store,2023-06-11,Sunday,June
5222,TXN_8875043,Salad,4,5.0,20.0,Digital Wallet,UNKNOWN,2023-02-21,Tuesday,February
5223,TXN_8212783,Salad,3,5.0,15.0,Credit Card,In-store,2023-03-30,Thursday,March
5225,TXN_7343062,Sandwich,5,4.0,20.0,Digital Wallet,In-store,2023-08-11,Friday,August
5226,TXN_2535099,Sandwich,5,4.0,20.0,Credit Card,In-store,2023-02-10,Friday,February
5227,TXN_2951148,Sandwich,4,4.0,16.0,Cash,In-store,2023-02-21,Tuesday,February
5228,TXN_1294101,Tea,5,1.5,7.5,Digital Wallet,Takeaway,2023-03-31,Friday,March
5230,TXN_8534360,Juice,5,3.0,15.0,UNKNOWN,UNKNOWN,2023-02-15,Wednesday,February
5231,TXN_4336247,Coffee,5,2.0,10.0,Digital Wallet,Takeaway,2023-03-03,Friday,March
5232,TXN_7101384,Coffee,1,2.0,2.0,UNKNOWN,UNKNOWN,2023-04-23,Sunday,April
5233,TXN_1356599,Cookie,2,1.0,2.0,Cash,Takeaway,2023-12-14,Thursday,December
5234,TXN_4568452,Cookie,3,1.0,3.0,Digital Wallet,In-store,2023-01-14,Saturday,January
5235,TXN_5036856,Coffee,5,2.0,10.0,Cash,In-store,2023-03-27,Monday,March
5237,TXN_5167925,Juice,1,3.0,3.0,UNKNOWN,UNKNOWN,2023-09-11,Monday,September
5238,TXN_1345440,Salad,5,5.0,25.0,Cash,UNKNOWN,2023-06-20,Tuesday,June
5239,TXN_8043218,Salad,2,5.0,10.0,Cash,In-store,2023-10-23,Monday,October
5240,TXN_4026277,Tea,3,1.5,4.5,Digital Wallet,In-store,2023-08-27,Sunday,August
5242,TXN_6196052,Smoothie,5,4.0,20.0,Cash,Takeaway,2023-04-07,Friday,April
5243,TXN_9563024,Cookie,3,1.0,3.0,Digital Wallet,In-store,2023-09-27,Wednesday,September
5244,TXN_8326905,Coffee,5,2.0,10.0,UNKNOWN,Takeaway,2023-03-10,Friday,March
5246,TXN_9918597,Smoothie,4,4.0,16.0,Digital Wallet,In-store,2023-10-17,Tuesday,October
5247,TXN_3460926,Juice,3,3.0,9.0,Digital Wallet,Takeaway,2023-03-25,Saturday,March
5248,TXN_2671272,Smoothie,1,4.0,4.0,Digital Wallet,UNKNOWN,2023-02-13,Monday,February
5249,TXN_8437157,Smoothie,4,4.0,16.0,Credit Card,UNKNOWN,2023-02-09,Thursday,February
5251,TXN_7309365,Cake,2,3.0,6.0,Cash,UNKNOWN,2023-08-31,Thursday,August
5253,TXN_8872997,Sandwich,4,4.0,16.0,Credit Card,In-store,2023-01-31,Tuesday,January
5254,TXN_8425085,Juice,1,3.0,3.0,Credit Card,UNKNOWN,2023-12-23,Saturday,December
5255,TXN_3237919,Sandwich,1,4.0,4.0,UNKNOWN,UNKNOWN,2023-02-04,Saturday,February
5256,TXN_4713643,Coffee,5,2.0,10.0,UNKNOWN,UNKNOWN,2023-08-10,Thursday,August
5257,TXN_4806003,Cookie,5,1.0,5.0,Credit Card,UNKNOWN,2023-08-06,Sunday,August
5258,TXN_9089797,Coffee,1,2.0,2.0,Credit Card,Takeaway,2023-09-19,Tuesday,September
5259,TXN_5449092,Juice,4,3.0,12.0,UNKNOWN,UNKNOWN,2023-06-11,Sunday,June
5260,TXN_6097144,Juice,5,3.0,15.0,UNKNOWN,Takeaway,2023-01-27,Friday,January
5261,TXN_6483589,Juice,3,3.0,9.0,Digital Wallet,UNKNOWN,2023-10-13,Friday,October
5265,TXN_2078232,Tea,1,1.5,1.5,UNKNOWN,UNKNOWN,2023-06-11,Sunday,June
5266,TXN_7551689,Cookie,5,1.0,5.0,Cash,UNKNOWN,2023-09-16,Saturday,September
5267,TXN_8408103,Sandwich,5,4.0,20.0,UNKNOWN,Takeaway,2023-06-01,Thursday,June
5268,TXN_5862795,Salad,2,5.0,10.0,Digital Wallet,UNKNOWN,2023-02-25,Saturday,February
5269,TXN_9348801,Cake,1,3.0,3.0,UNKNOWN,UNKNOWN,2023-11-29,Wednesday,November
5270,TXN_8688565,Smoothie,5,4.0,20.0,Digital Wallet,UNKNOWN,2023-05-23,Tuesday,May
5271,TXN_3067195,Salad,3,5.0,15.0,Cash,UNKNOWN,2023-12-03,Sunday,December
5272,TXN_2710603,Smoothie,5,4.0,20.0,UNKNOWN,Takeaway,2023-02-02,Thursday,February
5273,TXN_8978004,Coffee,2,2.0,4.0,Digital Wallet,In-store,2023-04-01,Saturday,April
5274,TXN_9679889,Sandwich,3,4.0,12.0,Credit Card,In-store,2023-06-18,Sunday,June
5275,TXN_9818163,Tea,2,1.5,3.0,Digital Wallet,UNKNOWN,2023-10-23,Monday,October
5276,TXN_7010020,Cake,5,3.0,15.0,UNKNOWN,In-store,2023-08-07,Monday,August
5277,TXN_1712662,Juice,2,3.0,6.0,Cash,UNKNOWN,2023-05-31,Wednesday,May
5278,TXN_4077799,Cake,4,3.0,12.0,Digital Wallet,Takeaway,2023-08-12,Saturday,August
5279,TXN_8225571,Tea,4,1.5,6.0,Digital Wallet,UNKNOWN,2023-01-17,Tuesday,January
5280,TXN_3103520,Cake,3,3.0,9.0,UNKNOWN,UNKNOWN,2023-09-04,Monday,September
5281,TXN_2084080,Cookie,4,1.0,4.0,Digital Wallet,Takeaway,2023-09-22,Friday,September
5283,TXN_8046057,Coffee,1,2.0,2.0,Credit Card,In-store,2023-11-24,Friday,November
5284,TXN_5832968,Salad,5,5.0,25.0,UNKNOWN,Takeaway,2023-06-05,Monday,June
5286,TXN_3752448,Cake,5,3.0,15.0,Digital Wallet,Takeaway,2023-05-16,Tuesday,May
5287,TXN_3842881,Salad,5,5.0,25.0,UNKNOWN,UNKNOWN,2023-01-25,Wednesday,January
5288,TXN_4060160,Coffee,4,2.0,8.0,UNKNOWN,In-store,2023-07-05,Wednesday,July
5289,TXN_3847405,Sandwich,1,4.0,4.0,Digital Wallet,Takeaway,2023-06-15,Thursday,June
5290,TXN_5103644,Cake,4,3.0,12.0,Credit Card,Takeaway,2023-04-17,Monday,April
5291,TXN_6846020,Juice,5,3.0,15.0,UNKNOWN,Takeaway,2023-05-03,Wednesday,May
5293,TXN_4758849,Cake,2,3.0,6.0,UNKNOWN,UNKNOWN,2023-06-23,Friday,June
5294,TXN_1034651,Sandwich,3,4.0,12.0,UNKNOWN,Takeaway,2023-07-06,Thursday,July
5295,TXN_4128921,Salad,4,5.0,20.0,UNKNOWN,Takeaway,2023-09-11,Monday,September
5296,TXN_8925566,Tea,2,1.5,3.0,Digital Wallet,In-store,2023-08-07,Monday,August
5297,TXN_1679800,Smoothie,4,4.0,16.0,Cash,In-store,2023-10-17,Tuesday,October
5298,TXN_3785678,Tea,1,1.5,1.5,Credit Card,Takeaway,2023-03-13,Monday,March
5299,TXN_1056256,Cake,4,3.0,12.0,UNKNOWN,In-store,2023-12-04,Monday,December
5301,TXN_2289122,Smoothie,4,4.0,16.0,Cash,In-store,2023-08-20,Sunday,August
5302,TXN_2988434,Juice,1,3.0,3.0,Digital Wallet,In-store,2023-12-09,Saturday,December
5303,TXN_1197536,Salad,3,5.0,15.0,UNKNOWN,Takeaway,2023-10-02,Monday,October
5304,TXN_7327362,Coffee,5,2.0,10.0,Credit Card,In-store,2023-06-29,Thursday,June
5305,TXN_5628251,Cake,4,3.0,12.0,Credit Card,UNKNOWN,2023-11-14,Tuesday,November
5306,TXN_2687748,Juice,3,3.0,9.0,UNKNOWN,Takeaway,2023-02-26,Sunday,February
5307,TXN_8309656,Sandwich,3,4.0,12.0,UNKNOWN,Takeaway,2023-01-04,Wednesday,January
5308,TXN_7597276,Smoothie,4,4.0,16.0,Digital Wallet,UNKNOWN,2023-05-01,Monday,May
5309,TXN_4360906,Sandwich,2,4.0,8.0,UNKNOWN,In-store,2023-06-11,Sunday,June
5310,TXN_6000890,Coffee,3,2.0,6.0,Digital Wallet,In-store,2023-01-06,Friday,January
5311,TXN_8917565,Coffee,1,2.0,2.0,Cash,UNKNOWN,2023-11-19,Sunday,November
5312,TXN_6264113,Coffee,4,2.0,8.0,UNKNOWN,UNKNOWN,2023-12-02,Saturday,December
5313,TXN_3603434,Coffee,5,2.0,10.0,UNKNOWN,In-store,2023-01-05,Thursday,January
5314,TXN_7976129,Cake,3,3.0,9.0,UNKNOWN,In-store,2023-03-03,Friday,March
5315,TXN_7420434,Coffee,4,2.0,8.0,Credit Card,Takeaway,2023-07-16,Sunday,July
5316,TXN_5818852,Juice,2,3.0,6.0,UNKNOWN,UNKNOWN,2023-03-04,Saturday,March
5317,TXN_9976598,Juice,4,3.0,12.0,UNKNOWN,Takeaway,2023-01-10,Tuesday,January
5318,TXN_1556046,Sandwich,4,4.0,16.0,Credit Card,Takeaway,2023-04-09,Sunday,April
5319,TXN_7129511,Coffee,5,2.0,10.0,Cash,Takeaway,2023-10-29,Sunday,October
5320,TXN_6324434,Coffee,4,2.0,8.0,Cash,Takeaway,2023-12-04,Monday,December
5321,TXN_2380352,Tea,3,1.5,4.5,Digital Wallet,UNKNOWN,2023-11-03,Friday,November
5322,TXN_6455325,Juice,4,3.0,12.0,Credit Card,In-store,2023-01-05,Thursday,January
5323,TXN_6682253,Tea,5,1.5,7.5,Cash,In-store,2023-02-17,Friday,February
5325,TXN_7819240,Smoothie,5,4.0,20.0,Cash,In-store,2023-03-06,Monday,March
5326,TXN_4451380,Cookie,3,1.0,3.0,Digital Wallet,In-store,2023-07-10,Monday,July
5327,TXN_2482298,Salad,2,5.0,10.0,UNKNOWN,Takeaway,2023-06-15,Thursday,June
5328,TXN_2606750,Tea,3,1.5,4.5,Cash,UNKNOWN,2023-06-20,Tuesday,June
5329,TXN_4493874,Cookie,5,1.0,5.0,UNKNOWN,In-store,2023-11-19,Sunday,November
5330,TXN_2705302,Salad,2,5.0,10.0,Credit Card,UNKNOWN,2023-01-18,Wednesday,January
5331,TXN_3706167,Sandwich,5,4.0,20.0,Digital Wallet,Takeaway,2023-10-02,Monday,October
5332,TXN_7414587,Tea,3,1.5,4.5,Cash,Takeaway,2023-03-22,Wednesday,March
5333,TXN_3360649,Cookie,2,1.0,2.0,UNKNOWN,Takeaway,2023-09-10,Sunday,September
5334,TXN_6132245,Salad,2,5.0,10.0,Digital Wallet,UNKNOWN,2023-06-01,Thursday,June
5335,TXN_2633322,Salad,4,5.0,20.0,Digital Wallet,UNKNOWN,2023-01-15,Sunday,January
5336,TXN_9910333,Cake,2,3.0,6.0,UNKNOWN,In-store,2023-09-15,Friday,September
5337,TXN_7321479,Cake,1,3.0,3.0,UNKNOWN,UNKNOWN,2023-10-31,Tuesday,October
5338,TXN_4315166,Sandwich,2,4.0,8.0,Digital Wallet,Takeaway,2023-06-10,Saturday,June
5339,TXN_7843112,Cookie,4,1.0,4.0,UNKNOWN,UNKNOWN,2023-01-25,Wednesday,January
5340,TXN_2879791,Sandwich,1,4.0,4.0,UNKNOWN,UNKNOWN,2023-07-10,Monday,July
5341,TXN_2503128,Cake,1,3.0,3.0,Cash,In-store,2023-01-12,Thursday,January
5342,TXN_3091574,Cookie,5,1.0,5.0,UNKNOWN,In-store,2023-07-29,Saturday,July
5343,TXN_2371763,Sandwich,4,4.0,16.0,Cash,UNKNOWN,2023-05-17,Wednesday,May
5344,TXN_5726114,Smoothie,3,4.0,12.0,Digital Wallet,Takeaway,2023-07-14,Friday,July
5345,TXN_1079844,Salad,2,5.0,10.0,Digital Wallet,UNKNOWN,2023-10-27,Friday,October
5347,TXN_1633337,Salad,5,5.0,25.0,Credit Card,UNKNOWN,2023-06-29,Thursday,June
5348,TXN_5222176,Cookie,4,1.0,4.0,UNKNOWN,In-store,2023-01-11,Wednesday,January
5349,TXN_7480940,Coffee,2,2.0,4.0,Cash,In-store,2023-01-25,Wednesday,January
5350,TXN_2437508,Salad,2,5.0,10.0,UNKNOWN,Takeaway,2023-11-20,Monday,November
5352,TXN_5036614,Smoothie,4,4.0,16.0,Digital Wallet,In-store,2023-10-10,Tuesday,October
5353,TXN_9731164,Salad,1,5.0,5.0,Cash,UNKNOWN,2023-12-07,Thursday,December
5354,TXN_1417291,Juice,4,3.0,12.0,Digital Wallet,In-store,2023-05-11,Thursday,May
5355,TXN_9792093,Sandwich,1,4.0,4.0,UNKNOWN,In-store,2023-09-28,Thursday,September
5356,TXN_9989239,Tea,5,1.5,7.5,UNKNOWN,In-store,2023-04-28,Friday,April
5357,TXN_6055570,Tea,3,1.5,4.5,Cash,UNKNOWN,2023-02-06,Monday,February
5358,TXN_1231531,Coffee,5,2.0,10.0,Digital Wallet,In-store,2023-07-24,Monday,July
5359,TXN_8843108,Juice,5,3.0,15.0,UNKNOWN,UNKNOWN,2023-07-18,Tuesday,July
5360,TXN_4643305,Cookie,4,1.0,4.0,UNKNOWN,Takeaway,2023-04-12,Wednesday,April
5361,TXN_8754977,Sandwich,3,4.0,12.0,Digital Wallet,In-store,2023-10-24,Tuesday,October
5362,TXN_2052060,Sandwich,3,4.0,12.0,Cash,Takeaway,2023-11-07,Tuesday,November
5363,TXN_1275124,Coffee,3,2.0,6.0,UNKNOWN,UNKNOWN,2023-06-21,Wednesday,June
5364,TXN_3534536,Coffee,1,2.0,2.0,Credit Card,UNKNOWN,2023-02-02,Thursday,February
5365,TXN_1779679,Coffee,5,2.0,10.0,UNKNOWN,In-store,2023-01-06,Friday,January
5367,TXN_6379692,Cookie,5,1.0,5.0,Digital Wallet,Takeaway,2023-11-05,Sunday,November
5368,TXN_3999862,Tea,4,1.5,6.0,UNKNOWN,In-store,2023-07-11,Tuesday,July
5369,TXN_7694326,Coffee,5,2.0,10.0,UNKNOWN,UNKNOWN,2023-02-19,Sunday,February
5370,TXN_1171080,Sandwich,3,4.0,12.0,Credit Card,UNKNOWN,2023-07-29,Saturday,July
5373,TXN_6395070,Smoothie,4,4.0,16.0,Credit Card,UNKNOWN,2023-12-10,Sunday,December
5374,TXN_9576454,Juice,1,3.0,3.0,Credit Card,In-store,2023-09-23,Saturday,September
5375,TXN_7907259,Cake,1,3.0,3.0,Digital Wallet,Takeaway,2023-10-19,Thursday,October
5376,TXN_4487345,Sandwich,3,4.0,12.0,UNKNOWN,In-store,2023-05-10,Wednesday,May
5377,TXN_5929341,Juice,2,3.0,6.0,UNKNOWN,Takeaway,2023-05-12,Friday,May
5378,TXN_6021173,Juice,5,3.0,15.0,Cash,Takeaway,2023-12-16,Saturday,December
5379,TXN_6272473,Coffee,4,2.0,8.0,Cash,Takeaway,2023-03-06,Monday,March
5380,TXN_5243032,Cookie,1,1.0,1.0,Cash,Takeaway,2023-08-24,Thursday,August
5381,TXN_5863411,Cookie,3,1.0,3.0,Digital Wallet,In-store,2023-09-21,Thursday,September
5382,TXN_4087571,Cookie,2,1.0,2.0,UNKNOWN,UNKNOWN,2023-11-24,Friday,November
5383,TXN_7680197,Cookie,5,1.0,5.0,Cash,Takeaway,2023-09-23,Saturday,September
5384,TXN_8773639,Coffee,3,2.0,6.0,Digital Wallet,Takeaway,2023-02-20,Monday,February
5385,TXN_5960979,Coffee,5,2.0,10.0,Digital Wallet,In-store,2023-05-03,Wednesday,May
5386,TXN_7894534,Tea,3,1.5,4.5,Credit Card,In-store,2023-03-16,Thursday,March
5387,TXN_4890770,Coffee,4,2.0,8.0,UNKNOWN,Takeaway,2023-10-12,Thursday,October
5389,TXN_4612930,Juice,2,3.0,6.0,UNKNOWN,UNKNOWN,2023-08-13,Sunday,August
5390,TXN_1124311,Cookie,1,1.0,1.0,Cash,UNKNOWN,2023-05-05,Friday,May
5391,TXN_6380636,Coffee,5,2.0,10.0,UNKNOWN,UNKNOWN,2023-01-10,Tuesday,January
5392,TXN_5720183,Cookie,5,1.0,5.0,Credit Card,Takeaway,2023-05-30,Tuesday,May
5393,TXN_6382322,Tea,3,1.5,4.5,Digital Wallet,In-store,2023-12-14,Thursday,December
5395,TXN_1674042,Coffee,5,2.0,10.0,Digital Wallet,UNKNOWN,2023-09-19,Tuesday,September
5396,TXN_8398809,Tea,2,1.5,3.0,UNKNOWN,Takeaway,2023-11-25,Saturday,November
5397,TXN_7728415,Tea,5,1.5,7.5,Credit Card,In-store,2023-12-28,Thursday,December
5398,TXN_5285171,Sandwich,5,4.0,20.0,Cash,Takeaway,2023-12-11,Monday,December
5399,TXN_2527007,Smoothie,1,4.0,4.0,Digital Wallet,UNKNOWN,2023-10-22,Sunday,October
5400,TXN_8331542,Salad,4,5.0,20.0,UNKNOWN,In-store,2023-12-23,Saturday,December
5401,TXN_2999220,Smoothie,4,4.0,16.0,Digital Wallet,Takeaway,2023-02-23,Thursday,February
5402,TXN_5108188,Cake,2,3.0,6.0,UNKNOWN,UNKNOWN,2023-08-25,Friday,August
5403,TXN_6680963,Sandwich,2,4.0,8.0,Credit Card,Takeaway,2023-08-01,Tuesday,August
5404,TXN_2308317,Coffee,2,2.0,4.0,Digital Wallet,Takeaway,2023-11-13,Monday,November
5405,TXN_8811902,Tea,5,1.5,7.5,Credit Card,UNKNOWN,2023-08-07,Monday,August
5407,TXN_1467546,Cookie,3,1.0,3.0,UNKNOWN,Takeaway,2023-07-20,Thursday,July
5408,TXN_2276722,Salad,2,5.0,10.0,Cash,Takeaway,2023-12-21,Thursday,December
5409,TXN_2519044,Salad,5,5.0,25.0,Digital Wallet,Takeaway,2023-05-20,Saturday,May
5410,TXN_2851147,Salad,2,5.0,10.0,Digital Wallet,In-store,2023-06-24,Saturday,June
5411,TXN_3349404,Coffee,3,2.0,6.0,Digital Wallet,UNKNOWN,2023-01-31,Tuesday,January
5412,TXN_7939011,Juice,5,3.0,15.0,UNKNOWN,In-store,2023-04-07,Friday,April
5413,TXN_3877580,Salad,2,5.0,10.0,Digital Wallet,UNKNOWN,2023-05-30,Tuesday,May
5414,TXN_5220523,Juice,3,3.0,9.0,Cash,Takeaway,2023-01-30,Monday,January
5415,TXN_5934526,Coffee,5,2.0,10.0,Credit Card,In-store,2023-05-27,Saturday,May
5416,TXN_8935939,Tea,3,1.5,4.5,Digital Wallet,Takeaway,2023-03-27,Monday,March
5417,TXN_3586935,Salad,5,5.0,25.0,Cash,UNKNOWN,2023-05-21,Sunday,May
5418,TXN_1781777,Salad,3,5.0,15.0,Credit Card,Takeaway,2023-10-26,Thursday,October
5420,TXN_1707251,Sandwich,2,4.0,8.0,Digital Wallet,Takeaway,2023-10-06,Friday,October
5421,TXN_4493878,Coffee,5,2.0,10.0,Credit Card,In-store,2023-03-11,Saturday,March
5422,TXN_2446874,Juice,4,3.0,12.0,Credit Card,UNKNOWN,2023-07-22,Saturday,July
5423,TXN_5747859,Cake,1,3.0,3.0,Credit Card,Takeaway,2023-03-13,Monday,March
5424,TXN_8172333,Cookie,4,1.0,4.0,Credit Card,UNKNOWN,2023-12-25,Monday,December
5425,TXN_8600523,Tea,3,1.5,4.5,UNKNOWN,UNKNOWN,2023-12-29,Friday,December
5427,TXN_3884527,Sandwich,1,4.0,4.0,Digital Wallet,In-store,2023-06-06,Tuesday,June
5428,TXN_9072517,Smoothie,2,4.0,8.0,Credit Card,Takeaway,2023-01-09,Monday,January
5429,TXN_4378200,Tea,5,1.5,7.5,Credit Card,In-store,2023-09-04,Monday,September
5430,TXN_3918998,Coffee,5,2.0,10.0,Digital Wallet,Takeaway,2023-12-18,Monday,December
5431,TXN_7674694,Tea,2,1.5,3.0,UNKNOWN,UNKNOWN,2023-03-30,Thursday,March
5432,TXN_3875049,Tea,2,1.5,3.0,Digital Wallet,Takeaway,2023-09-15,Friday,September
5433,TXN_5400266,Tea,3,1.5,4.5,Digital Wallet,Takeaway,2023-06-14,Wednesday,June
5434,TXN_2402978,Cookie,3,1.0,3.0,Credit Card,In-store,2023-01-21,Saturday,January
5435,TXN_6188306,Salad,1,5.0,5.0,UNKNOWN,Takeaway,2023-10-26,Thursday,October
5436,TXN_1148874,Cookie,1,1.0,1.0,Credit Card,In-store,2023-09-18,Monday,September
5437,TXN_1888708,Sandwich,4,4.0,16.0,Cash,UNKNOWN,2023-08-17,Thursday,August
5438,TXN_8842592,Cookie,5,1.0,5.0,UNKNOWN,UNKNOWN,2023-07-10,Monday,July
5439,TXN_2761204,Cake,3,3.0,9.0,Cash,UNKNOWN,2023-07-14,Friday,July
5440,TXN_9038745,Smoothie,3,4.0,12.0,UNKNOWN,Takeaway,2023-06-25,Sunday,June
5441,TXN_1374424,Sandwich,5,4.0,20.0,UNKNOWN,UNKNOWN,2023-04-24,Monday,April
5442,TXN_7205840,Salad,3,5.0,15.0,UNKNOWN,UNKNOWN,2023-03-05,Sunday,March
5443,TXN_7714378,Smoothie,2,4.0,8.0,Cash,UNKNOWN,2023-08-10,Thursday,August
5445,TXN_6718205,Smoothie,2,4.0,8.0,Digital Wallet,Takeaway,2023-06-30,Friday,June
5447,TXN_6899576,Salad,2,5.0,10.0,Digital Wallet,Takeaway,2023-10-26,Thursday,October
5448,TXN_2761003,Smoothie,2,4.0,8.0,UNKNOWN,In-store,2023-11-08,Wednesday,November
5449,TXN_6929413,Tea,1,1.5,1.5,Digital Wallet,UNKNOWN,2023-10-13,Friday,October
5451,TXN_1948437,Smoothie,2,4.0,8.0,UNKNOWN,Takeaway,2023-11-03,Friday,November
5452,TXN_5901887,Smoothie,4,4.0,16.0,UNKNOWN,Takeaway,2023-08-31,Thursday,August
5453,TXN_1072232,Sandwich,1,4.0,4.0,Digital Wallet,In-store,2023-01-07,Saturday,January
5454,TXN_7469771,Cake,5,3.0,15.0,UNKNOWN,UNKNOWN,2023-12-09,Saturday,December
5455,TXN_7139053,Salad,4,5.0,20.0,Digital Wallet,Takeaway,2023-09-12,Tuesday,September
5456,TXN_6028915,Sandwich,5,4.0,20.0,Cash,In-store,2023-12-24,Sunday,December
5457,TXN_3622194,Cake,1,3.0,3.0,Digital Wallet,UNKNOWN,2023-06-26,Monday,June
5458,TXN_6431215,Cake,1,3.0,3.0,UNKNOWN,UNKNOWN,2023-08-27,Sunday,August
5459,TXN_4385240,Cookie,4,1.0,4.0,Cash,Takeaway,2023-02-10,Friday,February
5461,TXN_5697778,Cake,3,3.0,9.0,Cash,UNKNOWN,2023-03-08,Wednesday,March
5462,TXN_1749299,Smoothie,2,4.0,8.0,UNKNOWN,UNKNOWN,2023-10-28,Saturday,October
5464,TXN_8352365,Coffee,5,2.0,10.0,UNKNOWN,Takeaway,2023-08-10,Thursday,August
5465,TXN_7143535,Cookie,2,1.0,2.0,UNKNOWN,UNKNOWN,2023-05-21,Sunday,May
5466,TXN_5090839,Sandwich,5,4.0,20.0,Cash,UNKNOWN,2023-03-06,Monday,March
5467,TXN_5743619,Salad,5,5.0,25.0,Digital Wallet,Takeaway,2023-11-07,Tuesday,November
5468,TXN_8785432,Cookie,2,1.0,2.0,Cash,UNKNOWN,2023-08-14,Monday,August
5469,TXN_1086324,Cake,3,3.0,9.0,UNKNOWN,In-store,2023-11-25,Saturday,November
5472,TXN_8211146,Sandwich,5,4.0,20.0,Digital Wallet,Takeaway,2023-04-30,Sunday,April
5473,TXN_5826333,Cookie,1,1.0,1.0,Cash,UNKNOWN,2023-05-14,Sunday,May
5474,TXN_1555314,Sandwich,1,4.0,4.0,UNKNOWN,Takeaway,2023-02-25,Saturday,February
5475,TXN_4611673,Smoothie,5,4.0,20.0,Digital Wallet,UNKNOWN,2023-03-05,Sunday,March
5476,TXN_8839045,Cake,2,3.0,6.0,UNKNOWN,In-store,2023-06-13,Tuesday,June
5477,TXN_5183249,Sandwich,1,4.0,4.0,UNKNOWN,In-store,2023-07-02,Sunday,July
5478,TXN_5104848,Tea,2,1.5,3.0,UNKNOWN,Takeaway,2023-01-22,Sunday,January
5479,TXN_9943917,Sandwich,3,4.0,12.0,Credit Card,In-store,2023-01-16,Monday,January
5480,TXN_2490461,Salad,4,5.0,20.0,UNKNOWN,UNKNOWN,2023-09-22,Friday,September
5481,TXN_5852244,Cake,2,3.0,6.0,Credit Card,Takeaway,2023-10-15,Sunday,October
5482,TXN_9874775,Tea,1,1.5,1.5,Cash,UNKNOWN,2023-09-02,Saturday,September
5483,TXN_2586215,Juice,2,3.0,6.0,Digital Wallet,UNKNOWN,2023-03-23,Thursday,March
5485,TXN_5444860,Tea,2,1.5,3.0,Digital Wallet,UNKNOWN,2023-04-28,Friday,April
5486,TXN_9391494,Coffee,1,2.0,2.0,UNKNOWN,UNKNOWN,2023-12-17,Sunday,December
5487,TXN_3557583,Smoothie,5,4.0,20.0,Credit Card,UNKNOWN,2023-07-26,Wednesday,July
5491,TXN_3995266,Sandwich,1,4.0,4.0,Credit Card,In-store,2023-04-21,Friday,April
5492,TXN_7326974,Cake,4,3.0,12.0,Credit Card,UNKNOWN,2023-12-31,Sunday,December
5493,TXN_7277750,Cake,2,3.0,6.0,UNKNOWN,UNKNOWN,2023-09-29,Friday,September
5494,TXN_8075323,Sandwich,1,4.0,4.0,Digital Wallet,UNKNOWN,2023-04-18,Tuesday,April
5495,TXN_4831345,Sandwich,5,4.0,20.0,UNKNOWN,In-store,2023-05-10,Wednesday,May
5497,TXN_1456374,Cookie,5,1.0,5.0,Cash,UNKNOWN,2023-02-15,Wednesday,February
5498,TXN_3263746,Coffee,1,2.0,2.0,Cash,Takeaway,2023-11-14,Tuesday,November
5500,TXN_9502077,Smoothie,3,4.0,12.0,UNKNOWN,UNKNOWN,2023-12-21,Thursday,December
5502,TXN_1671480,Cookie,5,1.0,5.0,UNKNOWN,UNKNOWN,2023-01-06,Friday,January
5503,TXN_7430227,Cake,3,3.0,9.0,Cash,In-store,2023-07-24,Monday,July
5504,TXN_1516182,Cookie,1,1.0,1.0,UNKNOWN,UNKNOWN,2023-06-18,Sunday,June
5505,TXN_8807199,Salad,5,5.0,25.0,Credit Card,UNKNOWN,2023-05-30,Tuesday,May
5506,TXN_8700466,Coffee,4,2.0,8.0,Digital Wallet,In-store,2023-04-29,Saturday,April
5507,TXN_2190325,Sandwich,4,4.0,16.0,Credit Card,In-store,2023-03-10,Friday,March
5508,TXN_4150495,Cookie,2,1.0,2.0,Cash,UNKNOWN,2023-04-12,Wednesday,April
5509,TXN_3794410,Cake,4,3.0,12.0,Credit Card,UNKNOWN,2023-12-06,Wednesday,December
5510,TXN_5677869,Juice,5,3.0,15.0,Cash,In-store,2023-11-19,Sunday,November
5511,TXN_3436462,Salad,2,5.0,10.0,Credit Card,In-store,2023-06-29,Thursday,June
5512,TXN_7493740,Cake,1,3.0,3.0,UNKNOWN,UNKNOWN,2023-05-18,Thursday,May
5513,TXN_7388752,Salad,1,5.0,5.0,Credit Card,Takeaway,2023-08-28,Monday,August
5515,TXN_8655424,Cookie,2,1.0,2.0,UNKNOWN,In-store,2023-11-26,Sunday,November
5516,TXN_9720012,Smoothie,5,4.0,20.0,Cash,In-store,2023-09-25,Monday,September
5518,TXN_9390188,Tea,1,1.5,1.5,UNKNOWN,Takeaway,2023-06-20,Tuesday,June
5519,TXN_1952465,Cake,2,3.0,6.0,UNKNOWN,Takeaway,2023-06-11,Sunday,June
5520,TXN_7605154,Juice,5,3.0,15.0,Cash,In-store,2023-09-09,Saturday,September
5521,TXN_2684400,Coffee,3,2.0,6.0,UNKNOWN,In-store,2023-03-30,Thursday,March
5522,TXN_4702378,Cake,2,3.0,6.0,Cash,UNKNOWN,2023-08-28,Monday,August
5523,TXN_6312755,Sandwich,2,4.0,8.0,Credit Card,UNKNOWN,2023-02-11,Saturday,February
5524,TXN_7584025,Tea,4,1.5,6.0,UNKNOWN,In-store,2023-09-18,Monday,September
5525,TXN_7533540,Sandwich,5,4.0,20.0,UNKNOWN,In-store,2023-11-01,Wednesday,November
5526,TXN_4425164,Juice,4,3.0,12.0,UNKNOWN,UNKNOWN,2023-01-13,Friday,January
5527,TXN_4325648,Juice,3,3.0,9.0,Digital Wallet,Takeaway,2023-05-04,Thursday,May
5528,TXN_7151374,Tea,4,1.5,6.0,Credit Card,In-store,2023-07-30,Sunday,July
5530,TXN_6496506,Juice,1,3.0,3.0,Digital Wallet,In-store,2023-01-11,Wednesday,January
5532,TXN_4823513,Cookie,5,1.0,5.0,Cash,Takeaway,2023-07-02,Sunday,July
5534,TXN_3222677,Sandwich,1,4.0,4.0,Digital Wallet,Takeaway,2023-12-16,Saturday,December
5535,TXN_9942517,Coffee,4,2.0,8.0,Digital Wallet,In-store,2023-04-29,Saturday,April
5536,TXN_8735418,Coffee,5,2.0,10.0,Digital Wallet,Takeaway,2023-03-03,Friday,March
5538,TXN_6347670,Tea,2,1.5,3.0,Digital Wallet,In-store,2023-06-24,Saturday,June
5539,TXN_9180345,Sandwich,4,4.0,16.0,Digital Wallet,UNKNOWN,2023-06-13,Tuesday,June
5540,TXN_9632482,Cake,2,3.0,6.0,Credit Card,UNKNOWN,2023-08-27,Sunday,August
5541,TXN_4642770,Tea,4,1.5,6.0,UNKNOWN,UNKNOWN,2023-09-22,Friday,September
5542,TXN_5356324,Smoothie,1,4.0,4.0,UNKNOWN,UNKNOWN,2023-02-26,Sunday,February
5543,TXN_5148730,Cake,1,3.0,3.0,Cash,UNKNOWN,2023-12-12,Tuesday,December
5544,TXN_8848847,Cookie,3,1.0,3.0,Cash,Takeaway,2023-08-15,Tuesday,August
5545,TXN_3686848,Tea,3,1.5,4.5,UNKNOWN,UNKNOWN,2023-04-06,Thursday,April
5546,TXN_2328896,Smoothie,4,4.0,16.0,Cash,UNKNOWN,2023-10-20,Friday,October
5547,TXN_6361856,Cookie,5,1.0,5.0,UNKNOWN,UNKNOWN,2023-05-11,Thursday,May
5548,TXN_5942011,Tea,1,1.5,1.5,Cash,UNKNOWN,2023-10-08,Sunday,October
5549,TXN_7137364,Salad,5,5.0,25.0,Cash,UNKNOWN,2023-08-09,Wednesday,August
5552,TXN_8176812,Sandwich,5,4.0,20.0,Digital Wallet,UNKNOWN,2023-06-21,Wednesday,June
5553,TXN_1360872,Coffee,2,2.0,4.0,Credit Card,In-store,2023-11-04,Saturday,November
5554,TXN_4413776,Coffee,5,2.0,10.0,Cash,Takeaway,2023-07-21,Friday,July
5555,TXN_1811953,Cookie,2,1.0,2.0,UNKNOWN,UNKNOWN,2023-06-26,Monday,June
5556,TXN_9382596,Smoothie,5,4.0,20.0,Credit Card,Takeaway,2023-11-18,Saturday,November
5557,TXN_9480564,Cookie,4,1.0,4.0,Cash,In-store,2023-06-12,Monday,June
5558,TXN_1094479,Cake,3,3.0,9.0,UNKNOWN,In-store,2023-06-08,Thursday,June
5559,TXN_8301190,Coffee,1,2.0,2.0,Cash,Takeaway,2023-04-01,Saturday,April
5560,TXN_7653946,Smoothie,4,4.0,16.0,Cash,UNKNOWN,2023-09-19,Tuesday,September
5561,TXN_1348274,Cake,5,3.0,15.0,UNKNOWN,UNKNOWN,2023-11-14,Tuesday,November
5562,TXN_2855149,Sandwich,2,4.0,8.0,Cash,In-store,2023-07-16,Sunday,July
5563,TXN_9320167,Juice,5,3.0,15.0,Credit Card,UNKNOWN,2023-11-12,Sunday,November
5564,TXN_1135215,Sandwich,3,4.0,12.0,UNKNOWN,In-store,2023-04-10,Monday,April
5565,TXN_6158518,Cookie,5,1.0,5.0,Cash,UNKNOWN,2023-09-28,Thursday,September
5566,TXN_5734442,Cookie,4,1.0,4.0,Credit Card,Takeaway,2023-10-01,Sunday,October
5569,TXN_3644269,Cookie,5,1.0,5.0,Credit Card,Takeaway,2023-09-26,Tuesday,September
5571,TXN_4020100,Cookie,1,1.0,1.0,Cash,In-store,2023-08-09,Wednesday,August
5572,TXN_1643870,Salad,4,5.0,20.0,Digital Wallet,Takeaway,2023-10-07,Saturday,October
5573,TXN_4734216,Salad,3,5.0,15.0,Digital Wallet,In-store,2023-11-30,Thursday,November
5574,TXN_4060538,Cake,2,3.0,6.0,Digital Wallet,Takeaway,2023-09-08,Friday,September
5577,TXN_5173628,Tea,3,1.5,4.5,UNKNOWN,Takeaway,2023-05-30,Tuesday,May
5578,TXN_9040196,Juice,3,3.0,9.0,Cash,UNKNOWN,2023-06-28,Wednesday,June
5579,TXN_1853983,Tea,1,1.5,1.5,Cash,In-store,2023-12-04,Monday,December
5581,TXN_1936915,Salad,3,5.0,15.0,Digital Wallet,In-store,2023-01-24,Tuesday,January
5582,TXN_8693747,Smoothie,4,4.0,16.0,Digital Wallet,UNKNOWN,2023-02-13,Monday,February
5583,TXN_2911864,Cookie,3,1.0,3.0,Digital Wallet,Takeaway,2023-03-21,Tuesday,March
5584,TXN_2336921,Juice,3,3.0,9.0,Digital Wallet,Takeaway,2023-05-01,Monday,May
5585,TXN_3275800,Coffee,3,2.0,6.0,UNKNOWN,Takeaway,2023-05-27,Saturday,May
5586,TXN_6472656,Tea,3,1.5,4.5,Cash,Takeaway,2023-11-25,Saturday,November
5587,TXN_3494191,Smoothie,2,4.0,8.0,Credit Card,In-store,2023-01-08,Sunday,January
5588,TXN_4177717,Cookie,1,1.0,1.0,UNKNOWN,UNKNOWN,2023-01-07,Saturday,January
5589,TXN_7313328,Juice,1,3.0,3.0,UNKNOWN,Takeaway,2023-01-03,Tuesday,January
5591,TXN_6832697,Salad,3,5.0,15.0,Credit Card,Takeaway,2023-01-21,Saturday,January
5592,TXN_2919225,Coffee,4,2.0,8.0,Credit Card,Takeaway,2023-02-14,Tuesday,February
5594,TXN_6444366,Coffee,1,2.0,2.0,Digital Wallet,UNKNOWN,2023-08-19,Saturday,August
5596,TXN_7630601,Tea,1,1.5,1.5,UNKNOWN,Takeaway,2023-08-22,Tuesday,August
5598,TXN_5762127,Coffee,2,2.0,4.0,UNKNOWN,Takeaway,2023-11-10,Friday,November
5599,TXN_1856153,Coffee,5,2.0,10.0,Credit Card,UNKNOWN,2023-12-02,Saturday,December
5600,TXN_4908458,Tea,4,1.5,6.0,UNKNOWN,UNKNOWN,2023-10-06,Friday,October
5601,TXN_4214066,Juice,2,3.0,6.0,UNKNOWN,In-store,2023-07-23,Sunday,July
5602,TXN_8252793,Cookie,4,1.0,4.0,Digital Wallet,UNKNOWN,2023-07-28,Friday,July
5603,TXN_1313643,Cake,4,3.0,12.0,UNKNOWN,UNKNOWN,2023-02-11,Saturday,February
5604,TXN_2941227,Cookie,3,1.0,3.0,Cash,In-store,2023-08-29,Tuesday,August
5605,TXN_1206585,Tea,2,1.5,3.0,Cash,UNKNOWN,2023-06-29,Thursday,June
5606,TXN_9580673,Juice,2,3.0,6.0,UNKNOWN,In-store,2023-06-25,Sunday,June
5607,TXN_9874192,Smoothie,3,4.0,12.0,UNKNOWN,UNKNOWN,2023-11-30,Thursday,November
5608,TXN_4475487,Smoothie,3,4.0,12.0,Cash,In-store,2023-06-01,Thursday,June
5610,TXN_3858126,Smoothie,2,4.0,8.0,UNKNOWN,In-store,2023-08-25,Friday,August
5611,TXN_3524464,Smoothie,4,4.0,16.0,Credit Card,Takeaway,2023-08-31,Thursday,August
5612,TXN_6242107,Coffee,3,2.0,6.0,Cash,UNKNOWN,2023-11-14,Tuesday,November
5613,TXN_2352246,Smoothie,4,4.0,16.0,Credit Card,Takeaway,2023-06-20,Tuesday,June
5614,TXN_9523335,Cookie,4,1.0,4.0,Credit Card,UNKNOWN,2023-01-29,Sunday,January
5615,TXN_4475412,Sandwich,3,4.0,12.0,UNKNOWN,UNKNOWN,2023-10-31,Tuesday,October
5616,TXN_2656162,Coffee,1,2.0,2.0,Digital Wallet,In-store,2023-04-11,Tuesday,April
5617,TXN_7517241,Sandwich,2,4.0,8.0,UNKNOWN,UNKNOWN,2023-01-18,Wednesday,January
5620,TXN_9022617,Coffee,1,2.0,2.0,Credit Card,In-store,2023-01-23,Monday,January
5621,TXN_1031802,Cookie,4,1.0,4.0,UNKNOWN,UNKNOWN,2023-06-27,Tuesday,June
5622,TXN_2346296,Cake,4,3.0,12.0,Digital Wallet,UNKNOWN,2023-10-04,Wednesday,October
5623,TXN_8219210,Smoothie,5,4.0,20.0,Cash,UNKNOWN,2023-01-12,Thursday,January
5624,TXN_4541981,Smoothie,4,4.0,16.0,Credit Card,In-store,2023-01-14,Saturday,January
5625,TXN_8522571,Juice,2,3.0,6.0,Credit Card,Takeaway,2023-09-19,Tuesday,September
5626,TXN_6752476,Tea,4,1.5,6.0,UNKNOWN,Takeaway,2023-08-28,Monday,August
5627,TXN_1894142,Sandwich,4,4.0,16.0,Cash,In-store,2023-09-13,Wednesday,September
5629,TXN_8885727,Tea,2,1.5,3.0,Cash,Takeaway,2023-10-05,Thursday,October
5630,TXN_1422305,Sandwich,4,4.0,16.0,UNKNOWN,In-store,2023-03-09,Thursday,March
5631,TXN_4625165,Salad,3,5.0,15.0,Credit Card,UNKNOWN,2023-03-02,Thursday,March
5633,TXN_9323215,Cookie,3,1.0,3.0,UNKNOWN,UNKNOWN,2023-01-27,Friday,January
5634,TXN_6824743,Sandwich,2,4.0,8.0,Digital Wallet,Takeaway,2023-11-08,Wednesday,November
5636,TXN_1034067,Smoothie,3,4.0,12.0,Digital Wallet,UNKNOWN,2023-01-07,Saturday,January
5637,TXN_3265085,Cookie,5,1.0,5.0,UNKNOWN,In-store,2023-09-05,Tuesday,September
5638,TXN_3061498,Salad,5,5.0,25.0,UNKNOWN,UNKNOWN,2023-11-14,Tuesday,November
5640,TXN_7374304,Tea,5,1.5,7.5,Digital Wallet,In-store,2023-05-10,Wednesday,May
5641,TXN_9447946,Smoothie,2,4.0,8.0,Credit Card,In-store,2023-10-21,Saturday,October
5644,TXN_8223689,Salad,5,5.0,25.0,Digital Wallet,In-store,2023-09-08,Friday,September
5645,TXN_3207254,Cake,1,3.0,3.0,UNKNOWN,Takeaway,2023-04-25,Tuesday,April
5646,TXN_2579242,Juice,5,3.0,15.0,UNKNOWN,In-store,2023-09-11,Monday,September
5647,TXN_2187911,Coffee,3,2.0,6.0,Credit Card,Takeaway,2023-04-20,Thursday,April
5648,TXN_2594056,Salad,4,5.0,20.0,Cash,UNKNOWN,2023-03-11,Saturday,March
5649,TXN_6591736,Coffee,4,2.0,8.0,UNKNOWN,Takeaway,2023-06-21,Wednesday,June
5651,TXN_4615235,Cake,4,3.0,12.0,Cash,UNKNOWN,2023-01-08,Sunday,January
5652,TXN_4824519,Smoothie,5,4.0,20.0,UNKNOWN,UNKNOWN,2023-12-27,Wednesday,December
5653,TXN_4677415,Cake,2,3.0,6.0,Digital Wallet,UNKNOWN,2023-12-12,Tuesday,December
5654,TXN_3548788,Salad,4,5.0,20.0,Digital Wallet,UNKNOWN,2023-02-22,Wednesday,February
5655,TXN_2503245,Sandwich,3,4.0,12.0,UNKNOWN,Takeaway,2023-04-15,Saturday,April
5656,TXN_8855046,Juice,3,3.0,9.0,UNKNOWN,Takeaway,2023-12-05,Tuesday,December
5658,TXN_2417402,Sandwich,3,4.0,12.0,Digital Wallet,UNKNOWN,2023-05-09,Tuesday,May
5659,TXN_6266017,Cookie,4,1.0,4.0,UNKNOWN,In-store,2023-09-28,Thursday,September
5660,TXN_4619018,Cake,5,3.0,15.0,Digital Wallet,UNKNOWN,2023-12-19,Tuesday,December
5662,TXN_2221447,Cookie,1,1.0,1.0,Credit Card,In-store,2023-12-06,Wednesday,December
5663,TXN_3564954,Smoothie,4,4.0,16.0,Cash,UNKNOWN,2023-03-09,Thursday,March
5664,TXN_8464222,Cake,4,3.0,12.0,Cash,In-store,2023-08-17,Thursday,August
5665,TXN_6815753,Cookie,4,1.0,4.0,Digital Wallet,Takeaway,2023-10-27,Friday,October
5667,TXN_9477892,Cake,3,3.0,9.0,Credit Card,UNKNOWN,2023-08-21,Monday,August
5670,TXN_4644671,Coffee,3,2.0,6.0,UNKNOWN,UNKNOWN,2023-04-20,Thursday,April
5671,TXN_1634534,Juice,5,3.0,15.0,UNKNOWN,UNKNOWN,2023-12-03,Sunday,December
5672,TXN_7809121,Cake,4,3.0,12.0,UNKNOWN,UNKNOWN,2023-05-15,Monday,May
5673,TXN_1350239,Smoothie,5,4.0,20.0,Cash,UNKNOWN,2023-11-18,Saturday,November
5674,TXN_5145906,Tea,4,1.5,6.0,UNKNOWN,UNKNOWN,2023-01-30,Monday,January
5675,TXN_9603912,Juice,5,3.0,15.0,UNKNOWN,UNKNOWN,2023-12-23,Saturday,December
5677,TXN_8969428,Salad,3,5.0,15.0,UNKNOWN,Takeaway,2023-03-08,Wednesday,March
5678,TXN_5269634,Cake,5,3.0,15.0,Digital Wallet,In-store,2023-04-07,Friday,April
5679,TXN_3043982,Sandwich,5,4.0,20.0,Cash,In-store,2023-01-10,Tuesday,January
5680,TXN_6310896,Sandwich,1,4.0,4.0,UNKNOWN,In-store,2023-05-01,Monday,May
5681,TXN_5496282,Smoothie,2,4.0,8.0,UNKNOWN,UNKNOWN,2023-03-03,Friday,March
5682,TXN_3947201,Cookie,5,1.0,5.0,UNKNOWN,Takeaway,2023-06-17,Saturday,June
5683,TXN_3666951,Juice,2,3.0,6.0,UNKNOWN,In-store,2023-01-06,Friday,January
5684,TXN_7254494,Coffee,5,2.0,10.0,Credit Card,Takeaway,2023-03-16,Thursday,March
5686,TXN_6164035,Cookie,1,1.0,1.0,Credit Card,Takeaway,2023-03-30,Thursday,March
5687,TXN_6234838,Juice,5,3.0,15.0,UNKNOWN,In-store,2023-10-30,Monday,October
5688,TXN_5671075,Tea,5,1.5,7.5,Cash,In-store,2023-12-25,Monday,December
5689,TXN_5004986,Sandwich,3,4.0,12.0,Digital Wallet,UNKNOWN,2023-01-23,Monday,January
5690,TXN_4856575,Salad,3,5.0,15.0,Digital Wallet,In-store,2023-09-10,Sunday,September
5691,TXN_6064400,Sandwich,5,4.0,20.0,UNKNOWN,UNKNOWN,2023-07-06,Thursday,July
5692,TXN_8512136,Juice,1,3.0,3.0,Cash,Takeaway,2023-08-26,Saturday,August
5694,TXN_3129441,Juice,3,3.0,9.0,Credit Card,In-store,2023-05-31,Wednesday,May
5695,TXN_1652596,Smoothie,5,4.0,20.0,Digital Wallet,UNKNOWN,2023-10-04,Wednesday,October
5696,TXN_3487896,Coffee,5,2.0,10.0,Credit Card,UNKNOWN,2023-01-09,Monday,January
5697,TXN_1429858,Cookie,4,1.0,4.0,Credit Card,UNKNOWN,2023-03-15,Wednesday,March
5698,TXN_1721242,Smoothie,5,4.0,20.0,UNKNOWN,In-store,2023-11-23,Thursday,November
5699,TXN_3472707,Sandwich,2,4.0,8.0,Cash,Takeaway,2023-03-26,Sunday,March
5701,TXN_3819085,Sandwich,1,4.0,4.0,UNKNOWN,Takeaway,2023-11-23,Thursday,November
5702,TXN_2181920,Sandwich,3,4.0,12.0,Cash,UNKNOWN,2023-02-11,Saturday,February
5703,TXN_1173155,Coffee,1,2.0,2.0,Cash,In-store,2023-03-14,Tuesday,March
5704,TXN_4913079,Sandwich,3,4.0,12.0,UNKNOWN,UNKNOWN,2023-08-19,Saturday,August
5705,TXN_1476711,Tea,2,1.5,3.0,UNKNOWN,UNKNOWN,2023-01-26,Thursday,January
5706,TXN_5341644,Cake,4,3.0,12.0,Cash,UNKNOWN,2023-01-24,Tuesday,January
5707,TXN_4548274,Juice,5,3.0,15.0,Digital Wallet,UNKNOWN,2023-05-09,Tuesday,May
5708,TXN_8008815,Salad,2,5.0,10.0,UNKNOWN,UNKNOWN,2023-03-16,Thursday,March
5709,TXN_3639760,Cake,5,3.0,15.0,Credit Card,Takeaway,2023-01-29,Sunday,January
5710,TXN_8159727,Salad,5,5.0,25.0,Digital Wallet,UNKNOWN,2023-04-24,Monday,April
5711,TXN_5061028,Cookie,1,1.0,1.0,Credit Card,Takeaway,2023-05-17,Wednesday,May
5712,TXN_6962671,Cake,2,3.0,6.0,UNKNOWN,UNKNOWN,2023-01-20,Friday,January
5713,TXN_4791072,Coffee,3,2.0,6.0,UNKNOWN,UNKNOWN,2023-11-13,Monday,November
5715,TXN_4775791,Smoothie,4,4.0,16.0,Credit Card,UNKNOWN,2023-04-13,Thursday,April
5716,TXN_6724554,Tea,3,1.5,4.5,UNKNOWN,UNKNOWN,2023-03-22,Wednesday,March
5717,TXN_6897608,Coffee,2,2.0,4.0,Credit Card,Takeaway,2023-06-28,Wednesday,June
5719,TXN_4226572,Cookie,3,1.0,3.0,UNKNOWN,Takeaway,2023-05-16,Tuesday,May
5720,TXN_6833530,Juice,4,3.0,12.0,UNKNOWN,In-store,2023-11-05,Sunday,November
5722,TXN_4321368,Coffee,4,2.0,8.0,UNKNOWN,Takeaway,2023-12-09,Saturday,December
5723,TXN_3434549,Sandwich,5,4.0,20.0,Credit Card,Takeaway,2023-05-25,Thursday,May
5724,TXN_7918317,Tea,1,1.5,1.5,Credit Card,UNKNOWN,2023-07-27,Thursday,July
5725,TXN_3467985,Sandwich,3,4.0,12.0,Cash,Takeaway,2023-12-10,Sunday,December
5726,TXN_3526095,Sandwich,3,4.0,12.0,Cash,Takeaway,2023-08-30,Wednesday,August
5727,TXN_8316915,Cookie,5,1.0,5.0,Digital Wallet,In-store,2023-05-30,Tuesday,May
5728,TXN_4876685,Tea,1,1.5,1.5,Digital Wallet,Takeaway,2023-07-14,Friday,July
5729,TXN_7505290,Salad,4,5.0,20.0,Digital Wallet,Takeaway,2023-10-21,Saturday,October
5730,TXN_5709834,Cake,4,3.0,12.0,Digital Wallet,UNKNOWN,2023-03-24,Friday,March
5731,TXN_9626624,Smoothie,3,4.0,12.0,Cash,In-store,2023-10-10,Tuesday,October
5732,TXN_4563526,Smoothie,4,4.0,16.0,Credit Card,UNKNOWN,2023-06-30,Friday,June
5733,TXN_5512533,Coffee,4,2.0,8.0,Digital Wallet,UNKNOWN,2023-06-13,Tuesday,June
5734,TXN_9399452,Cake,4,3.0,12.0,Credit Card,In-store,2023-12-03,Sunday,December
5735,TXN_3451212,Cake,3,3.0,9.0,UNKNOWN,UNKNOWN,2023-01-29,Sunday,January
5736,TXN_1934166,Sandwich,5,4.0,20.0,Cash,In-store,2023-03-06,Monday,March
5737,TXN_5594695,Cake,3,3.0,9.0,Credit Card,In-store,2023-01-18,Wednesday,January
5738,TXN_8379868,Cake,3,3.0,9.0,Cash,In-store,2023-01-16,Monday,January
5739,TXN_3708535,Coffee,5,2.0,10.0,UNKNOWN,In-store,2023-05-02,Tuesday,May
5740,TXN_5299440,Juice,2,3.0,6.0,Credit Card,In-store,2023-10-21,Saturday,October
5741,TXN_4107706,Salad,1,5.0,5.0,UNKNOWN,In-store,2023-11-23,Thursday,November
5742,TXN_6059878,Salad,3,5.0,15.0,Digital Wallet,UNKNOWN,2023-01-23,Monday,January
5744,TXN_5777542,Sandwich,2,4.0,8.0,UNKNOWN,UNKNOWN,2023-10-22,Sunday,October
5745,TXN_3919225,Cake,2,3.0,6.0,Cash,In-store,2023-03-26,Sunday,March
5746,TXN_5598744,Sandwich,4,4.0,16.0,Digital Wallet,Takeaway,2023-10-17,Tuesday,October
5747,TXN_7355326,Cookie,1,1.0,1.0,UNKNOWN,UNKNOWN,2023-01-03,Tuesday,January
5748,TXN_4071945,Cake,1,3.0,3.0,Cash,UNKNOWN,2023-07-17,Monday,July
5749,TXN_6732096,Smoothie,2,4.0,8.0,UNKNOWN,In-store,2023-04-02,Sunday,April
5750,TXN_4392519,Cookie,2,1.0,2.0,UNKNOWN,Takeaway,2023-09-20,Wednesday,September
5751,TXN_1716710,Coffee,2,2.0,4.0,UNKNOWN,UNKNOWN,2023-02-23,Thursday,February
5753,TXN_9655021,Coffee,3,2.0,6.0,UNKNOWN,UNKNOWN,2023-04-22,Saturday,April
5754,TXN_3868402,Coffee,3,2.0,6.0,Cash,In-store,2023-01-21,Saturday,January
5755,TXN_4624591,Salad,2,5.0,10.0,Credit Card,In-store,2023-08-03,Thursday,August
5756,TXN_9640865,Cookie,2,1.0,2.0,Cash,Takeaway,2023-03-18,Saturday,March
5757,TXN_6456008,Salad,5,5.0,25.0,Credit Card,In-store,2023-03-26,Sunday,March
5758,TXN_9547654,Cookie,2,1.0,2.0,UNKNOWN,In-store,2023-11-19,Sunday,November
5759,TXN_4986668,Cake,3,3.0,9.0,Digital Wallet,UNKNOWN,2023-11-30,Thursday,November
5760,TXN_6235329,Salad,2,5.0,10.0,Digital Wallet,In-store,2023-10-11,Wednesday,October
5761,TXN_8536578,Cake,5,3.0,15.0,Digital Wallet,In-store,2023-11-11,Saturday,November
5762,TXN_4545512,Coffee,1,2.0,2.0,UNKNOWN,Takeaway,2023-12-18,Monday,December
5763,TXN_2156128,Sandwich,1,4.0,4.0,Digital Wallet,In-store,2023-07-21,Friday,July
5764,TXN_9188172,Juice,3,3.0,9.0,Digital Wallet,In-store,2023-08-27,Sunday,August
5766,TXN_6408024,Cookie,3,1.0,3.0,UNKNOWN,In-store,2023-11-29,Wednesday,November
5767,TXN_4788748,Sandwich,4,4.0,16.0,Credit Card,In-store,2023-04-30,Sunday,April
5768,TXN_6460409,Salad,3,5.0,15.0,Cash,UNKNOWN,2023-01-03,Tuesday,January
5769,TXN_1067052,Tea,4,1.5,6.0,UNKNOWN,Takeaway,2023-02-18,Saturday,February
5770,TXN_8776634,Juice,5,3.0,15.0,UNKNOWN,In-store,2023-06-02,Friday,June
5771,TXN_2534831,Tea,5,1.5,7.5,Cash,Takeaway,2023-08-19,Saturday,August
5772,TXN_9941872,Salad,3,5.0,15.0,UNKNOWN,UNKNOWN,2023-04-08,Saturday,April
5773,TXN_2055898,Tea,4,1.5,6.0,UNKNOWN,UNKNOWN,2023-12-01,Friday,December
5774,TXN_2007418,Smoothie,4,4.0,16.0,Cash,UNKNOWN,2023-06-16,Friday,June
5775,TXN_6451043,Cookie,2,1.0,2.0,UNKNOWN,In-store,2023-02-06,Monday,February
5776,TXN_2632916,Juice,3,3.0,9.0,Credit Card,UNKNOWN,2023-06-17,Saturday,June
5777,TXN_1926794,Smoothie,1,4.0,4.0,UNKNOWN,In-store,2023-01-14,Saturday,January
5778,TXN_3201783,Juice,3,3.0,9.0,UNKNOWN,UNKNOWN,2023-12-03,Sunday,December
5779,TXN_2374950,Cake,5,3.0,15.0,Digital Wallet,UNKNOWN,2023-04-28,Friday,April
5780,TXN_5962196,Smoothie,2,4.0,8.0,Cash,Takeaway,2023-11-29,Wednesday,November
5781,TXN_4342098,Smoothie,4,4.0,16.0,Cash,In-store,2023-05-24,Wednesday,May
5782,TXN_7367134,Smoothie,4,4.0,16.0,Digital Wallet,UNKNOWN,2023-10-03,Tuesday,October
5783,TXN_3651743,Cake,5,3.0,15.0,Cash,In-store,2023-04-24,Monday,April
5784,TXN_4411007,Cookie,5,1.0,5.0,Digital Wallet,Takeaway,2023-05-17,Wednesday,May
5785,TXN_6026451,Juice,2,3.0,6.0,Cash,In-store,2023-11-06,Monday,November
5787,TXN_5093312,Cookie,4,1.0,4.0,Credit Card,Takeaway,2023-08-12,Saturday,August
5788,TXN_6685570,Tea,1,1.5,1.5,Credit Card,In-store,2023-03-14,Tuesday,March
5789,TXN_7905853,Cookie,4,1.0,4.0,Digital Wallet,UNKNOWN,2023-07-25,Tuesday,July
5790,TXN_3020475,Salad,4,5.0,20.0,UNKNOWN,Takeaway,2023-09-13,Wednesday,September
5791,TXN_7665695,Tea,3,1.5,4.5,UNKNOWN,In-store,2023-10-21,Saturday,October
5792,TXN_2355099,Salad,5,5.0,25.0,Cash,Takeaway,2023-03-18,Saturday,March
5793,TXN_6071866,Tea,4,1.5,6.0,UNKNOWN,UNKNOWN,2023-10-14,Saturday,October
5794,TXN_4548715,Sandwich,2,4.0,8.0,UNKNOWN,UNKNOWN,2023-02-16,Thursday,February
5796,TXN_8344035,Smoothie,2,4.0,8.0,Cash,UNKNOWN,2023-08-23,Wednesday,August
5797,TXN_7332192,Coffee,1,2.0,2.0,Credit Card,Takeaway,2023-11-17,Friday,November
5799,TXN_4713356,Smoothie,5,4.0,20.0,UNKNOWN,In-store,2023-05-08,Monday,May
5800,TXN_6400461,Coffee,4,2.0,8.0,Digital Wallet,UNKNOWN,2023-01-18,Wednesday,January
5801,TXN_9262504,Smoothie,3,4.0,12.0,Credit Card,UNKNOWN,2023-12-01,Friday,December
5802,TXN_6225305,Cake,1,3.0,3.0,Cash,Takeaway,2023-05-05,Friday,May
5803,TXN_1266278,Smoothie,1,4.0,4.0,UNKNOWN,Takeaway,2023-11-03,Friday,November
5805,TXN_2797871,Cookie,2,1.0,2.0,UNKNOWN,Takeaway,2023-09-21,Thursday,September
5809,TXN_7606965,Juice,5,3.0,15.0,Digital Wallet,In-store,2023-12-08,Friday,December
5810,TXN_5516374,Smoothie,2,4.0,8.0,UNKNOWN,In-store,2023-07-25,Tuesday,July
5811,TXN_8059034,Coffee,1,2.0,2.0,Digital Wallet,UNKNOWN,2023-01-10,Tuesday,January
5812,TXN_2238287,Salad,3,5.0,15.0,Digital Wallet,In-store,2023-05-22,Monday,May
5814,TXN_9667721,Tea,5,1.5,7.5,Credit Card,Takeaway,2023-04-29,Saturday,April
5815,TXN_6317991,Cookie,5,1.0,5.0,Digital Wallet,In-store,2023-03-03,Friday,March
5816,TXN_7866723,Sandwich,2,4.0,8.0,Credit Card,In-store,2023-03-26,Sunday,March
5818,TXN_5251180,Cookie,1,1.0,1.0,Digital Wallet,UNKNOWN,2023-06-25,Sunday,June
5819,TXN_5891724,Salad,5,5.0,25.0,Credit Card,UNKNOWN,2023-12-10,Sunday,December
5821,TXN_5092646,Smoothie,2,4.0,8.0,UNKNOWN,Takeaway,2023-05-08,Monday,May
5823,TXN_2638434,Juice,5,3.0,15.0,Credit Card,In-store,2023-09-18,Monday,September
5825,TXN_5452210,Tea,5,1.5,7.5,Digital Wallet,In-store,2023-04-17,Monday,April
5826,TXN_5337566,Cookie,5,1.0,5.0,Cash,Takeaway,2023-03-08,Wednesday,March
5827,TXN_3341779,Tea,3,1.5,4.5,Cash,Takeaway,2023-07-30,Sunday,July
5828,TXN_7977951,Cake,5,3.0,15.0,UNKNOWN,UNKNOWN,2023-12-22,Friday,December
5829,TXN_8226985,Coffee,2,2.0,4.0,UNKNOWN,UNKNOWN,2023-03-08,Wednesday,March
5831,TXN_6875870,Salad,5,5.0,25.0,UNKNOWN,UNKNOWN,2023-09-07,Thursday,September
5832,TXN_9086163,Cookie,2,1.0,2.0,Digital Wallet,UNKNOWN,2023-07-31,Monday,July
5833,TXN_5061600,Juice,3,3.0,9.0,UNKNOWN,In-store,2023-11-23,Thursday,November
5834,TXN_9987017,Cookie,5,1.0,5.0,Cash,Takeaway,2023-03-14,Tuesday,March
5835,TXN_6533576,Salad,5,5.0,25.0,Cash,In-store,2023-08-14,Monday,August
5836,TXN_5229351,Coffee,3,2.0,6.0,Digital Wallet,Takeaway,2023-08-14,Monday,August
5837,TXN_5318263,Smoothie,1,4.0,4.0,Credit Card,Takeaway,2023-06-12,Monday,June
5838,TXN_8866088,Tea,4,1.5,6.0,Digital Wallet,Takeaway,2023-07-11,Tuesday,July
5840,TXN_2601923,Cake,4,3.0,12.0,Cash,Takeaway,2023-07-24,Monday,July
5843,TXN_7434172,Cookie,2,1.0,2.0,Digital Wallet,Takeaway,2023-11-14,Tuesday,November
5844,TXN_1849406,Sandwich,5,4.0,20.0,Cash,In-store,2023-11-30,Thursday,November
5846,TXN_6289180,Juice,1,3.0,3.0,Cash,In-store,2023-03-14,Tuesday,March
5847,TXN_3974663,Juice,3,3.0,9.0,Cash,Takeaway,2023-10-02,Monday,October
5848,TXN_9041537,Sandwich,4,4.0,16.0,UNKNOWN,UNKNOWN,2023-08-28,Monday,August
5852,TXN_3145515,Smoothie,4,4.0,16.0,Cash,UNKNOWN,2023-03-31,Friday,March
5853,TXN_6711224,Juice,1,3.0,3.0,Digital Wallet,UNKNOWN,2023-03-26,Sunday,March
5854,TXN_4035164,Juice,5,3.0,15.0,UNKNOWN,In-store,2023-11-26,Sunday,November
5855,TXN_1815061,Cake,3,3.0,9.0,Digital Wallet,In-store,2023-01-20,Friday,January
5856,TXN_9522690,Cookie,4,1.0,4.0,Credit Card,In-store,2023-07-23,Sunday,July
5857,TXN_2858635,Sandwich,1,4.0,4.0,Digital Wallet,In-store,2023-09-28,Thursday,September
5860,TXN_7030681,Juice,1,3.0,3.0,Cash,UNKNOWN,2023-10-01,Sunday,October
5861,TXN_7738316,Cookie,4,1.0,4.0,UNKNOWN,UNKNOWN,2023-02-04,Saturday,February
5862,TXN_6817358,Smoothie,2,4.0,8.0,Credit Card,UNKNOWN,2023-12-22,Friday,December
5863,TXN_4430474,Cake,2,3.0,6.0,Digital Wallet,UNKNOWN,2023-06-08,Thursday,June
5864,TXN_2329938,Sandwich,3,4.0,12.0,Credit Card,UNKNOWN,2023-03-29,Wednesday,March
5866,TXN_3642052,Cake,1,3.0,3.0,UNKNOWN,Takeaway,2023-07-19,Wednesday,July
5867,TXN_6655913,Cookie,1,1.0,1.0,Credit Card,In-store,2023-04-02,Sunday,April
5869,TXN_1617594,Sandwich,1,4.0,4.0,UNKNOWN,In-store,2023-04-23,Sunday,April
5870,TXN_7136372,Juice,3,3.0,9.0,Credit Card,Takeaway,2023-09-22,Friday,September
5873,TXN_7251969,Cookie,2,1.0,2.0,UNKNOWN,In-store,2023-08-14,Monday,August
5874,TXN_5790695,Tea,5,1.5,7.5,Credit Card,Takeaway,2023-04-24,Monday,April
5875,TXN_7101802,Coffee,4,2.0,8.0,UNKNOWN,UNKNOWN,2023-03-19,Sunday,March
5876,TXN_3277936,Tea,2,1.5,3.0,Digital Wallet,Takeaway,2023-06-21,Wednesday,June
5877,TXN_3233221,Cake,5,3.0,15.0,UNKNOWN,Takeaway,2023-06-15,Thursday,June
5878,TXN_6200423,Cookie,1,1.0,1.0,UNKNOWN,In-store,2023-02-03,Friday,February
5880,TXN_6728574,Juice,3,3.0,9.0,Cash,UNKNOWN,2023-05-24,Wednesday,May
5882,TXN_5968705,Sandwich,3,4.0,12.0,Credit Card,Takeaway,2023-12-16,Saturday,December
5883,TXN_9657902,Juice,1,3.0,3.0,Digital Wallet,UNKNOWN,2023-10-30,Monday,October
5884,TXN_8640383,Juice,2,3.0,6.0,UNKNOWN,UNKNOWN,2023-10-08,Sunday,October
5885,TXN_3889213,Cake,1,3.0,3.0,Credit Card,UNKNOWN,2023-10-13,Friday,October
5886,TXN_2252244,Juice,2,3.0,6.0,Credit Card,UNKNOWN,2023-03-10,Friday,March
5887,TXN_2561071,Juice,5,3.0,15.0,UNKNOWN,In-store,2023-01-30,Monday,January
5888,TXN_6543164,Tea,2,1.5,3.0,Digital Wallet,UNKNOWN,2023-07-10,Monday,July
5889,TXN_3209025,Salad,2,5.0,10.0,Cash,UNKNOWN,2023-10-12,Thursday,October
5890,TXN_9975079,Smoothie,2,4.0,8.0,Cash,UNKNOWN,2023-08-26,Saturday,August
5893,TXN_4103665,Coffee,4,2.0,8.0,UNKNOWN,In-store,2023-04-30,Sunday,April
5894,TXN_8499618,Cake,2,3.0,6.0,UNKNOWN,UNKNOWN,2023-05-23,Tuesday,May
5897,TXN_7592199,Tea,3,1.5,4.5,Digital Wallet,UNKNOWN,2023-09-14,Thursday,September
5898,TXN_8888249,Coffee,5,2.0,10.0,UNKNOWN,UNKNOWN,2023-10-17,Tuesday,October
5900,TXN_7749759,Tea,1,1.5,1.5,Digital Wallet,In-store,2023-12-26,Tuesday,December
5901,TXN_7556108,Cookie,5,1.0,5.0,UNKNOWN,Takeaway,2023-01-17,Tuesday,January
5902,TXN_9360886,Sandwich,1,4.0,4.0,UNKNOWN,UNKNOWN,2023-07-25,Tuesday,July
5903,TXN_5303464,Juice,4,3.0,12.0,Cash,Takeaway,2023-10-26,Thursday,October
5904,TXN_5324330,Salad,3,5.0,15.0,Digital Wallet,Takeaway,2023-11-20,Monday,November
5905,TXN_5862289,Juice,4,3.0,12.0,Digital Wallet,Takeaway,2023-01-05,Thursday,January
5906,TXN_8203190,Tea,2,1.5,3.0,UNKNOWN,In-store,2023-06-16,Friday,June
5907,TXN_9699948,Coffee,5,2.0,10.0,Cash,In-store,2023-04-18,Tuesday,April
5908,TXN_8187087,Coffee,3,2.0,6.0,Digital Wallet,Takeaway,2023-01-31,Tuesday,January
5909,TXN_5409141,Coffee,5,2.0,10.0,Cash,Takeaway,2023-02-02,Thursday,February
5910,TXN_9928409,Sandwich,4,4.0,16.0,Credit Card,UNKNOWN,2023-06-17,Saturday,June
5912,TXN_9952479,Sandwich,1,4.0,4.0,Digital Wallet,Takeaway,2023-12-06,Wednesday,December
5913,TXN_7207901,Smoothie,2,4.0,8.0,Digital Wallet,In-store,2023-12-11,Monday,December
5915,TXN_4321091,Smoothie,2,4.0,8.0,Cash,In-store,2023-06-15,Thursday,June
5916,TXN_2721997,Cake,3,3.0,9.0,UNKNOWN,Takeaway,2023-05-20,Saturday,May
5917,TXN_6738137,Coffee,4,2.0,8.0,UNKNOWN,UNKNOWN,2023-07-20,Thursday,July
5918,TXN_5365699,Sandwich,5,4.0,20.0,UNKNOWN,UNKNOWN,2023-05-22,Monday,May
5919,TXN_4807459,Sandwich,1,4.0,4.0,UNKNOWN,UNKNOWN,2023-08-11,Friday,August
5920,TXN_2790608,Juice,1,3.0,3.0,Cash,In-store,2023-12-18,Monday,December
5923,TXN_7429032,Sandwich,2,4.0,8.0,UNKNOWN,Takeaway,2023-08-18,Friday,August
5924,TXN_5241723,Coffee,3,2.0,6.0,Cash,UNKNOWN,2023-07-18,Tuesday,July
5925,TXN_5151706,Smoothie,1,4.0,4.0,UNKNOWN,Takeaway,2023-03-01,Wednesday,March
5926,TXN_6231475,Salad,2,5.0,10.0,Credit Card,In-store,2023-03-18,Saturday,March
5927,TXN_6144244,Juice,3,3.0,9.0,Cash,UNKNOWN,2023-01-08,Sunday,January
5929,TXN_2631423,Cookie,3,1.0,3.0,Cash,Takeaway,2023-01-07,Saturday,January
5931,TXN_6505914,Cake,3,3.0,9.0,UNKNOWN,UNKNOWN,2023-01-27,Friday,January
5932,TXN_1958614,Smoothie,2,4.0,8.0,Digital Wallet,UNKNOWN,2023-07-02,Sunday,July
5934,TXN_6702416,Cake,1,3.0,3.0,UNKNOWN,UNKNOWN,2023-09-14,Thursday,September
5935,TXN_5649204,Smoothie,1,4.0,4.0,Cash,In-store,2023-03-05,Sunday,March
5937,TXN_2066115,Salad,4,5.0,20.0,Credit Card,In-store,2023-08-18,Friday,August
5939,TXN_7986904,Cookie,3,1.0,3.0,Credit Card,Takeaway,2023-08-11,Friday,August
5940,TXN_4633457,Salad,1,5.0,5.0,Credit Card,Takeaway,2023-05-21,Sunday,May
5941,TXN_9368550,Cake,3,3.0,9.0,Digital Wallet,Takeaway,2023-09-26,Tuesday,September
5942,TXN_8049058,Cake,2,3.0,6.0,Cash,UNKNOWN,2023-04-08,Saturday,April
5943,TXN_5131404,Sandwich,4,4.0,16.0,Credit Card,Takeaway,2023-06-18,Sunday,June
5944,TXN_3480562,Coffee,5,2.0,10.0,UNKNOWN,UNKNOWN,2023-12-24,Sunday,December
5945,TXN_6219454,Tea,1,1.5,1.5,Cash,In-store,2023-11-14,Tuesday,November
5946,TXN_2551378,Tea,2,1.5,3.0,UNKNOWN,Takeaway,2023-10-27,Friday,October
5947,TXN_9024388,Salad,1,5.0,5.0,Cash,UNKNOWN,2023-02-27,Monday,February
5948,TXN_3478329,Tea,3,1.5,4.5,Digital Wallet,In-store,2023-10-29,Sunday,October
5949,TXN_6308974,Cookie,4,1.0,4.0,UNKNOWN,In-store,2023-10-02,Monday,October
5950,TXN_5571904,Salad,5,5.0,25.0,Digital Wallet,Takeaway,2023-08-05,Saturday,August
5951,TXN_6979356,Salad,2,5.0,10.0,UNKNOWN,In-store,2023-09-21,Thursday,September
5952,TXN_9171458,Cake,2,3.0,6.0,UNKNOWN,UNKNOWN,2023-03-29,Wednesday,March
5953,TXN_5537621,Juice,4,3.0,12.0,Digital Wallet,Takeaway,2023-02-28,Tuesday,February
5954,TXN_9288156,Coffee,3,2.0,6.0,UNKNOWN,UNKNOWN,2023-11-05,Sunday,November
5955,TXN_8626720,Juice,4,3.0,12.0,Cash,Takeaway,2023-06-02,Friday,June
5957,TXN_5908362,Sandwich,5,4.0,20.0,Digital Wallet,UNKNOWN,2023-10-03,Tuesday,October
5958,TXN_2086841,Salad,4,5.0,20.0,Credit Card,In-store,2023-03-16,Thursday,March
5959,TXN_9944141,Juice,5,3.0,15.0,Credit Card,Takeaway,2023-07-18,Tuesday,July
5960,TXN_2438638,Cake,2,3.0,6.0,Credit Card,Takeaway,2023-08-12,Saturday,August
5962,TXN_9216933,Cookie,4,1.0,4.0,UNKNOWN,UNKNOWN,2023-05-29,Monday,May
5963,TXN_8308356,Smoothie,1,4.0,4.0,Digital Wallet,UNKNOWN,2023-11-21,Tuesday,November
5964,TXN_7933500,Tea,3,1.5,4.5,UNKNOWN,In-store,2023-09-21,Thursday,September
5967,TXN_7563589,Smoothie,5,4.0,20.0,Cash,UNKNOWN,2023-09-19,Tuesday,September
5968,TXN_7864482,Sandwich,1,4.0,4.0,Credit Card,Takeaway,2023-01-28,Saturday,January
5969,TXN_7942343,Cookie,4,1.0,4.0,Digital Wallet,UNKNOWN,2023-06-15,Thursday,June
5970,TXN_1585329,Smoothie,4,4.0,16.0,Credit Card,UNKNOWN,2023-07-16,Sunday,July
5971,TXN_6550460,Sandwich,5,4.0,20.0,UNKNOWN,UNKNOWN,2023-03-15,Wednesday,March
5972,TXN_3416466,Juice,2,3.0,6.0,Digital Wallet,UNKNOWN,2023-09-13,Wednesday,September
5973,TXN_5125759,Coffee,3,2.0,6.0,Digital Wallet,Takeaway,2023-06-15,Thursday,June
5974,TXN_7321946,Cake,3,3.0,9.0,Cash,Takeaway,2023-02-12,Sunday,February
5975,TXN_4336291,Salad,5,5.0,25.0,Cash,In-store,2023-03-25,Saturday,March
5976,TXN_5240229,Salad,1,5.0,5.0,UNKNOWN,In-store,2023-06-10,Saturday,June
5977,TXN_7854253,Coffee,4,2.0,8.0,Cash,UNKNOWN,2023-07-26,Wednesday,July
5978,TXN_1971201,Smoothie,2,4.0,8.0,Digital Wallet,UNKNOWN,2023-11-07,Tuesday,November
5979,TXN_2673104,Tea,1,1.5,1.5,UNKNOWN,UNKNOWN,2023-06-23,Friday,June
5980,TXN_7479695,Smoothie,5,4.0,20.0,Credit Card,UNKNOWN,2023-12-12,Tuesday,December
5981,TXN_1084222,Coffee,4,2.0,8.0,Digital Wallet,In-store,2023-06-03,Saturday,June
5982,TXN_1723062,Salad,1,5.0,5.0,UNKNOWN,In-store,2023-09-21,Thursday,September
5983,TXN_4987205,Tea,2,1.5,3.0,UNKNOWN,Takeaway,2023-06-24,Saturday,June
5984,TXN_8025478,Sandwich,4,4.0,16.0,Cash,Takeaway,2023-01-24,Tuesday,January
5985,TXN_7529735,Coffee,3,2.0,6.0,UNKNOWN,In-store,2023-08-12,Saturday,August
5986,TXN_1598214,Juice,1,3.0,3.0,Credit Card,Takeaway,2023-01-07,Saturday,January
5987,TXN_7872478,Juice,4,3.0,12.0,Credit Card,In-store,2023-04-25,Tuesday,April
5988,TXN_9464398,Cake,4,3.0,12.0,Credit Card,UNKNOWN,2023-09-25,Monday,September
5989,TXN_9319656,Tea,5,1.5,7.5,UNKNOWN,UNKNOWN,2023-12-22,Friday,December
5990,TXN_9212052,Salad,4,5.0,20.0,Cash,UNKNOWN,2023-10-15,Sunday,October
5992,TXN_2550923,Cake,2,3.0,6.0,Cash,Takeaway,2023-08-26,Saturday,August
5994,TXN_2682803,Cake,5,3.0,15.0,Credit Card,Takeaway,2023-04-09,Sunday,April
5995,TXN_1745182,Cookie,2,1.0,2.0,Digital Wallet,Takeaway,2023-09-26,Tuesday,September
5998,TXN_4335735,Coffee,2,2.0,4.0,UNKNOWN,UNKNOWN,2023-04-07,Friday,April
5999,TXN_9264301,Coffee,1,2.0,2.0,UNKNOWN,In-store,2023-10-24,Tuesday,October
6000,TXN_6547896,Coffee,3,2.0,6.0,UNKNOWN,UNKNOWN,2023-03-02,Thursday,March
6002,TXN_9868114,Smoothie,2,4.0,8.0,Credit Card,In-store,2023-11-12,Sunday,November
6003,TXN_6127474,Cookie,5,1.0,5.0,Cash,In-store,2023-09-17,Sunday,September
6004,TXN_5549557,Cake,2,3.0,6.0,Cash,In-store,2023-02-27,Monday,February
6005,TXN_4668762,Smoothie,3,4.0,12.0,Digital Wallet,UNKNOWN,2023-03-10,Friday,March
6006,TXN_1058466,Cookie,3,1.0,3.0,Digital Wallet,Takeaway,2023-12-07,Thursday,December
6007,TXN_8892230,Coffee,5,2.0,10.0,UNKNOWN,UNKNOWN,2023-03-02,Thursday,March
6008,TXN_3332915,Cookie,2,1.0,2.0,UNKNOWN,Takeaway,2023-01-19,Thursday,January
6009,TXN_9596023,Coffee,5,2.0,10.0,Digital Wallet,Takeaway,2023-11-30,Thursday,November
6010,TXN_6122423,Salad,4,5.0,20.0,UNKNOWN,In-store,2023-09-28,Thursday,September
6011,TXN_8934637,Smoothie,1,4.0,4.0,UNKNOWN,In-store,2023-01-07,Saturday,January
6012,TXN_4846406,Cookie,3,1.0,3.0,Cash,In-store,2023-05-22,Monday,May
6013,TXN_8917300,Cookie,1,1.0,1.0,Cash,Takeaway,2023-03-04,Saturday,March
6014,TXN_7742182,Tea,2,1.5,3.0,UNKNOWN,UNKNOWN,2023-11-09,Thursday,November
6015,TXN_8131533,Cake,1,3.0,3.0,Cash,In-store,2023-07-18,Tuesday,July
6016,TXN_1836754,Tea,1,1.5,1.5,Credit Card,In-store,2023-09-10,Sunday,September
6017,TXN_2531878,Salad,3,5.0,15.0,UNKNOWN,UNKNOWN,2023-01-06,Friday,January
6018,TXN_8126586,Sandwich,5,4.0,20.0,UNKNOWN,In-store,2023-11-19,Sunday,November
6019,TXN_4522292,Cookie,1,1.0,1.0,Digital Wallet,In-store,2023-07-12,Wednesday,July
6021,TXN_4209377,Salad,2,5.0,10.0,UNKNOWN,UNKNOWN,2023-02-07,Tuesday,February
6022,TXN_9097321,Juice,2,3.0,6.0,Credit Card,UNKNOWN,2023-10-02,Monday,October
6024,TXN_3267393,Sandwich,2,4.0,8.0,UNKNOWN,In-store,2023-02-24,Friday,February
6025,TXN_2389110,Sandwich,2,4.0,8.0,Cash,In-store,2023-05-30,Tuesday,May
6026,TXN_2704452,Salad,2,5.0,10.0,Credit Card,Takeaway,2023-09-05,Tuesday,September
6027,TXN_4892165,Juice,3,3.0,9.0,Cash,In-store,2023-07-27,Thursday,July
6028,TXN_6588156,Cake,4,3.0,12.0,UNKNOWN,In-store,2023-04-14,Friday,April
6029,TXN_4721830,Sandwich,3,4.0,12.0,UNKNOWN,UNKNOWN,2023-11-15,Wednesday,November
6030,TXN_6941542,Sandwich,3,4.0,12.0,UNKNOWN,In-store,2023-09-27,Wednesday,September
6031,TXN_5214986,Cookie,5,1.0,5.0,Credit Card,In-store,2023-09-21,Thursday,September
6032,TXN_3635874,Sandwich,2,4.0,8.0,Cash,UNKNOWN,2023-03-16,Thursday,March
6033,TXN_1721910,Juice,4,3.0,12.0,Digital Wallet,UNKNOWN,2023-03-21,Tuesday,March
6035,TXN_1120969,Coffee,2,2.0,4.0,Credit Card,UNKNOWN,2023-04-15,Saturday,April
6036,TXN_4246000,Cookie,2,1.0,2.0,Credit Card,Takeaway,2023-07-09,Sunday,July
6038,TXN_9699174,Smoothie,3,4.0,12.0,UNKNOWN,UNKNOWN,2023-01-03,Tuesday,January
6039,TXN_6036409,Tea,5,1.5,7.5,Cash,Takeaway,2023-02-16,Thursday,February
6040,TXN_5927258,Tea,5,1.5,7.5,UNKNOWN,In-store,2023-10-18,Wednesday,October
6041,TXN_6027031,Juice,5,3.0,15.0,Credit Card,In-store,2023-11-15,Wednesday,November
6044,TXN_1900906,Coffee,5,2.0,10.0,Cash,UNKNOWN,2023-01-31,Tuesday,January
6045,TXN_7171590,Coffee,3,2.0,6.0,Credit Card,In-store,2023-04-24,Monday,April
6046,TXN_5746203,Tea,5,1.5,7.5,Cash,UNKNOWN,2023-07-08,Saturday,July
6047,TXN_1696300,Cookie,1,1.0,1.0,Digital Wallet,In-store,2023-05-28,Sunday,May
6048,TXN_1255476,Smoothie,1,4.0,4.0,UNKNOWN,UNKNOWN,2023-08-28,Monday,August
6049,TXN_9403115,Tea,1,1.5,1.5,UNKNOWN,UNKNOWN,2023-04-17,Monday,April
6050,TXN_4476539,Salad,2,5.0,10.0,Cash,UNKNOWN,2023-04-19,Wednesday,April
6051,TXN_5263133,Juice,2,3.0,6.0,UNKNOWN,Takeaway,2023-05-22,Monday,May
6052,TXN_8473362,Juice,3,3.0,9.0,Digital Wallet,UNKNOWN,2023-11-22,Wednesday,November
6053,TXN_8402606,Cookie,3,1.0,3.0,UNKNOWN,Takeaway,2023-05-09,Tuesday,May
6054,TXN_6857799,Cookie,4,1.0,4.0,Cash,UNKNOWN,2023-01-08,Sunday,January
6055,TXN_9362993,Coffee,3,2.0,6.0,Cash,In-store,2023-10-22,Sunday,October
6056,TXN_7458568,Smoothie,5,4.0,20.0,Digital Wallet,UNKNOWN,2023-05-09,Tuesday,May
6058,TXN_1959082,Juice,5,3.0,15.0,Credit Card,UNKNOWN,2023-06-08,Thursday,June
6059,TXN_9630958,Smoothie,5,4.0,20.0,Digital Wallet,In-store,2023-12-26,Tuesday,December
6060,TXN_4290475,Smoothie,1,4.0,4.0,UNKNOWN,Takeaway,2023-04-20,Thursday,April
6061,TXN_4561296,Salad,5,5.0,25.0,Cash,In-store,2023-11-22,Wednesday,November
6062,TXN_6422545,Juice,2,3.0,6.0,Credit Card,Takeaway,2023-11-03,Friday,November
6063,TXN_6012728,Cake,4,3.0,12.0,Credit Card,In-store,2023-05-09,Tuesday,May
6064,TXN_8886678,Tea,5,1.5,7.5,Cash,UNKNOWN,2023-03-27,Monday,March
6065,TXN_5424622,Tea,4,1.5,6.0,UNKNOWN,In-store,2023-07-12,Wednesday,July
6067,TXN_1885495,Coffee,4,2.0,8.0,Cash,UNKNOWN,2023-03-04,Saturday,March
6068,TXN_3646359,Salad,2,5.0,10.0,Credit Card,UNKNOWN,2023-07-23,Sunday,July
6069,TXN_3284157,Tea,4,1.5,6.0,Digital Wallet,UNKNOWN,2023-05-17,Wednesday,May
6070,TXN_4533186,Tea,3,1.5,4.5,UNKNOWN,Takeaway,2023-04-19,Wednesday,April
6071,TXN_3046567,Salad,2,5.0,10.0,Credit Card,In-store,2023-01-07,Saturday,January
6072,TXN_3594827,Juice,5,3.0,15.0,Digital Wallet,In-store,2023-03-09,Thursday,March
6073,TXN_2883054,Cake,4,3.0,12.0,Cash,In-store,2023-11-17,Friday,November
6074,TXN_1744319,Smoothie,3,4.0,12.0,Cash,UNKNOWN,2023-03-24,Friday,March
6075,TXN_6182856,Cake,4,3.0,12.0,Credit Card,Takeaway,2023-04-02,Sunday,April
6076,TXN_7341998,Cake,3,3.0,9.0,Digital Wallet,UNKNOWN,2023-02-18,Saturday,February
6077,TXN_5438422,Smoothie,3,4.0,12.0,UNKNOWN,In-store,2023-09-25,Monday,September
6078,TXN_7187128,Tea,5,1.5,7.5,UNKNOWN,Takeaway,2023-08-24,Thursday,August
6079,TXN_6499084,Cake,4,3.0,12.0,Credit Card,Takeaway,2023-03-15,Wednesday,March
6080,TXN_5738243,Salad,5,5.0,25.0,Credit Card,Takeaway,2023-08-30,Wednesday,August
6081,TXN_8946752,Tea,4,1.5,6.0,Cash,UNKNOWN,2023-06-08,Thursday,June
6082,TXN_5453217,Coffee,1,2.0,2.0,Credit Card,In-store,2023-07-11,Tuesday,July
6083,TXN_9340973,Cookie,4,1.0,4.0,Cash,UNKNOWN,2023-03-07,Tuesday,March
6084,TXN_8562684,Tea,5,1.5,7.5,UNKNOWN,Takeaway,2023-06-25,Sunday,June
6086,TXN_2030078,Smoothie,1,4.0,4.0,Digital Wallet,Takeaway,2023-04-10,Monday,April
6088,TXN_6603668,Coffee,4,2.0,8.0,Credit Card,Takeaway,2023-03-07,Tuesday,March
6089,TXN_7077961,Tea,4,1.5,6.0,Digital Wallet,Takeaway,2023-09-19,Tuesday,September
6090,TXN_3343585,Cake,1,3.0,3.0,Cash,In-store,2023-09-17,Sunday,September
6091,TXN_7896831,Coffee,5,2.0,10.0,Cash,Takeaway,2023-04-01,Saturday,April
6093,TXN_3541337,Cookie,4,1.0,4.0,Digital Wallet,Takeaway,2023-09-01,Friday,September
6094,TXN_2140056,Cookie,1,1.0,1.0,Digital Wallet,Takeaway,2023-12-07,Thursday,December
6095,TXN_9629256,Cake,4,3.0,12.0,Digital Wallet,In-store,2023-11-07,Tuesday,November
6096,TXN_8419985,Cake,3,3.0,9.0,UNKNOWN,UNKNOWN,2023-08-26,Saturday,August
6097,TXN_6349916,Salad,1,5.0,5.0,Cash,UNKNOWN,2023-07-09,Sunday,July
6098,TXN_6568254,Salad,2,5.0,10.0,Credit Card,In-store,2023-02-09,Thursday,February
6099,TXN_1730385,Cake,2,3.0,6.0,Credit Card,UNKNOWN,2023-03-01,Wednesday,March
6101,TXN_6935600,Coffee,3,2.0,6.0,UNKNOWN,UNKNOWN,2023-01-02,Monday,January
6102,TXN_1851725,Cake,5,3.0,15.0,Cash,Takeaway,2023-02-19,Sunday,February
6103,TXN_5691112,Juice,5,3.0,15.0,UNKNOWN,UNKNOWN,2023-03-24,Friday,March
6104,TXN_9514836,Coffee,3,2.0,6.0,UNKNOWN,In-store,2023-03-29,Wednesday,March
6105,TXN_4172649,Salad,4,5.0,20.0,Digital Wallet,UNKNOWN,2023-05-19,Friday,May
6106,TXN_6504096,Salad,5,5.0,25.0,Cash,UNKNOWN,2023-09-10,Sunday,September
6107,TXN_9921708,Cake,1,3.0,3.0,Cash,Takeaway,2023-07-20,Thursday,July
6108,TXN_6361661,Smoothie,2,4.0,8.0,Cash,UNKNOWN,2023-11-05,Sunday,November
6109,TXN_4329116,Cake,3,3.0,9.0,Credit Card,In-store,2023-09-29,Friday,September
6110,TXN_4142781,Sandwich,5,4.0,20.0,Digital Wallet,Takeaway,2023-01-30,Monday,January
6111,TXN_6055428,Salad,5,5.0,25.0,Cash,Takeaway,2023-02-25,Saturday,February
6112,TXN_4359885,Cookie,2,1.0,2.0,Credit Card,In-store,2023-01-16,Monday,January
6113,TXN_4255116,Juice,4,3.0,12.0,Credit Card,In-store,2023-12-24,Sunday,December
6114,TXN_6511482,Tea,3,1.5,4.5,Credit Card,UNKNOWN,2023-03-17,Friday,March
6115,TXN_9672367,Cookie,2,1.0,2.0,UNKNOWN,In-store,2023-12-21,Thursday,December
6116,TXN_1514364,Coffee,5,2.0,10.0,Digital Wallet,In-store,2023-01-21,Saturday,January
6117,TXN_1643122,Juice,3,3.0,9.0,UNKNOWN,In-store,2023-05-15,Monday,May
6118,TXN_2252586,Tea,3,1.5,4.5,Cash,Takeaway,2023-09-08,Friday,September
6119,TXN_8853027,Smoothie,5,4.0,20.0,Credit Card,In-store,2023-06-21,Wednesday,June
6121,TXN_2351890,Tea,4,1.5,6.0,UNKNOWN,In-store,2023-02-27,Monday,February
6122,TXN_1026050,Cake,1,3.0,3.0,UNKNOWN,UNKNOWN,2023-04-23,Sunday,April
6123,TXN_3882139,Smoothie,4,4.0,16.0,UNKNOWN,UNKNOWN,2023-12-28,Thursday,December
6125,TXN_6149247,Sandwich,3,4.0,12.0,UNKNOWN,Takeaway,2023-09-21,Thursday,September
6126,TXN_3371429,Salad,2,5.0,10.0,Credit Card,UNKNOWN,2023-11-01,Wednesday,November
6127,TXN_5136479,Sandwich,1,4.0,4.0,UNKNOWN,In-store,2023-01-04,Wednesday,January
6128,TXN_5722175,Tea,2,1.5,3.0,Digital Wallet,Takeaway,2023-03-01,Wednesday,March
6129,TXN_4075198,Salad,5,5.0,25.0,Cash,UNKNOWN,2023-08-27,Sunday,August
6130,TXN_3865627,Coffee,4,2.0,8.0,UNKNOWN,In-store,2023-02-16,Thursday,February
6131,TXN_2136226,Juice,2,3.0,6.0,Digital Wallet,In-store,2023-12-12,Tuesday,December
6132,TXN_2920551,Sandwich,4,4.0,16.0,Credit Card,Takeaway,2023-11-27,Monday,November
6133,TXN_9206923,Sandwich,1,4.0,4.0,UNKNOWN,UNKNOWN,2023-11-16,Thursday,November
6134,TXN_6335909,Salad,4,5.0,20.0,UNKNOWN,In-store,2023-06-21,Wednesday,June
6135,TXN_8107970,Coffee,2,2.0,4.0,Credit Card,Takeaway,2023-06-03,Saturday,June
6138,TXN_2135358,Cake,5,3.0,15.0,Credit Card,UNKNOWN,2023-05-28,Sunday,May
6139,TXN_1313701,Cookie,2,1.0,2.0,UNKNOWN,UNKNOWN,2023-10-03,Tuesday,October
6140,TXN_4035669,Juice,3,3.0,9.0,Cash,UNKNOWN,2023-04-21,Friday,April
6142,TXN_4037502,Coffee,2,2.0,4.0,Cash,Takeaway,2023-08-10,Thursday,August
6143,TXN_6879752,Tea,1,1.5,1.5,Digital Wallet,In-store,2023-10-07,Saturday,October
6144,TXN_8708666,Cake,4,3.0,12.0,UNKNOWN,Takeaway,2023-01-10,Tuesday,January
6145,TXN_5535579,Coffee,5,2.0,10.0,Cash,In-store,2023-12-21,Thursday,December
6146,TXN_2449402,Smoothie,5,4.0,20.0,Cash,UNKNOWN,2023-01-29,Sunday,January
6147,TXN_6097759,Smoothie,4,4.0,16.0,Cash,In-store,2023-06-18,Sunday,June
6148,TXN_9579740,Cake,3,3.0,9.0,Digital Wallet,UNKNOWN,2023-03-05,Sunday,March
6149,TXN_3026936,Cake,5,3.0,15.0,UNKNOWN,UNKNOWN,2023-05-19,Friday,May
6150,TXN_2532519,Cake,2,3.0,6.0,Digital Wallet,UNKNOWN,2023-04-10,Monday,April
6151,TXN_9959765,Juice,4,3.0,12.0,Cash,UNKNOWN,2023-02-19,Sunday,February
6152,TXN_9514996,Sandwich,2,4.0,8.0,Credit Card,Takeaway,2023-07-25,Tuesday,July
6153,TXN_6757560,Cake,4,3.0,12.0,Cash,UNKNOWN,2023-08-12,Saturday,August
6154,TXN_2222893,Coffee,4,2.0,8.0,UNKNOWN,Takeaway,2023-12-20,Wednesday,December
6155,TXN_4346607,Salad,2,5.0,10.0,Digital Wallet,UNKNOWN,2023-03-17,Friday,March
6156,TXN_2586830,Juice,1,3.0,3.0,UNKNOWN,In-store,2023-02-12,Sunday,February
6157,TXN_2706461,Salad,3,5.0,15.0,Credit Card,UNKNOWN,2023-12-13,Wednesday,December
6158,TXN_1829391,Juice,4,3.0,12.0,Credit Card,UNKNOWN,2023-10-06,Friday,October
6159,TXN_5022805,Sandwich,1,4.0,4.0,Credit Card,Takeaway,2023-12-17,Sunday,December
6160,TXN_6815801,Cookie,1,1.0,1.0,Digital Wallet,Takeaway,2023-03-15,Wednesday,March
6161,TXN_2541441,Cake,1,3.0,3.0,Cash,Takeaway,2023-09-21,Thursday,September
6162,TXN_5189465,Cookie,4,1.0,4.0,UNKNOWN,Takeaway,2023-10-04,Wednesday,October
6163,TXN_1217810,Cookie,1,1.0,1.0,Digital Wallet,UNKNOWN,2023-07-06,Thursday,July
6164,TXN_4894647,Salad,2,5.0,10.0,Cash,Takeaway,2023-12-26,Tuesday,December
6165,TXN_7622855,Sandwich,2,4.0,8.0,Credit Card,UNKNOWN,2023-07-10,Monday,July
6167,TXN_9931637,Cake,2,3.0,6.0,Cash,Takeaway,2023-09-17,Sunday,September
6168,TXN_6625294,Sandwich,2,4.0,8.0,Digital Wallet,UNKNOWN,2023-03-05,Sunday,March
6169,TXN_4577368,Cake,4,3.0,12.0,Cash,UNKNOWN,2023-05-29,Monday,May
6170,TXN_4158904,Juice,2,3.0,6.0,Digital Wallet,In-store,2023-01-31,Tuesday,January
6172,TXN_1208926,Cookie,4,1.0,4.0,Credit Card,In-store,2023-12-07,Thursday,December
6173,TXN_8090361,Coffee,1,2.0,2.0,UNKNOWN,UNKNOWN,2023-03-12,Sunday,March
6174,TXN_8363628,Salad,1,5.0,5.0,Digital Wallet,UNKNOWN,2023-04-07,Friday,April
6175,TXN_4761088,Cake,4,3.0,12.0,Digital Wallet,UNKNOWN,2023-08-27,Sunday,August
6178,TXN_8526941,Sandwich,5,4.0,20.0,UNKNOWN,Takeaway,2023-03-16,Thursday,March
6179,TXN_2453194,Cake,4,3.0,12.0,Digital Wallet,UNKNOWN,2023-11-18,Saturday,November
6180,TXN_9970195,Coffee,2,2.0,4.0,UNKNOWN,UNKNOWN,2023-11-10,Friday,November
6181,TXN_4458848,Cookie,2,1.0,2.0,UNKNOWN,In-store,2023-10-30,Monday,October
6182,TXN_1606273,Coffee,1,2.0,2.0,Digital Wallet,Takeaway,2023-11-02,Thursday,November
6183,TXN_8053946,Tea,1,1.5,1.5,UNKNOWN,Takeaway,2023-09-18,Monday,September
6184,TXN_7963189,Cookie,4,1.0,4.0,Digital Wallet,Takeaway,2023-03-24,Friday,March
6185,TXN_9151273,Tea,2,1.5,3.0,Cash,UNKNOWN,2023-04-09,Sunday,April
6186,TXN_4702345,Salad,4,5.0,20.0,Digital Wallet,UNKNOWN,2023-01-08,Sunday,January
6188,TXN_4832452,Tea,5,1.5,7.5,Cash,UNKNOWN,2023-02-05,Sunday,February
6189,TXN_9314690,Salad,2,5.0,10.0,Credit Card,UNKNOWN,2023-12-11,Monday,December
6190,TXN_3852141,Cake,5,3.0,15.0,Credit Card,In-store,2023-08-04,Friday,August
6191,TXN_4723529,Sandwich,2,4.0,8.0,UNKNOWN,UNKNOWN,2023-03-25,Saturday,March
6193,TXN_6039321,Salad,2,5.0,10.0,Credit Card,UNKNOWN,2023-02-15,Wednesday,February
6194,TXN_5797307,Tea,5,1.5,7.5,UNKNOWN,In-store,2023-03-16,Thursday,March
6196,TXN_2262398,Tea,1,1.5,1.5,Credit Card,Takeaway,2023-09-12,Tuesday,September
6197,TXN_9813095,Juice,2,3.0,6.0,Cash,UNKNOWN,2023-06-12,Monday,June
6198,TXN_8627869,Juice,1,3.0,3.0,UNKNOWN,UNKNOWN,2023-10-31,Tuesday,October
6199,TXN_1123346,Tea,3,1.5,4.5,UNKNOWN,UNKNOWN,2023-07-31,Monday,July
6200,TXN_6729852,Cookie,4,1.0,4.0,UNKNOWN,UNKNOWN,2023-06-29,Thursday,June
6201,TXN_9300618,Tea,3,1.5,4.5,Credit Card,UNKNOWN,2023-03-06,Monday,March
6202,TXN_7832527,Cake,3,3.0,9.0,Cash,In-store,2023-01-26,Thursday,January
6203,TXN_4703100,Sandwich,1,4.0,4.0,UNKNOWN,UNKNOWN,2023-01-26,Thursday,January
6204,TXN_1650385,Sandwich,1,4.0,4.0,UNKNOWN,UNKNOWN,2023-07-24,Monday,July
6206,TXN_2132434,Salad,4,5.0,20.0,Digital Wallet,In-store,2023-06-03,Saturday,June
6207,TXN_3847176,Sandwich,3,4.0,12.0,UNKNOWN,Takeaway,2023-05-07,Sunday,May
6208,TXN_9691955,Juice,3,3.0,9.0,Credit Card,In-store,2023-11-03,Friday,November
6209,TXN_4985415,Tea,4,1.5,6.0,Digital Wallet,UNKNOWN,2023-08-01,Tuesday,August
6210,TXN_1172121,Coffee,5,2.0,10.0,Cash,Takeaway,2023-08-26,Saturday,August
6211,TXN_2521185,Smoothie,2,4.0,8.0,Cash,Takeaway,2023-03-20,Monday,March
6212,TXN_6233021,Juice,5,3.0,15.0,Digital Wallet,Takeaway,2023-12-22,Friday,December
6213,TXN_7498795,Cookie,2,1.0,2.0,Cash,Takeaway,2023-03-11,Saturday,March
6214,TXN_6730130,Tea,2,1.5,3.0,UNKNOWN,UNKNOWN,2023-10-16,Monday,October
6215,TXN_8810855,Sandwich,4,4.0,16.0,UNKNOWN,UNKNOWN,2023-04-30,Sunday,April
6216,TXN_1599516,Juice,3,3.0,9.0,Cash,In-store,2023-05-11,Thursday,May
6217,TXN_6888839,Tea,3,1.5,4.5,Digital Wallet,Takeaway,2023-11-19,Sunday,November
6219,TXN_4559065,Juice,1,3.0,3.0,Cash,In-store,2023-05-03,Wednesday,May
6220,TXN_7637325,Cookie,4,1.0,4.0,UNKNOWN,UNKNOWN,2023-05-03,Wednesday,May
6221,TXN_9685491,Coffee,4,2.0,8.0,Cash,UNKNOWN,2023-09-20,Wednesday,September
6222,TXN_1767321,Sandwich,1,4.0,4.0,UNKNOWN,In-store,2023-03-24,Friday,March
6223,TXN_9046415,Smoothie,2,4.0,8.0,UNKNOWN,UNKNOWN,2023-06-06,Tuesday,June
6226,TXN_2696377,Juice,4,3.0,12.0,Digital Wallet,In-store,2023-04-11,Tuesday,April
6227,TXN_7754382,Sandwich,4,4.0,16.0,Credit Card,UNKNOWN,2023-06-28,Wednesday,June
6228,TXN_4602865,Cookie,5,1.0,5.0,Digital Wallet,Takeaway,2023-09-27,Wednesday,September
6229,TXN_5966765,Cake,5,3.0,15.0,Credit Card,Takeaway,2023-11-09,Thursday,November
6230,TXN_4328228,Sandwich,5,4.0,20.0,UNKNOWN,UNKNOWN,2023-01-08,Sunday,January
6231,TXN_2462604,Tea,5,1.5,7.5,Credit Card,UNKNOWN,2023-07-13,Thursday,July
6232,TXN_2897354,Juice,4,3.0,12.0,UNKNOWN,In-store,2023-06-22,Thursday,June
6234,TXN_3283631,Sandwich,2,4.0,8.0,Credit Card,In-store,2023-03-15,Wednesday,March
6235,TXN_8929329,Juice,4,3.0,12.0,UNKNOWN,UNKNOWN,2023-10-29,Sunday,October
6236,TXN_1328953,Smoothie,3,4.0,12.0,UNKNOWN,UNKNOWN,2023-12-28,Thursday,December
6237,TXN_4852852,Smoothie,2,4.0,8.0,UNKNOWN,UNKNOWN,2023-10-06,Friday,October
6239,TXN_3344089,Sandwich,4,4.0,16.0,Cash,In-store,2023-08-10,Thursday,August
6240,TXN_2909634,Smoothie,1,4.0,4.0,UNKNOWN,Takeaway,2023-10-02,Monday,October
6241,TXN_7551280,Cookie,4,1.0,4.0,Credit Card,Takeaway,2023-04-14,Friday,April
6242,TXN_5390533,Smoothie,3,4.0,12.0,UNKNOWN,In-store,2023-11-18,Saturday,November
6243,TXN_8487216,Tea,1,1.5,1.5,Cash,UNKNOWN,2023-07-01,Saturday,July
6244,TXN_3863163,Cookie,3,1.0,3.0,Digital Wallet,Takeaway,2023-10-12,Thursday,October
6245,TXN_4260865,Smoothie,4,4.0,16.0,UNKNOWN,UNKNOWN,2023-02-25,Saturday,February
6246,TXN_7922471,Cake,3,3.0,9.0,Cash,UNKNOWN,2023-04-18,Tuesday,April
6248,TXN_3653560,Coffee,4,2.0,8.0,Digital Wallet,Takeaway,2023-07-01,Saturday,July
6249,TXN_4075817,Cookie,2,1.0,2.0,Cash,UNKNOWN,2023-03-18,Saturday,March
6250,TXN_3715065,Salad,3,5.0,15.0,Credit Card,UNKNOWN,2023-03-17,Friday,March
6251,TXN_9549208,Coffee,1,2.0,2.0,Digital Wallet,In-store,2023-10-30,Monday,October
6253,TXN_2670824,Juice,2,3.0,6.0,Digital Wallet,Takeaway,2023-03-03,Friday,March
6254,TXN_7455953,Coffee,2,2.0,4.0,UNKNOWN,UNKNOWN,2023-05-01,Monday,May
6255,TXN_5926432,Smoothie,4,4.0,16.0,Cash,In-store,2023-06-29,Thursday,June
6256,TXN_8235381,Cookie,3,1.0,3.0,Digital Wallet,In-store,2023-03-01,Wednesday,March
6257,TXN_6206679,Tea,1,1.5,1.5,UNKNOWN,In-store,2023-05-01,Monday,May
6258,TXN_2954630,Salad,2,5.0,10.0,Credit Card,UNKNOWN,2023-09-30,Saturday,September
6259,TXN_1402641,Tea,3,1.5,4.5,Credit Card,Takeaway,2023-09-12,Tuesday,September
6260,TXN_6405489,Sandwich,3,4.0,12.0,Credit Card,Takeaway,2023-05-04,Thursday,May
6261,TXN_3003311,Cake,5,3.0,15.0,Digital Wallet,In-store,2023-08-01,Tuesday,August
6266,TXN_9436342,Juice,4,3.0,12.0,Digital Wallet,In-store,2023-11-26,Sunday,November
6267,TXN_3110245,Cake,5,3.0,15.0,Cash,Takeaway,2023-04-21,Friday,April
6268,TXN_1999100,Smoothie,3,4.0,12.0,Digital Wallet,UNKNOWN,2023-11-08,Wednesday,November
6269,TXN_3654203,Coffee,1,2.0,2.0,UNKNOWN,UNKNOWN,2023-04-21,Friday,April
6270,TXN_2406283,Juice,4,3.0,12.0,Digital Wallet,In-store,2023-02-24,Friday,February
6271,TXN_8964166,Juice,5,3.0,15.0,Cash,UNKNOWN,2023-11-10,Friday,November
6272,TXN_1354464,Cake,5,3.0,15.0,Digital Wallet,In-store,2023-03-18,Saturday,March
6273,TXN_5582443,Salad,3,5.0,15.0,Credit Card,In-store,2023-04-13,Thursday,April
6274,TXN_6204081,Cake,1,3.0,3.0,Digital Wallet,Takeaway,2023-07-12,Wednesday,July
6276,TXN_8647048,Sandwich,2,4.0,8.0,Credit Card,In-store,2023-11-03,Friday,November
6277,TXN_1689024,Coffee,5,2.0,10.0,Credit Card,In-store,2023-04-17,Monday,April
6278,TXN_5422928,Tea,4,1.5,6.0,Digital Wallet,Takeaway,2023-09-20,Wednesday,September
6279,TXN_9855567,Cookie,3,1.0,3.0,Credit Card,UNKNOWN,2023-05-25,Thursday,May
6280,TXN_3311860,Juice,1,3.0,3.0,Digital Wallet,In-store,2023-11-21,Tuesday,November
6281,TXN_4147675,Tea,2,1.5,3.0,Credit Card,In-store,2023-01-04,Wednesday,January
6282,TXN_7560178,Cookie,5,1.0,5.0,Digital Wallet,In-store,2023-08-17,Thursday,August
6283,TXN_4677478,Cake,4,3.0,12.0,UNKNOWN,In-store,2023-07-09,Sunday,July
6284,TXN_3930990,Tea,4,1.5,6.0,Digital Wallet,Takeaway,2023-02-27,Monday,February
6286,TXN_6621596,Salad,2,5.0,10.0,Credit Card,UNKNOWN,2023-09-25,Monday,September
6287,TXN_8076942,Cookie,2,1.0,2.0,Cash,Takeaway,2023-04-29,Saturday,April
6288,TXN_4367689,Cookie,2,1.0,2.0,Cash,UNKNOWN,2023-09-30,Saturday,September
6289,TXN_2941800,Salad,5,5.0,25.0,Cash,UNKNOWN,2023-04-25,Tuesday,April
6290,TXN_7072581,Cookie,2,1.0,2.0,Credit Card,UNKNOWN,2023-08-12,Saturday,August
6291,TXN_7809506,Salad,2,5.0,10.0,UNKNOWN,Takeaway,2023-06-05,Monday,June
6293,TXN_6864420,Cookie,2,1.0,2.0,Credit Card,Takeaway,2023-06-18,Sunday,June
6294,TXN_3109057,Tea,4,1.5,6.0,Cash,UNKNOWN,2023-11-26,Sunday,November
6295,TXN_2257337,Cookie,4,1.0,4.0,Cash,UNKNOWN,2023-07-24,Monday,July
6296,TXN_9417344,Tea,3,1.5,4.5,UNKNOWN,Takeaway,2023-11-09,Thursday,November
6297,TXN_6503884,Juice,1,3.0,3.0,Cash,In-store,2023-05-28,Sunday,May
6299,TXN_2206639,Coffee,4,2.0,8.0,Cash,Takeaway,2023-06-29,Thursday,June
6300,TXN_9337894,Tea,2,1.5,3.0,UNKNOWN,UNKNOWN,2023-12-30,Saturday,December
6301,TXN_7068361,Juice,5,3.0,15.0,Credit Card,UNKNOWN,2023-12-25,Monday,December
6303,TXN_2395608,Tea,3,1.5,4.5,Cash,In-store,2023-03-16,Thursday,March
6304,TXN_5423024,Smoothie,1,4.0,4.0,Digital Wallet,In-store,2023-04-30,Sunday,April
6305,TXN_2802630,Cookie,4,1.0,4.0,UNKNOWN,Takeaway,2023-06-18,Sunday,June
6306,TXN_3134595,Juice,3,3.0,9.0,Credit Card,Takeaway,2023-02-25,Saturday,February
6307,TXN_2251128,Smoothie,3,4.0,12.0,Credit Card,In-store,2023-06-07,Wednesday,June
6308,TXN_4213071,Salad,1,5.0,5.0,UNKNOWN,Takeaway,2023-04-10,Monday,April
6309,TXN_6220280,Tea,1,1.5,1.5,Credit Card,UNKNOWN,2023-02-15,Wednesday,February
6310,TXN_4832163,Cake,4,3.0,12.0,Cash,Takeaway,2023-11-17,Friday,November
6311,TXN_6663451,Cake,1,3.0,3.0,Cash,UNKNOWN,2023-08-05,Saturday,August
6312,TXN_1443928,Cake,4,3.0,12.0,Cash,Takeaway,2023-12-03,Sunday,December
6313,TXN_1670597,Coffee,2,2.0,4.0,Cash,Takeaway,2023-05-21,Sunday,May
6314,TXN_3854210,Smoothie,1,4.0,4.0,Cash,UNKNOWN,2023-12-30,Saturday,December
6315,TXN_2165745,Coffee,4,2.0,8.0,Credit Card,In-store,2023-01-31,Tuesday,January
6316,TXN_3082888,Tea,1,1.5,1.5,Cash,In-store,2023-09-20,Wednesday,September
6317,TXN_2294397,Coffee,5,2.0,10.0,Digital Wallet,In-store,2023-02-25,Saturday,February
6318,TXN_4160784,Cookie,5,1.0,5.0,UNKNOWN,In-store,2023-05-20,Saturday,May
6319,TXN_7248594,Coffee,3,2.0,6.0,Credit Card,In-store,2023-03-26,Sunday,March
6320,TXN_5031020,Coffee,5,2.0,10.0,UNKNOWN,UNKNOWN,2023-11-25,Saturday,November
6321,TXN_3059966,Smoothie,1,4.0,4.0,Digital Wallet,In-store,2023-12-24,Sunday,December
6322,TXN_9287780,Smoothie,2,4.0,8.0,Cash,In-store,2023-09-02,Saturday,September
6323,TXN_1022220,Juice,3,3.0,9.0,UNKNOWN,Takeaway,2023-08-03,Thursday,August
6324,TXN_7144740,Cake,4,3.0,12.0,UNKNOWN,UNKNOWN,2023-07-24,Monday,July
6325,TXN_7666945,Tea,5,1.5,7.5,UNKNOWN,UNKNOWN,2023-07-07,Friday,July
6326,TXN_7880000,Salad,3,5.0,15.0,Credit Card,In-store,2023-01-28,Saturday,January
6327,TXN_4900574,Juice,3,3.0,9.0,UNKNOWN,UNKNOWN,2023-05-06,Saturday,May
6328,TXN_7838576,Coffee,3,2.0,6.0,UNKNOWN,In-store,2023-11-11,Saturday,November
6329,TXN_1419188,Cake,5,3.0,15.0,Credit Card,UNKNOWN,2023-11-26,Sunday,November
6331,TXN_2964794,Cake,2,3.0,6.0,UNKNOWN,Takeaway,2023-03-09,Thursday,March
6332,TXN_3936162,Cookie,1,1.0,1.0,UNKNOWN,UNKNOWN,2023-02-26,Sunday,February
6333,TXN_4432082,Juice,5,3.0,15.0,UNKNOWN,UNKNOWN,2023-04-20,Thursday,April
6334,TXN_9496791,Salad,4,5.0,20.0,Credit Card,In-store,2023-07-19,Wednesday,July
6335,TXN_4194115,Tea,5,1.5,7.5,UNKNOWN,UNKNOWN,2023-08-17,Thursday,August
6336,TXN_7741707,Salad,3,5.0,15.0,UNKNOWN,Takeaway,2023-05-09,Tuesday,May
6338,TXN_4216055,Cookie,5,1.0,5.0,Digital Wallet,UNKNOWN,2023-12-27,Wednesday,December
6339,TXN_2320493,Smoothie,1,4.0,4.0,Digital Wallet,In-store,2023-03-22,Wednesday,March
6340,TXN_4835929,Coffee,2,2.0,4.0,UNKNOWN,In-store,2023-10-03,Tuesday,October
6341,TXN_6755791,Coffee,2,2.0,4.0,Cash,UNKNOWN,2023-04-01,Saturday,April
6342,TXN_9861432,Cookie,2,1.0,2.0,UNKNOWN,Takeaway,2023-12-09,Saturday,December
6343,TXN_8271278,Tea,1,1.5,1.5,UNKNOWN,UNKNOWN,2023-07-01,Saturday,July
6344,TXN_2005032,Cookie,2,1.0,2.0,Digital Wallet,UNKNOWN,2023-11-30,Thursday,November
6346,TXN_9699083,Smoothie,1,4.0,4.0,Cash,In-store,2023-02-12,Sunday,February
6347,TXN_5714767,Salad,4,5.0,20.0,Digital Wallet,Takeaway,2023-03-02,Thursday,March
6348,TXN_5844851,Smoothie,5,4.0,20.0,UNKNOWN,UNKNOWN,2023-02-15,Wednesday,February
6350,TXN_8141558,Cake,5,3.0,15.0,Credit Card,UNKNOWN,2023-12-05,Tuesday,December
6351,TXN_4314314,Cake,4,3.0,12.0,Cash,UNKNOWN,2023-01-02,Monday,January
6352,TXN_4155001,Smoothie,1,4.0,4.0,UNKNOWN,UNKNOWN,2023-11-30,Thursday,November
6353,TXN_1072678,Juice,2,3.0,6.0,Cash,UNKNOWN,2023-05-30,Tuesday,May
6354,TXN_7981162,Cake,3,3.0,9.0,Credit Card,Takeaway,2023-05-30,Tuesday,May
6355,TXN_2316206,Cookie,1,1.0,1.0,Credit Card,In-store,2023-01-23,Monday,January
6356,TXN_7343342,Cookie,2,1.0,2.0,Cash,Takeaway,2023-12-21,Thursday,December
6357,TXN_4573096,Coffee,1,2.0,2.0,Digital Wallet,In-store,2023-08-13,Sunday,August
6359,TXN_6370625,Sandwich,3,4.0,12.0,Credit Card,In-store,2023-08-26,Saturday,August
6360,TXN_7580803,Juice,4,3.0,12.0,Cash,In-store,2023-04-06,Thursday,April
6361,TXN_8306028,Salad,1,5.0,5.0,UNKNOWN,Takeaway,2023-02-27,Monday,February
6362,TXN_7530692,Coffee,1,2.0,2.0,Credit Card,UNKNOWN,2023-06-30,Friday,June
6363,TXN_4383002,Coffee,1,2.0,2.0,UNKNOWN,In-store,2023-12-18,Monday,December
6364,TXN_2939069,Smoothie,5,4.0,20.0,Credit Card,Takeaway,2023-09-06,Wednesday,September
6365,TXN_2301001,Smoothie,1,4.0,4.0,UNKNOWN,Takeaway,2023-01-06,Friday,January
6366,TXN_5009924,Cake,3,3.0,9.0,Digital Wallet,UNKNOWN,2023-09-08,Friday,September
6367,TXN_9988801,Smoothie,5,4.0,20.0,Cash,UNKNOWN,2023-10-20,Friday,October
6369,TXN_8432045,Cake,3,3.0,9.0,Credit Card,UNKNOWN,2023-11-09,Thursday,November
6370,TXN_8127433,Sandwich,3,4.0,12.0,UNKNOWN,Takeaway,2023-07-11,Tuesday,July
6371,TXN_7640914,Salad,1,5.0,5.0,Credit Card,UNKNOWN,2023-02-12,Sunday,February
6372,TXN_4374963,Juice,1,3.0,3.0,Cash,In-store,2023-07-04,Tuesday,July
6373,TXN_3212317,Salad,5,5.0,25.0,UNKNOWN,Takeaway,2023-05-25,Thursday,May
6374,TXN_7744874,Coffee,1,2.0,2.0,Cash,UNKNOWN,2023-06-28,Wednesday,June
6375,TXN_7768350,Cookie,1,1.0,1.0,Cash,In-store,2023-08-19,Saturday,August
6376,TXN_9128859,Coffee,2,2.0,4.0,UNKNOWN,Takeaway,2023-11-28,Tuesday,November
6377,TXN_9375649,Cookie,4,1.0,4.0,UNKNOWN,In-store,2023-03-06,Monday,March
6378,TXN_4401563,Juice,5,3.0,15.0,Digital Wallet,Takeaway,2023-09-20,Wednesday,September
6379,TXN_8502946,Smoothie,3,4.0,12.0,UNKNOWN,In-store,2023-09-15,Friday,September
6380,TXN_8687294,Smoothie,3,4.0,12.0,Credit Card,UNKNOWN,2023-08-01,Tuesday,August
6383,TXN_8443384,Sandwich,5,4.0,20.0,Digital Wallet,In-store,2023-02-13,Monday,February
6384,TXN_5053064,Salad,3,5.0,15.0,UNKNOWN,UNKNOWN,2023-06-19,Monday,June
6385,TXN_7824739,Cookie,3,1.0,3.0,Digital Wallet,UNKNOWN,2023-07-17,Monday,July
6386,TXN_7226406,Cake,1,3.0,3.0,Credit Card,UNKNOWN,2023-02-11,Saturday,February
6387,TXN_9793806,Tea,3,1.5,4.5,Digital Wallet,Takeaway,2023-04-25,Tuesday,April
6388,TXN_8195843,Cookie,4,1.0,4.0,UNKNOWN,UNKNOWN,2023-06-02,Friday,June
6390,TXN_5438652,Sandwich,4,4.0,16.0,Cash,UNKNOWN,2023-03-17,Friday,March
6391,TXN_8385625,Tea,4,1.5,6.0,Digital Wallet,Takeaway,2023-12-23,Saturday,December
6392,TXN_7814715,Cookie,5,1.0,5.0,Cash,UNKNOWN,2023-04-24,Monday,April
6393,TXN_6532452,Smoothie,5,4.0,20.0,Cash,Takeaway,2023-02-24,Friday,February
6394,TXN_9706608,Smoothie,1,4.0,4.0,Cash,UNKNOWN,2023-05-22,Monday,May
6395,TXN_5963749,Cake,1,3.0,3.0,Digital Wallet,In-store,2023-11-04,Saturday,November
6396,TXN_6885218,Salad,1,5.0,5.0,UNKNOWN,In-store,2023-10-23,Monday,October
6397,TXN_3845871,Sandwich,1,4.0,4.0,UNKNOWN,In-store,2023-10-29,Sunday,October
6398,TXN_5767392,Cake,5,3.0,15.0,Credit Card,UNKNOWN,2023-10-24,Tuesday,October
6400,TXN_8685281,Tea,1,1.5,1.5,Digital Wallet,In-store,2023-07-30,Sunday,July
6401,TXN_3205079,Cake,5,3.0,15.0,Credit Card,UNKNOWN,2023-11-07,Tuesday,November
6402,TXN_1523626,Cake,4,3.0,12.0,UNKNOWN,Takeaway,2023-07-21,Friday,July
6403,TXN_8944202,Smoothie,3,4.0,12.0,Credit Card,Takeaway,2023-06-08,Thursday,June
6404,TXN_2402993,Cookie,5,1.0,5.0,Cash,Takeaway,2023-06-11,Sunday,June
6405,TXN_1340358,Sandwich,3,4.0,12.0,Cash,Takeaway,2023-06-09,Friday,June
6406,TXN_6959328,Sandwich,3,4.0,12.0,Credit Card,Takeaway,2023-04-23,Sunday,April
6407,TXN_1613996,Juice,2,3.0,6.0,UNKNOWN,In-store,2023-10-12,Thursday,October
6408,TXN_9285475,Tea,5,1.5,7.5,Digital Wallet,UNKNOWN,2023-11-14,Tuesday,November
6409,TXN_8077929,Tea,3,1.5,4.5,Digital Wallet,Takeaway,2023-08-06,Sunday,August
6411,TXN_9213505,Sandwich,2,4.0,8.0,UNKNOWN,UNKNOWN,2023-11-01,Wednesday,November
6412,TXN_8724602,Juice,4,3.0,12.0,Credit Card,Takeaway,2023-06-26,Monday,June
6413,TXN_9067597,Salad,4,5.0,20.0,Cash,Takeaway,2023-11-02,Thursday,November
6414,TXN_9714116,Sandwich,4,4.0,16.0,UNKNOWN,In-store,2023-11-17,Friday,November
6415,TXN_8987697,Cookie,5,1.0,5.0,Cash,UNKNOWN,2023-12-19,Tuesday,December
6416,TXN_1940778,Tea,2,1.5,3.0,Cash,In-store,2023-02-01,Wednesday,February
6419,TXN_8124795,Salad,5,5.0,25.0,UNKNOWN,In-store,2023-08-11,Friday,August
6420,TXN_7860953,Sandwich,1,4.0,4.0,Digital Wallet,Takeaway,2023-09-10,Sunday,September
6421,TXN_8164119,Tea,3,1.5,4.5,Credit Card,Takeaway,2023-01-07,Saturday,January
6423,TXN_7809290,Cake,1,3.0,3.0,Cash,Takeaway,2023-10-14,Saturday,October
6424,TXN_5332538,Coffee,3,2.0,6.0,UNKNOWN,UNKNOWN,2023-01-15,Sunday,January
6426,TXN_5675095,Sandwich,4,4.0,16.0,Digital Wallet,Takeaway,2023-05-18,Thursday,May
6428,TXN_7931086,Sandwich,3,4.0,12.0,Credit Card,UNKNOWN,2023-06-25,Sunday,June
6431,TXN_9110336,Cookie,5,1.0,5.0,Digital Wallet,UNKNOWN,2023-04-06,Thursday,April
6432,TXN_3901665,Juice,1,3.0,3.0,Credit Card,Takeaway,2023-10-19,Thursday,October
6433,TXN_9211917,Smoothie,4,4.0,16.0,UNKNOWN,In-store,2023-12-17,Sunday,December
6435,TXN_4296023,Tea,5,1.5,7.5,Digital Wallet,In-store,2023-10-08,Sunday,October
6436,TXN_3403409,Cake,2,3.0,6.0,UNKNOWN,UNKNOWN,2023-02-22,Wednesday,February
6437,TXN_1398511,Coffee,5,2.0,10.0,UNKNOWN,Takeaway,2023-12-19,Tuesday,December
6438,TXN_4350854,Cookie,2,1.0,2.0,Cash,In-store,2023-01-31,Tuesday,January
6439,TXN_1867158,Cookie,4,1.0,4.0,Digital Wallet,Takeaway,2023-05-16,Tuesday,May
6440,TXN_2662711,Juice,1,3.0,3.0,UNKNOWN,UNKNOWN,2023-11-02,Thursday,November
6441,TXN_4439660,Coffee,3,2.0,6.0,UNKNOWN,UNKNOWN,2023-02-06,Monday,February
6442,TXN_9417252,Sandwich,2,4.0,8.0,Credit Card,UNKNOWN,2023-08-17,Thursday,August
6444,TXN_8453282,Cookie,3,1.0,3.0,Cash,UNKNOWN,2023-03-08,Wednesday,March
6445,TXN_5921766,Smoothie,3,4.0,12.0,UNKNOWN,In-store,2023-11-06,Monday,November
6446,TXN_7688029,Cake,5,3.0,15.0,Credit Card,In-store,2023-05-30,Tuesday,May
6448,TXN_3420633,Salad,4,5.0,20.0,Digital Wallet,Takeaway,2023-04-11,Tuesday,April
6449,TXN_3431892,Cake,2,3.0,6.0,UNKNOWN,In-store,2023-07-18,Tuesday,July
6450,TXN_5220527,Cookie,4,1.0,4.0,Digital Wallet,Takeaway,2023-08-06,Sunday,August
6451,TXN_1205773,Salad,5,5.0,25.0,Cash,UNKNOWN,2023-01-27,Friday,January
6452,TXN_3061405,Smoothie,5,4.0,20.0,UNKNOWN,Takeaway,2023-12-01,Friday,December
6453,TXN_8696857,Coffee,1,2.0,2.0,Digital Wallet,Takeaway,2023-10-01,Sunday,October
6454,TXN_9668265,Cookie,3,1.0,3.0,Credit Card,UNKNOWN,2023-06-20,Tuesday,June
6456,TXN_7463102,Smoothie,5,4.0,20.0,Cash,Takeaway,2023-11-27,Monday,November
6458,TXN_4547294,Tea,1,1.5,1.5,UNKNOWN,UNKNOWN,2023-09-30,Saturday,September
6459,TXN_8430882,Sandwich,2,4.0,8.0,Digital Wallet,Takeaway,2023-06-17,Saturday,June
6460,TXN_9114647,Salad,5,5.0,25.0,Digital Wallet,In-store,2023-11-19,Sunday,November
6462,TXN_5413433,Juice,4,3.0,12.0,Digital Wallet,In-store,2023-06-03,Saturday,June
6463,TXN_9388222,Cookie,1,1.0,1.0,Digital Wallet,In-store,2023-04-21,Friday,April
6464,TXN_6618750,Smoothie,5,4.0,20.0,Credit Card,UNKNOWN,2023-03-07,Tuesday,March
6465,TXN_6712087,Cake,2,3.0,6.0,UNKNOWN,In-store,2023-06-06,Tuesday,June
6466,TXN_1862184,Coffee,4,2.0,8.0,UNKNOWN,In-store,2023-01-21,Saturday,January
6467,TXN_6149800,Sandwich,4,4.0,16.0,Digital Wallet,UNKNOWN,2023-05-05,Friday,May
6468,TXN_6433525,Smoothie,2,4.0,8.0,UNKNOWN,UNKNOWN,2023-09-02,Saturday,September
6469,TXN_2642834,Salad,2,5.0,10.0,Cash,UNKNOWN,2023-11-13,Monday,November
6470,TXN_6745398,Tea,4,1.5,6.0,UNKNOWN,UNKNOWN,2023-02-28,Tuesday,February
6471,TXN_5660949,Cookie,3,1.0,3.0,Credit Card,In-store,2023-01-10,Tuesday,January
6472,TXN_9540340,Sandwich,2,4.0,8.0,Cash,UNKNOWN,2023-11-15,Wednesday,November
6474,TXN_4118960,Smoothie,5,4.0,20.0,Credit Card,Takeaway,2023-09-24,Sunday,September
6475,TXN_2265543,Salad,3,5.0,15.0,UNKNOWN,Takeaway,2023-02-19,Sunday,February
6476,TXN_7360979,Sandwich,1,4.0,4.0,UNKNOWN,In-store,2023-08-16,Wednesday,August
6477,TXN_1849597,Sandwich,2,4.0,8.0,Cash,UNKNOWN,2023-11-01,Wednesday,November
6478,TXN_3214521,Tea,4,1.5,6.0,UNKNOWN,UNKNOWN,2023-06-30,Friday,June
6479,TXN_5107249,Smoothie,4,4.0,16.0,Cash,UNKNOWN,2023-03-20,Monday,March
6481,TXN_3228646,Cookie,5,1.0,5.0,Credit Card,UNKNOWN,2023-09-19,Tuesday,September
6483,TXN_3717422,Salad,2,5.0,10.0,Cash,UNKNOWN,2023-06-15,Thursday,June
6484,TXN_5350735,Tea,2,1.5,3.0,Cash,UNKNOWN,2023-04-08,Saturday,April
6485,TXN_1128577,Sandwich,1,4.0,4.0,Digital Wallet,In-store,2023-11-23,Thursday,November
6486,TXN_6533267,Tea,3,1.5,4.5,Cash,In-store,2023-07-14,Friday,July
6487,TXN_1413310,Smoothie,3,4.0,12.0,UNKNOWN,Takeaway,2023-04-06,Thursday,April
6491,TXN_5087453,Tea,3,1.5,4.5,Cash,Takeaway,2023-04-09,Sunday,April
6494,TXN_4001774,Tea,5,1.5,7.5,UNKNOWN,Takeaway,2023-02-10,Friday,February
6495,TXN_9627891,Coffee,2,2.0,4.0,Credit Card,In-store,2023-01-09,Monday,January
6496,TXN_5584275,Smoothie,1,4.0,4.0,Credit Card,In-store,2023-07-10,Monday,July
6497,TXN_1873800,Smoothie,3,4.0,12.0,UNKNOWN,In-store,2023-02-01,Wednesday,February
6498,TXN_3602823,Coffee,4,2.0,8.0,UNKNOWN,UNKNOWN,2023-08-26,Saturday,August
6499,TXN_5528426,Smoothie,4,4.0,16.0,Cash,Takeaway,2023-06-01,Thursday,June
6501,TXN_4432546,Coffee,2,2.0,4.0,Digital Wallet,UNKNOWN,2023-11-29,Wednesday,November
6502,TXN_6372031,Juice,3,3.0,9.0,Digital Wallet,In-store,2023-08-11,Friday,August
6503,TXN_6874059,Salad,4,5.0,20.0,UNKNOWN,Takeaway,2023-01-12,Thursday,January
6504,TXN_3843111,Smoothie,2,4.0,8.0,UNKNOWN,UNKNOWN,2023-09-15,Friday,September
6505,TXN_8916446,Cookie,2,1.0,2.0,Cash,UNKNOWN,2023-07-19,Wednesday,July
6506,TXN_1823906,Salad,3,5.0,15.0,Digital Wallet,In-store,2023-06-26,Monday,June
6509,TXN_7484638,Sandwich,3,4.0,12.0,Digital Wallet,In-store,2023-10-17,Tuesday,October
6511,TXN_1610137,Coffee,3,2.0,6.0,Cash,Takeaway,2023-04-02,Sunday,April
6512,TXN_9094628,Coffee,2,2.0,4.0,UNKNOWN,In-store,2023-02-13,Monday,February
6513,TXN_2262195,Smoothie,3,4.0,12.0,Cash,UNKNOWN,2023-10-13,Friday,October
6514,TXN_8047234,Juice,3,3.0,9.0,Credit Card,UNKNOWN,2023-08-29,Tuesday,August
6515,TXN_7108012,Tea,1,1.5,1.5,Digital Wallet,Takeaway,2023-12-31,Sunday,December
6516,TXN_3272946,Salad,3,5.0,15.0,Credit Card,In-store,2023-09-06,Wednesday,September
6517,TXN_6896663,Cake,3,3.0,9.0,UNKNOWN,In-store,2023-05-16,Tuesday,May
6518,TXN_7308096,Tea,2,1.5,3.0,Cash,Takeaway,2023-08-13,Sunday,August
6519,TXN_3607778,Smoothie,2,4.0,8.0,Cash,UNKNOWN,2023-11-20,Monday,November
6520,TXN_7105069,Coffee,1,2.0,2.0,Cash,Takeaway,2023-12-06,Wednesday,December
6521,TXN_7461544,Cookie,4,1.0,4.0,Credit Card,UNKNOWN,2023-08-22,Tuesday,August
6522,TXN_5853281,Coffee,4,2.0,8.0,UNKNOWN,UNKNOWN,2023-08-29,Tuesday,August
6523,TXN_5488764,Coffee,4,2.0,8.0,Digital Wallet,Takeaway,2023-06-30,Friday,June
6524,TXN_4268746,Cake,5,3.0,15.0,Credit Card,In-store,2023-01-12,Thursday,January
6525,TXN_1767872,Salad,2,5.0,10.0,Credit Card,In-store,2023-01-05,Thursday,January
6526,TXN_9684822,Juice,1,3.0,3.0,UNKNOWN,UNKNOWN,2023-11-18,Saturday,November
6527,TXN_7208983,Salad,1,5.0,5.0,Digital Wallet,In-store,2023-09-28,Thursday,September
6528,TXN_8704128,Juice,5,3.0,15.0,UNKNOWN,UNKNOWN,2023-02-25,Saturday,February
6529,TXN_7971660,Cookie,3,1.0,3.0,Cash,Takeaway,2023-10-02,Monday,October
6530,TXN_6179190,Coffee,1,2.0,2.0,UNKNOWN,Takeaway,2023-07-23,Sunday,July
6531,TXN_9271577,Cake,2,3.0,6.0,Credit Card,In-store,2023-04-13,Thursday,April
6533,TXN_6440555,Smoothie,1,4.0,4.0,Cash,In-store,2023-07-11,Tuesday,July
6536,TXN_9839214,Juice,1,3.0,3.0,Digital Wallet,UNKNOWN,2023-12-25,Monday,December
6537,TXN_7368194,Smoothie,2,4.0,8.0,Credit Card,In-store,2023-10-29,Sunday,October
6538,TXN_1328230,Sandwich,5,4.0,20.0,Cash,UNKNOWN,2023-02-03,Friday,February
6539,TXN_9789310,Sandwich,4,4.0,16.0,Credit Card,In-store,2023-05-09,Tuesday,May
6540,TXN_6425706,Juice,1,3.0,3.0,UNKNOWN,Takeaway,2023-12-09,Saturday,December
6541,TXN_5996973,Sandwich,5,4.0,20.0,UNKNOWN,In-store,2023-05-02,Tuesday,May
6542,TXN_2561970,Sandwich,3,4.0,12.0,UNKNOWN,In-store,2023-03-16,Thursday,March
6543,TXN_7137256,Sandwich,2,4.0,8.0,Cash,UNKNOWN,2023-06-22,Thursday,June
6544,TXN_5926982,Coffee,4,2.0,8.0,UNKNOWN,Takeaway,2023-05-16,Tuesday,May
6545,TXN_3398611,Sandwich,5,4.0,20.0,Cash,UNKNOWN,2023-10-01,Sunday,October
6546,TXN_4539758,Sandwich,3,4.0,12.0,UNKNOWN,In-store,2023-06-01,Thursday,June
6547,TXN_6259087,Sandwich,2,4.0,8.0,Digital Wallet,In-store,2023-12-27,Wednesday,December
6549,TXN_2987590,Sandwich,5,4.0,20.0,UNKNOWN,In-store,2023-02-17,Friday,February
6550,TXN_6687029,Sandwich,2,4.0,8.0,Credit Card,In-store,2023-08-23,Wednesday,August
6551,TXN_1199898,Smoothie,1,4.0,4.0,Credit Card,UNKNOWN,2023-10-26,Thursday,October
6552,TXN_4787990,Cookie,3,1.0,3.0,Digital Wallet,UNKNOWN,2023-02-04,Saturday,February
6553,TXN_9606045,Tea,2,1.5,3.0,Digital Wallet,UNKNOWN,2023-10-14,Saturday,October
6554,TXN_1569248,Tea,1,1.5,1.5,Credit Card,UNKNOWN,2023-11-14,Tuesday,November
6555,TXN_1151605,Coffee,1,2.0,2.0,Digital Wallet,Takeaway,2023-05-02,Tuesday,May
6556,TXN_4602430,Sandwich,3,4.0,12.0,Credit Card,In-store,2023-01-31,Tuesday,January
6557,TXN_3232043,Tea,2,1.5,3.0,UNKNOWN,In-store,2023-07-05,Wednesday,July
6558,TXN_3251340,Salad,4,5.0,20.0,UNKNOWN,In-store,2023-06-18,Sunday,June
6559,TXN_7412782,Cookie,2,1.0,2.0,Digital Wallet,Takeaway,2023-03-28,Tuesday,March
6560,TXN_5663260,Sandwich,4,4.0,16.0,Digital Wallet,UNKNOWN,2023-10-08,Sunday,October
6561,TXN_5570967,Coffee,1,2.0,2.0,Credit Card,In-store,2023-12-12,Tuesday,December
6562,TXN_8271541,Smoothie,2,4.0,8.0,UNKNOWN,UNKNOWN,2023-09-07,Thursday,September
6564,TXN_2564718,Salad,5,5.0,25.0,UNKNOWN,Takeaway,2023-10-10,Tuesday,October
6566,TXN_6533450,Smoothie,1,4.0,4.0,UNKNOWN,In-store,2023-11-22,Wednesday,November
6567,TXN_8046891,Coffee,1,2.0,2.0,Credit Card,Takeaway,2023-02-24,Friday,February
6568,TXN_7770487,Smoothie,1,4.0,4.0,Cash,In-store,2023-08-09,Wednesday,August
6569,TXN_2279313,Cookie,2,1.0,2.0,Digital Wallet,In-store,2023-08-23,Wednesday,August
6570,TXN_9943050,Tea,1,1.5,1.5,Digital Wallet,Takeaway,2023-05-16,Tuesday,May
6571,TXN_2694605,Cookie,2,1.0,2.0,Credit Card,Takeaway,2023-11-09,Thursday,November
6572,TXN_2161957,Cookie,2,1.0,2.0,UNKNOWN,Takeaway,2023-05-19,Friday,May
6573,TXN_3647474,Coffee,4,2.0,8.0,UNKNOWN,Takeaway,2023-05-05,Friday,May
6575,TXN_7868470,Juice,3,3.0,9.0,Digital Wallet,UNKNOWN,2023-04-14,Friday,April
6576,TXN_1927704,Salad,2,5.0,10.0,Digital Wallet,In-store,2023-01-05,Thursday,January
6577,TXN_4819416,Salad,3,5.0,15.0,UNKNOWN,UNKNOWN,2023-06-01,Thursday,June
6578,TXN_8076152,Tea,4,1.5,6.0,Digital Wallet,UNKNOWN,2023-12-18,Monday,December
6581,TXN_1929398,Sandwich,1,4.0,4.0,Digital Wallet,In-store,2023-02-23,Thursday,February
6582,TXN_2131494,Salad,2,5.0,10.0,Cash,UNKNOWN,2023-02-27,Monday,February
6583,TXN_3093284,Coffee,4,2.0,8.0,Digital Wallet,In-store,2023-01-01,Sunday,January
6584,TXN_3679245,Smoothie,4,4.0,16.0,UNKNOWN,In-store,2023-09-16,Saturday,September
6585,TXN_2276426,Juice,5,3.0,15.0,Credit Card,In-store,2023-10-21,Saturday,October
6586,TXN_9608095,Coffee,1,2.0,2.0,Credit Card,In-store,2023-12-07,Thursday,December
6587,TXN_9587704,Juice,5,3.0,15.0,Cash,Takeaway,2023-07-29,Saturday,July
6589,TXN_2372348,Cake,2,3.0,6.0,Digital Wallet,Takeaway,2023-01-05,Thursday,January
6591,TXN_3386311,Juice,1,3.0,3.0,Cash,In-store,2023-11-30,Thursday,November
6593,TXN_4112230,Smoothie,5,4.0,20.0,UNKNOWN,Takeaway,2023-11-19,Sunday,November
6594,TXN_1675510,Sandwich,3,4.0,12.0,UNKNOWN,UNKNOWN,2023-09-09,Saturday,September
6596,TXN_4187673,Juice,2,3.0,6.0,Digital Wallet,UNKNOWN,2023-04-02,Sunday,April
6597,TXN_3017494,Tea,1,1.5,1.5,UNKNOWN,Takeaway,2023-11-21,Tuesday,November
6599,TXN_5729112,Coffee,1,2.0,2.0,Credit Card,UNKNOWN,2023-06-30,Friday,June
6600,TXN_4613595,Salad,3,5.0,15.0,Credit Card,Takeaway,2023-07-07,Friday,July
6601,TXN_4152991,Sandwich,5,4.0,20.0,Digital Wallet,Takeaway,2023-12-17,Sunday,December
6602,TXN_1196324,Tea,4,1.5,6.0,Credit Card,In-store,2023-09-26,Tuesday,September
6603,TXN_5944318,Cookie,1,1.0,1.0,Cash,UNKNOWN,2023-01-23,Monday,January
6604,TXN_5148823,Juice,1,3.0,3.0,Digital Wallet,UNKNOWN,2023-03-27,Monday,March
6606,TXN_7312736,Cookie,2,1.0,2.0,Digital Wallet,UNKNOWN,2023-12-02,Saturday,December
6607,TXN_5775717,Tea,3,1.5,4.5,UNKNOWN,Takeaway,2023-08-02,Wednesday,August
6608,TXN_4442095,Salad,4,5.0,20.0,Digital Wallet,UNKNOWN,2023-02-18,Saturday,February
6609,TXN_6621007,Cake,2,3.0,6.0,Digital Wallet,Takeaway,2023-03-05,Sunday,March
6610,TXN_6740691,Tea,1,1.5,1.5,Cash,UNKNOWN,2023-07-06,Thursday,July
6612,TXN_4359568,Coffee,3,2.0,6.0,UNKNOWN,UNKNOWN,2023-12-21,Thursday,December
6613,TXN_3941164,Coffee,4,2.0,8.0,UNKNOWN,UNKNOWN,2023-04-16,Sunday,April
6614,TXN_5244931,Coffee,1,2.0,2.0,UNKNOWN,UNKNOWN,2023-09-30,Saturday,September
6615,TXN_8181326,Tea,5,1.5,7.5,Cash,UNKNOWN,2023-02-28,Tuesday,February
6616,TXN_8912589,Smoothie,3,4.0,12.0,Cash,UNKNOWN,2023-10-19,Thursday,October
6617,TXN_1234390,Cake,2,3.0,6.0,Digital Wallet,Takeaway,2023-06-02,Friday,June
6618,TXN_5336437,Tea,5,1.5,7.5,Credit Card,UNKNOWN,2023-05-07,Sunday,May
6619,TXN_6271633,Juice,2,3.0,6.0,Digital Wallet,In-store,2023-03-07,Tuesday,March
6620,TXN_4805204,Tea,5,1.5,7.5,Digital Wallet,In-store,2023-04-25,Tuesday,April
6621,TXN_3094786,Sandwich,4,4.0,16.0,Credit Card,Takeaway,2023-01-16,Monday,January
6623,TXN_4807049,Cookie,1,1.0,1.0,Credit Card,UNKNOWN,2023-06-07,Wednesday,June
6624,TXN_1840584,Cake,5,3.0,15.0,Digital Wallet,UNKNOWN,2023-05-28,Sunday,May
6625,TXN_8030379,Salad,4,5.0,20.0,Cash,In-store,2023-07-21,Friday,July
6626,TXN_7746634,Cake,5,3.0,15.0,Digital Wallet,In-store,2023-07-04,Tuesday,July
6627,TXN_2361290,Salad,4,5.0,20.0,Cash,UNKNOWN,2023-07-16,Sunday,July
6629,TXN_3654299,Coffee,1,2.0,2.0,Cash,Takeaway,2023-09-19,Tuesday,September
6631,TXN_8659963,Cake,4,3.0,12.0,Cash,Takeaway,2023-01-21,Saturday,January
6632,TXN_3676131,Coffee,3,2.0,6.0,UNKNOWN,UNKNOWN,2023-09-11,Monday,September
6633,TXN_2935758,Smoothie,1,4.0,4.0,Credit Card,In-store,2023-09-03,Sunday,September
6634,TXN_1711730,Juice,5,3.0,15.0,UNKNOWN,Takeaway,2023-06-01,Thursday,June
6636,TXN_5360210,Tea,5,1.5,7.5,Cash,Takeaway,2023-06-29,Thursday,June
6637,TXN_7970325,Cake,2,3.0,6.0,UNKNOWN,Takeaway,2023-03-13,Monday,March
6638,TXN_8521037,Sandwich,1,4.0,4.0,UNKNOWN,In-store,2023-11-21,Tuesday,November
6639,TXN_5473680,Coffee,3,2.0,6.0,Credit Card,Takeaway,2023-12-24,Sunday,December
6642,TXN_6677631,Tea,5,1.5,7.5,Digital Wallet,In-store,2023-12-14,Thursday,December
6643,TXN_9775900,Juice,4,3.0,12.0,Digital Wallet,In-store,2023-08-29,Tuesday,August
6645,TXN_2408143,Coffee,2,2.0,4.0,Digital Wallet,UNKNOWN,2023-11-15,Wednesday,November
6646,TXN_6383779,Coffee,1,2.0,2.0,UNKNOWN,UNKNOWN,2023-11-29,Wednesday,November
6647,TXN_1342359,Cake,4,3.0,12.0,Cash,Takeaway,2023-07-14,Friday,July
6648,TXN_6975499,Coffee,1,2.0,2.0,Digital Wallet,In-store,2023-07-03,Monday,July
6649,TXN_9861083,Sandwich,5,4.0,20.0,Credit Card,In-store,2023-01-21,Saturday,January
6651,TXN_3762778,Coffee,5,2.0,10.0,UNKNOWN,UNKNOWN,2023-06-14,Wednesday,June
6652,TXN_4548698,Salad,2,5.0,10.0,Cash,Takeaway,2023-03-04,Saturday,March
6653,TXN_8735820,Tea,2,1.5,3.0,Credit Card,Takeaway,2023-12-08,Friday,December
6654,TXN_8803798,Smoothie,4,4.0,16.0,UNKNOWN,UNKNOWN,2023-07-14,Friday,July
6655,TXN_1950008,Smoothie,4,4.0,16.0,Digital Wallet,In-store,2023-07-24,Monday,July
6656,TXN_3894173,Sandwich,5,4.0,20.0,Digital Wallet,Takeaway,2023-10-07,Saturday,October
6660,TXN_2394502,Cookie,4,1.0,4.0,Digital Wallet,In-store,2023-12-22,Friday,December
6662,TXN_5929797,Sandwich,1,4.0,4.0,Credit Card,In-store,2023-05-12,Friday,May
6663,TXN_1228927,Tea,2,1.5,3.0,Credit Card,UNKNOWN,2023-11-28,Tuesday,November
6664,TXN_6486912,Tea,2,1.5,3.0,UNKNOWN,UNKNOWN,2023-05-10,Wednesday,May
6665,TXN_3447069,Juice,2,3.0,6.0,Credit Card,UNKNOWN,2023-03-11,Saturday,March
6666,TXN_8219298,Juice,5,3.0,15.0,Credit Card,UNKNOWN,2023-09-01,Friday,September
6668,TXN_6376329,Cake,1,3.0,3.0,UNKNOWN,Takeaway,2023-03-30,Thursday,March
6669,TXN_1897783,Smoothie,3,4.0,12.0,Cash,UNKNOWN,2023-02-02,Thursday,February
6670,TXN_4831525,Cookie,3,1.0,3.0,UNKNOWN,UNKNOWN,2023-08-05,Saturday,August
6671,TXN_2767034,Salad,4,5.0,20.0,Cash,UNKNOWN,2023-08-12,Saturday,August
6672,TXN_9365766,Cake,4,3.0,12.0,Digital Wallet,In-store,2023-02-13,Monday,February
6673,TXN_5680396,Sandwich,2,4.0,8.0,Digital Wallet,UNKNOWN,2023-12-21,Thursday,December
6675,TXN_6205234,Cake,5,3.0,15.0,Digital Wallet,UNKNOWN,2023-04-09,Sunday,April
6676,TXN_4489757,Smoothie,5,4.0,20.0,Credit Card,UNKNOWN,2023-05-03,Wednesday,May
6677,TXN_8362750,Salad,4,5.0,20.0,UNKNOWN,In-store,2023-04-01,Saturday,April
6678,TXN_2422584,Tea,1,1.5,1.5,Cash,In-store,2023-11-28,Tuesday,November
6679,TXN_3966911,Tea,3,1.5,4.5,Credit Card,UNKNOWN,2023-07-16,Sunday,July
6680,TXN_6880338,Cake,3,3.0,9.0,Digital Wallet,Takeaway,2023-11-06,Monday,November
6681,TXN_9362958,Juice,1,3.0,3.0,Cash,In-store,2023-07-19,Wednesday,July
6682,TXN_6815741,Smoothie,2,4.0,8.0,UNKNOWN,UNKNOWN,2023-03-13,Monday,March
6683,TXN_4032956,Coffee,5,2.0,10.0,Credit Card,UNKNOWN,2023-03-15,Wednesday,March
6684,TXN_7894069,Juice,2,3.0,6.0,Digital Wallet,In-store,2023-11-20,Monday,November
6685,TXN_5296578,Coffee,1,2.0,2.0,Credit Card,Takeaway,2023-04-15,Saturday,April
6686,TXN_2522047,Salad,1,5.0,5.0,UNKNOWN,Takeaway,2023-12-05,Tuesday,December
6687,TXN_8211303,Salad,5,5.0,25.0,UNKNOWN,UNKNOWN,2023-08-26,Saturday,August
6688,TXN_8472252,Smoothie,1,4.0,4.0,UNKNOWN,UNKNOWN,2023-02-04,Saturday,February
6689,TXN_2435025,Juice,1,3.0,3.0,Cash,In-store,2023-10-08,Sunday,October
6690,TXN_5179156,Coffee,5,2.0,10.0,UNKNOWN,In-store,2023-10-25,Wednesday,October
6691,TXN_4197090,Juice,3,3.0,9.0,Credit Card,Takeaway,2023-11-17,Friday,November
6694,TXN_1777171,Coffee,2,2.0,4.0,UNKNOWN,In-store,2023-08-17,Thursday,August
6695,TXN_5706734,Juice,1,3.0,3.0,Cash,UNKNOWN,2023-09-09,Saturday,September
6696,TXN_6228847,Smoothie,3,4.0,12.0,Cash,UNKNOWN,2023-01-13,Friday,January
6697,TXN_6479368,Smoothie,2,4.0,8.0,Credit Card,Takeaway,2023-09-08,Friday,September
6698,TXN_6991528,Cookie,3,1.0,3.0,Digital Wallet,Takeaway,2023-08-17,Thursday,August
6699,TXN_2154866,Tea,2,1.5,3.0,Credit Card,Takeaway,2023-08-11,Friday,August
6700,TXN_1333524,Cake,2,3.0,6.0,Credit Card,UNKNOWN,2023-05-05,Friday,May
6702,TXN_8903514,Salad,4,5.0,20.0,UNKNOWN,Takeaway,2023-09-14,Thursday,September
6703,TXN_5762828,Tea,2,1.5,3.0,Digital Wallet,UNKNOWN,2023-03-23,Thursday,March
6704,TXN_2099497,Juice,1,3.0,3.0,UNKNOWN,Takeaway,2023-02-27,Monday,February
6705,TXN_5679935,Coffee,2,2.0,4.0,Credit Card,UNKNOWN,2023-07-19,Wednesday,July
6706,TXN_5236861,Coffee,4,2.0,8.0,Cash,Takeaway,2023-10-27,Friday,October
6707,TXN_9433035,Sandwich,1,4.0,4.0,Cash,In-store,2023-03-26,Sunday,March
6708,TXN_4239051,Juice,2,3.0,6.0,Cash,UNKNOWN,2023-09-30,Saturday,September
6709,TXN_2970600,Salad,1,5.0,5.0,Credit Card,In-store,2023-08-18,Friday,August
6710,TXN_6226412,Juice,3,3.0,9.0,UNKNOWN,Takeaway,2023-03-20,Monday,March
6713,TXN_2571835,Salad,3,5.0,15.0,UNKNOWN,In-store,2023-03-03,Friday,March
6715,TXN_3984842,Tea,4,1.5,6.0,Credit Card,Takeaway,2023-03-22,Wednesday,March
6716,TXN_1191068,Salad,1,5.0,5.0,UNKNOWN,UNKNOWN,2023-05-19,Friday,May
6717,TXN_9154713,Coffee,4,2.0,8.0,Credit Card,In-store,2023-03-13,Monday,March
6718,TXN_2897727,Smoothie,5,4.0,20.0,Credit Card,Takeaway,2023-02-15,Wednesday,February
6719,TXN_3801179,Juice,2,3.0,6.0,Cash,In-store,2023-12-07,Thursday,December
6720,TXN_7116267,Smoothie,4,4.0,16.0,UNKNOWN,UNKNOWN,2023-07-29,Saturday,July
6721,TXN_9878237,Cake,1,3.0,3.0,Credit Card,UNKNOWN,2023-10-06,Friday,October
6722,TXN_2153838,Tea,4,1.5,6.0,Digital Wallet,In-store,2023-12-19,Tuesday,December
6723,TXN_7835785,Salad,1,5.0,5.0,Cash,In-store,2023-10-12,Thursday,October
6724,TXN_5335079,Cake,1,3.0,3.0,Cash,In-store,2023-02-20,Monday,February
6726,TXN_2174821,Coffee,1,2.0,2.0,UNKNOWN,UNKNOWN,2023-11-08,Wednesday,November
6727,TXN_5951573,Salad,3,5.0,15.0,Cash,UNKNOWN,2023-12-22,Friday,December
6728,TXN_4612146,Cake,3,3.0,9.0,Cash,UNKNOWN,2023-12-31,Sunday,December
6729,TXN_7954368,Cake,3,3.0,9.0,Credit Card,UNKNOWN,2023-10-06,Friday,October
6730,TXN_7898391,Salad,4,5.0,20.0,Credit Card,UNKNOWN,2023-02-26,Sunday,February
6731,TXN_5746800,Coffee,4,2.0,8.0,Credit Card,Takeaway,2023-07-04,Tuesday,July
6732,TXN_4630658,Smoothie,1,4.0,4.0,Cash,Takeaway,2023-07-10,Monday,July
6733,TXN_6096492,Sandwich,5,4.0,20.0,UNKNOWN,Takeaway,2023-12-23,Saturday,December
6734,TXN_8918905,Cookie,5,1.0,5.0,Digital Wallet,In-store,2023-06-05,Monday,June
6735,TXN_5906365,Cookie,1,1.0,1.0,UNKNOWN,UNKNOWN,2023-03-13,Monday,March
6736,TXN_3956062,Coffee,3,2.0,6.0,UNKNOWN,Takeaway,2023-06-04,Sunday,June
6737,TXN_6610487,Coffee,5,2.0,10.0,Digital Wallet,Takeaway,2023-09-18,Monday,September
6739,TXN_7821658,Coffee,5,2.0,10.0,UNKNOWN,In-store,2023-09-03,Sunday,September
6740,TXN_6396940,Cookie,2,1.0,2.0,Credit Card,Takeaway,2023-02-26,Sunday,February
6741,TXN_2556368,Smoothie,1,4.0,4.0,Digital Wallet,UNKNOWN,2023-10-26,Thursday,October
6742,TXN_7655838,Juice,3,3.0,9.0,Digital Wallet,UNKNOWN,2023-01-22,Sunday,January
6744,TXN_2807590,Smoothie,4,4.0,16.0,Cash,Takeaway,2023-09-05,Tuesday,September
6745,TXN_7252860,Cookie,3,1.0,3.0,Digital Wallet,Takeaway,2023-06-18,Sunday,June
6746,TXN_5381129,Cookie,5,1.0,5.0,UNKNOWN,UNKNOWN,2023-04-20,Thursday,April
6747,TXN_1474329,Smoothie,2,4.0,8.0,Digital Wallet,Takeaway,2023-03-02,Thursday,March
6748,TXN_5935394,Coffee,4,2.0,8.0,Digital Wallet,UNKNOWN,2023-04-16,Sunday,April
6749,TXN_1488458,Coffee,4,2.0,8.0,UNKNOWN,UNKNOWN,2023-08-21,Monday,August
6750,TXN_7964661,Cake,3,3.0,9.0,Cash,UNKNOWN,2023-04-01,Saturday,April
6751,TXN_2798736,Sandwich,2,4.0,8.0,Digital Wallet,In-store,2023-01-15,Sunday,January
6752,TXN_5007051,Salad,2,5.0,10.0,Digital Wallet,UNKNOWN,2023-12-26,Tuesday,December
6753,TXN_2325141,Tea,3,1.5,4.5,Digital Wallet,UNKNOWN,2023-08-26,Saturday,August
6754,TXN_1489194,Coffee,3,2.0,6.0,Digital Wallet,Takeaway,2023-07-18,Tuesday,July
6755,TXN_9531201,Sandwich,2,4.0,8.0,UNKNOWN,UNKNOWN,2023-05-28,Sunday,May
6756,TXN_7627772,Sandwich,4,4.0,16.0,Credit Card,Takeaway,2023-10-22,Sunday,October
6757,TXN_4349970,Cookie,5,1.0,5.0,UNKNOWN,In-store,2023-05-25,Thursday,May
6758,TXN_3936883,Coffee,2,2.0,4.0,Digital Wallet,In-store,2023-09-08,Friday,September
6759,TXN_1817275,Salad,2,5.0,10.0,Cash,In-store,2023-09-02,Saturday,September
6760,TXN_8018272,Smoothie,4,4.0,16.0,UNKNOWN,UNKNOWN,2023-03-01,Wednesday,March
6761,TXN_3617989,Sandwich,3,4.0,12.0,Credit Card,Takeaway,2023-09-29,Friday,September
6762,TXN_1566564,Cookie,3,1.0,3.0,Credit Card,Takeaway,2023-09-08,Friday,September
6763,TXN_5170047,Salad,4,5.0,20.0,Cash,UNKNOWN,2023-12-15,Friday,December
6764,TXN_6513163,Cake,2,3.0,6.0,Digital Wallet,Takeaway,2023-04-01,Saturday,April
6765,TXN_7014478,Smoothie,5,4.0,20.0,Cash,UNKNOWN,2023-04-26,Wednesday,April
6766,TXN_9929732,Sandwich,4,4.0,16.0,Credit Card,UNKNOWN,2023-10-04,Wednesday,October
6767,TXN_2346362,Juice,4,3.0,12.0,UNKNOWN,In-store,2023-12-30,Saturday,December
6769,TXN_9039882,Smoothie,4,4.0,16.0,UNKNOWN,In-store,2023-08-31,Thursday,August
6770,TXN_7440057,Juice,1,3.0,3.0,Credit Card,UNKNOWN,2023-07-05,Wednesday,July
6771,TXN_9894831,Cake,5,3.0,15.0,UNKNOWN,UNKNOWN,2023-07-05,Wednesday,July
6772,TXN_2911863,Sandwich,2,4.0,8.0,Credit Card,Takeaway,2023-07-09,Sunday,July
6773,TXN_1991987,Cake,3,3.0,9.0,Credit Card,In-store,2023-10-22,Sunday,October
6774,TXN_7232524,Cookie,3,1.0,3.0,Cash,In-store,2023-12-23,Saturday,December
6776,TXN_7476348,Coffee,2,2.0,4.0,UNKNOWN,In-store,2023-10-09,Monday,October
6777,TXN_4165923,Sandwich,3,4.0,12.0,UNKNOWN,Takeaway,2023-03-14,Tuesday,March
6778,TXN_1467367,Sandwich,3,4.0,12.0,UNKNOWN,UNKNOWN,2023-02-18,Saturday,February
6780,TXN_4234636,Smoothie,1,4.0,4.0,Credit Card,In-store,2023-01-30,Monday,January
6781,TXN_4750383,Coffee,2,2.0,4.0,Cash,UNKNOWN,2023-06-30,Friday,June
6783,TXN_1701465,Cake,1,3.0,3.0,Cash,UNKNOWN,2023-06-15,Thursday,June
6784,TXN_8941409,Cake,3,3.0,9.0,UNKNOWN,UNKNOWN,2023-11-12,Sunday,November
6787,TXN_2480488,Juice,2,3.0,6.0,Cash,Takeaway,2023-03-01,Wednesday,March
6788,TXN_6158834,Coffee,2,2.0,4.0,Credit Card,UNKNOWN,2023-09-23,Saturday,September
6791,TXN_9773646,Cake,4,3.0,12.0,Credit Card,Takeaway,2023-04-01,Saturday,April
6792,TXN_1442096,Cookie,3,1.0,3.0,Credit Card,In-store,2023-06-27,Tuesday,June
6793,TXN_2337888,Coffee,1,2.0,2.0,Credit Card,In-store,2023-02-10,Friday,February
6794,TXN_8297751,Salad,3,5.0,15.0,Cash,Takeaway,2023-04-08,Saturday,April
6795,TXN_9675838,Cake,2,3.0,6.0,Digital Wallet,UNKNOWN,2023-02-06,Monday,February
6796,TXN_9241048,Cake,4,3.0,12.0,Credit Card,In-store,2023-08-27,Sunday,August
6797,TXN_1978687,Juice,2,3.0,6.0,UNKNOWN,UNKNOWN,2023-12-13,Wednesday,December
6798,TXN_7548260,Juice,2,3.0,6.0,Cash,Takeaway,2023-02-27,Monday,February
6799,TXN_7047040,Salad,2,5.0,10.0,UNKNOWN,UNKNOWN,2023-02-16,Thursday,February
6800,TXN_1234907,Juice,1,3.0,3.0,Credit Card,In-store,2023-05-02,Tuesday,May
6801,TXN_8821839,Sandwich,5,4.0,20.0,UNKNOWN,Takeaway,2023-11-11,Saturday,November
6802,TXN_7543765,Cake,1,3.0,3.0,UNKNOWN,UNKNOWN,2023-10-26,Thursday,October
6803,TXN_7317475,Salad,4,5.0,20.0,Cash,Takeaway,2023-06-21,Wednesday,June
6804,TXN_9786525,Cake,5,3.0,15.0,UNKNOWN,Takeaway,2023-02-19,Sunday,February
6805,TXN_9874256,Juice,3,3.0,9.0,UNKNOWN,UNKNOWN,2023-02-17,Friday,February
6806,TXN_3120637,Sandwich,3,4.0,12.0,UNKNOWN,Takeaway,2023-08-11,Friday,August
6807,TXN_6754546,Cake,3,3.0,9.0,UNKNOWN,UNKNOWN,2023-02-19,Sunday,February
6808,TXN_1317114,Cookie,2,1.0,2.0,Digital Wallet,Takeaway,2023-11-06,Monday,November
6810,TXN_8046087,Cake,2,3.0,6.0,UNKNOWN,Takeaway,2023-04-15,Saturday,April
6811,TXN_6655017,Smoothie,4,4.0,16.0,Cash,Takeaway,2023-12-04,Monday,December
6813,TXN_7478306,Tea,2,1.5,3.0,Digital Wallet,In-store,2023-06-14,Wednesday,June
6814,TXN_3163567,Salad,2,5.0,10.0,Digital Wallet,Takeaway,2023-06-01,Thursday,June
6815,TXN_6420900,Tea,3,1.5,4.5,UNKNOWN,UNKNOWN,2023-09-18,Monday,September
6817,TXN_3954378,Tea,4,1.5,6.0,Cash,UNKNOWN,2023-08-21,Monday,August
6818,TXN_5138053,Sandwich,5,4.0,20.0,UNKNOWN,Takeaway,2023-02-16,Thursday,February
6819,TXN_9890279,Smoothie,4,4.0,16.0,UNKNOWN,In-store,2023-09-06,Wednesday,September
6823,TXN_4224350,Tea,2,1.5,3.0,UNKNOWN,In-store,2023-07-09,Sunday,July
6824,TXN_7763212,Sandwich,1,4.0,4.0,Credit Card,UNKNOWN,2023-01-10,Tuesday,January
6825,TXN_6889357,Salad,1,5.0,5.0,Cash,Takeaway,2023-03-08,Wednesday,March
6826,TXN_8565218,Cake,1,3.0,3.0,Digital Wallet,UNKNOWN,2023-05-03,Wednesday,May
6827,TXN_8235675,Tea,1,1.5,1.5,Credit Card,UNKNOWN,2023-08-08,Tuesday,August
6828,TXN_6323915,Tea,3,1.5,4.5,Credit Card,In-store,2023-02-09,Thursday,February
6830,TXN_3232227,Cookie,4,1.0,4.0,UNKNOWN,Takeaway,2023-03-30,Thursday,March
6831,TXN_2931403,Juice,2,3.0,6.0,Credit Card,In-store,2023-05-29,Monday,May
6832,TXN_8036247,Coffee,1,2.0,2.0,Credit Card,Takeaway,2023-09-29,Friday,September
6833,TXN_4143264,Salad,1,5.0,5.0,Credit Card,Takeaway,2023-08-17,Thursday,August
6834,TXN_3709117,Smoothie,5,4.0,20.0,Cash,UNKNOWN,2023-02-04,Saturday,February
6835,TXN_5124519,Smoothie,3,4.0,12.0,Credit Card,In-store,2023-09-07,Thursday,September
6836,TXN_1529845,Juice,3,3.0,9.0,Credit Card,In-store,2023-01-25,Wednesday,January
6837,TXN_4615245,Sandwich,4,4.0,16.0,UNKNOWN,UNKNOWN,2023-04-26,Wednesday,April
6838,TXN_1464694,Sandwich,1,4.0,4.0,UNKNOWN,In-store,2023-07-23,Sunday,July
6839,TXN_2674372,Cookie,4,1.0,4.0,Credit Card,Takeaway,2023-11-14,Tuesday,November
6840,TXN_7215900,Coffee,3,2.0,6.0,Cash,Takeaway,2023-08-26,Saturday,August
6842,TXN_6622980,Salad,4,5.0,20.0,Digital Wallet,Takeaway,2023-09-26,Tuesday,September
6843,TXN_5744026,Salad,4,5.0,20.0,UNKNOWN,UNKNOWN,2023-04-03,Monday,April
6844,TXN_1759314,Salad,5,5.0,25.0,UNKNOWN,UNKNOWN,2023-08-23,Wednesday,August
6845,TXN_2050630,Cookie,3,1.0,3.0,UNKNOWN,Takeaway,2023-01-18,Wednesday,January
6846,TXN_3447575,Sandwich,4,4.0,16.0,Credit Card,Takeaway,2023-01-17,Tuesday,January
6847,TXN_1131785,Sandwich,1,4.0,4.0,Cash,UNKNOWN,2023-12-19,Tuesday,December
6848,TXN_8572783,Salad,3,5.0,15.0,UNKNOWN,UNKNOWN,2023-03-29,Wednesday,March
6850,TXN_4284507,Smoothie,4,4.0,16.0,UNKNOWN,UNKNOWN,2023-07-17,Monday,July
6851,TXN_9819697,Smoothie,3,4.0,12.0,Digital Wallet,In-store,2023-05-16,Tuesday,May
6852,TXN_1731476,Sandwich,1,4.0,4.0,Digital Wallet,Takeaway,2023-04-19,Wednesday,April
6854,TXN_1721342,Smoothie,5,4.0,20.0,Digital Wallet,In-store,2023-08-23,Wednesday,August
6855,TXN_7278328,Smoothie,1,4.0,4.0,Credit Card,UNKNOWN,2023-01-29,Sunday,January
6856,TXN_6037924,Coffee,4,2.0,8.0,UNKNOWN,Takeaway,2023-11-14,Tuesday,November
6858,TXN_7979028,Sandwich,3,4.0,12.0,Cash,Takeaway,2023-07-12,Wednesday,July
6859,TXN_2474395,Smoothie,4,4.0,16.0,Digital Wallet,Takeaway,2023-12-28,Thursday,December
6860,TXN_9168898,Juice,2,3.0,6.0,Cash,Takeaway,2023-09-28,Thursday,September
6861,TXN_9675940,Juice,5,3.0,15.0,Credit Card,In-store,2023-06-02,Friday,June
6862,TXN_3618603,Salad,4,5.0,20.0,Cash,UNKNOWN,2023-03-19,Sunday,March
6863,TXN_9653377,Sandwich,2,4.0,8.0,UNKNOWN,Takeaway,2023-07-31,Monday,July
6864,TXN_1326993,Cookie,3,1.0,3.0,UNKNOWN,In-store,2023-12-30,Saturday,December
6865,TXN_7427357,Cake,4,3.0,12.0,Digital Wallet,In-store,2023-10-31,Tuesday,October
6866,TXN_5806624,Cookie,5,1.0,5.0,Credit Card,In-store,2023-07-09,Sunday,July
6868,TXN_6670371,Tea,3,1.5,4.5,Credit Card,Takeaway,2023-05-01,Monday,May
6869,TXN_8708588,Coffee,5,2.0,10.0,Digital Wallet,UNKNOWN,2023-06-03,Saturday,June
6870,TXN_6755874,Smoothie,3,4.0,12.0,UNKNOWN,In-store,2023-04-12,Wednesday,April
6871,TXN_7777864,Cookie,3,1.0,3.0,UNKNOWN,In-store,2023-02-06,Monday,February
6874,TXN_8698717,Coffee,4,2.0,8.0,Digital Wallet,UNKNOWN,2023-05-11,Thursday,May
6875,TXN_2302259,Juice,3,3.0,9.0,Credit Card,Takeaway,2023-09-20,Wednesday,September
6876,TXN_7004494,Coffee,4,2.0,8.0,UNKNOWN,Takeaway,2023-03-17,Friday,March
6877,TXN_1302920,Coffee,2,2.0,4.0,UNKNOWN,UNKNOWN,2023-08-16,Wednesday,August
6878,TXN_8175702,Tea,1,1.5,1.5,UNKNOWN,Takeaway,2023-08-27,Sunday,August
6879,TXN_4921865,Tea,2,1.5,3.0,Digital Wallet,In-store,2023-02-06,Monday,February
6880,TXN_7755372,Juice,5,3.0,15.0,UNKNOWN,Takeaway,2023-01-10,Tuesday,January
6881,TXN_7218134,Cake,5,3.0,15.0,Cash,UNKNOWN,2023-01-14,Saturday,January
6882,TXN_2897794,Cookie,4,1.0,4.0,Credit Card,Takeaway,2023-01-29,Sunday,January
6883,TXN_5743616,Cake,4,3.0,12.0,UNKNOWN,UNKNOWN,2023-12-14,Thursday,December
6884,TXN_4623642,Sandwich,1,4.0,4.0,Cash,Takeaway,2023-09-12,Tuesday,September
6885,TXN_6047710,Smoothie,3,4.0,12.0,UNKNOWN,Takeaway,2023-06-16,Friday,June
6886,TXN_2813872,Salad,1,5.0,5.0,Credit Card,Takeaway,2023-05-01,Monday,May
6887,TXN_1891978,Salad,4,5.0,20.0,Digital Wallet,In-store,2023-09-13,Wednesday,September
6888,TXN_6626928,Sandwich,2,4.0,8.0,UNKNOWN,In-store,2023-05-10,Wednesday,May
6889,TXN_6320502,Juice,4,3.0,12.0,Credit Card,UNKNOWN,2023-08-16,Wednesday,August
6890,TXN_1797690,Cake,5,3.0,15.0,Credit Card,Takeaway,2023-08-10,Thursday,August
6891,TXN_4587806,Cookie,4,1.0,4.0,UNKNOWN,UNKNOWN,2023-07-27,Thursday,July
6892,TXN_7735127,Smoothie,1,4.0,4.0,UNKNOWN,Takeaway,2023-02-22,Wednesday,February
6893,TXN_9831537,Cake,4,3.0,12.0,Credit Card,UNKNOWN,2023-08-07,Monday,August
6894,TXN_7866805,Sandwich,3,4.0,12.0,Digital Wallet,In-store,2023-03-14,Tuesday,March
6895,TXN_1760092,Coffee,1,2.0,2.0,Credit Card,Takeaway,2023-04-15,Saturday,April
6896,TXN_1887555,Juice,2,3.0,6.0,Cash,In-store,2023-01-08,Sunday,January
6897,TXN_9872258,Juice,4,3.0,12.0,Cash,Takeaway,2023-07-24,Monday,July
6898,TXN_2437725,Sandwich,4,4.0,16.0,Credit Card,Takeaway,2023-01-27,Friday,January
6900,TXN_6581580,Coffee,3,2.0,6.0,UNKNOWN,In-store,2023-06-18,Sunday,June
6901,TXN_6440109,Cake,2,3.0,6.0,UNKNOWN,In-store,2023-09-09,Saturday,September
6902,TXN_8790282,Coffee,3,2.0,6.0,UNKNOWN,UNKNOWN,2023-10-18,Wednesday,October
6903,TXN_7581760,Coffee,3,2.0,6.0,UNKNOWN,UNKNOWN,2023-08-13,Sunday,August
6904,TXN_2903973,Cake,2,3.0,6.0,Credit Card,Takeaway,2023-12-26,Tuesday,December
6905,TXN_9107842,Tea,2,1.5,3.0,UNKNOWN,Takeaway,2023-12-04,Monday,December
6906,TXN_8306630,Sandwich,2,4.0,8.0,Credit Card,In-store,2023-04-26,Wednesday,April
6908,TXN_4612207,Juice,5,3.0,15.0,Digital Wallet,UNKNOWN,2023-01-21,Saturday,January
6909,TXN_1811216,Sandwich,1,4.0,4.0,Digital Wallet,Takeaway,2023-01-18,Wednesday,January
6911,TXN_9487384,Cake,1,3.0,3.0,Credit Card,UNKNOWN,2023-11-27,Monday,November
6912,TXN_2205690,Cookie,5,1.0,5.0,UNKNOWN,In-store,2023-03-02,Thursday,March
6913,TXN_9219961,Coffee,5,2.0,10.0,Credit Card,UNKNOWN,2023-04-04,Tuesday,April
6914,TXN_6425954,Sandwich,2,4.0,8.0,UNKNOWN,In-store,2023-03-28,Tuesday,March
6915,TXN_9131153,Smoothie,3,4.0,12.0,UNKNOWN,Takeaway,2023-11-17,Friday,November
6916,TXN_1332623,Cookie,2,1.0,2.0,UNKNOWN,Takeaway,2023-07-15,Saturday,July
6918,TXN_5549522,Juice,5,3.0,15.0,Digital Wallet,Takeaway,2023-12-16,Saturday,December
6919,TXN_4234750,Juice,2,3.0,6.0,Cash,UNKNOWN,2023-09-03,Sunday,September
6920,TXN_9694799,Tea,3,1.5,4.5,Cash,Takeaway,2023-04-14,Friday,April
6921,TXN_6733436,Juice,2,3.0,6.0,Credit Card,Takeaway,2023-02-02,Thursday,February
6922,TXN_4423879,Juice,5,3.0,15.0,UNKNOWN,UNKNOWN,2023-02-12,Sunday,February
6923,TXN_8496788,Juice,4,3.0,12.0,Cash,UNKNOWN,2023-06-14,Wednesday,June
6924,TXN_3131168,Sandwich,3,4.0,12.0,Cash,UNKNOWN,2023-03-24,Friday,March
6925,TXN_1995528,Coffee,5,2.0,10.0,UNKNOWN,In-store,2023-06-24,Saturday,June
6926,TXN_2311707,Tea,5,1.5,7.5,Cash,In-store,2023-08-03,Thursday,August
6928,TXN_1727281,Juice,4,3.0,12.0,UNKNOWN,Takeaway,2023-01-05,Thursday,January
6929,TXN_2437112,Cookie,3,1.0,3.0,UNKNOWN,UNKNOWN,2023-04-06,Thursday,April
6930,TXN_8240436,Salad,5,5.0,25.0,UNKNOWN,In-store,2023-07-05,Wednesday,July
6931,TXN_4177796,Juice,4,3.0,12.0,Cash,Takeaway,2023-04-17,Monday,April
6933,TXN_2905118,Tea,5,1.5,7.5,Digital Wallet,Takeaway,2023-03-04,Saturday,March
6934,TXN_8058105,Tea,3,1.5,4.5,Cash,UNKNOWN,2023-03-07,Tuesday,March
6935,TXN_5005793,Sandwich,4,4.0,16.0,Credit Card,In-store,2023-01-21,Saturday,January
6936,TXN_2840861,Tea,2,1.5,3.0,Digital Wallet,Takeaway,2023-05-31,Wednesday,May
6937,TXN_1088497,Sandwich,1,4.0,4.0,Digital Wallet,Takeaway,2023-07-05,Wednesday,July
6938,TXN_4083872,Salad,2,5.0,10.0,Digital Wallet,Takeaway,2023-08-05,Saturday,August
6939,TXN_5296083,Sandwich,3,4.0,12.0,UNKNOWN,UNKNOWN,2023-12-08,Friday,December
6940,TXN_3052953,Coffee,5,2.0,10.0,Digital Wallet,UNKNOWN,2023-02-28,Tuesday,February
6942,TXN_4064326,Cookie,2,1.0,2.0,Cash,Takeaway,2023-01-07,Saturday,January
6943,TXN_8749775,Cake,5,3.0,15.0,Cash,Takeaway,2023-10-30,Monday,October
6944,TXN_6541284,Tea,4,1.5,6.0,Cash,Takeaway,2023-03-01,Wednesday,March
6945,TXN_7937905,Salad,5,5.0,25.0,UNKNOWN,UNKNOWN,2023-10-15,Sunday,October
6946,TXN_1311519,Smoothie,5,4.0,20.0,Cash,UNKNOWN,2023-01-28,Saturday,January
6947,TXN_8209509,Cookie,4,1.0,4.0,UNKNOWN,Takeaway,2023-11-09,Thursday,November
6948,TXN_3413156,Juice,1,3.0,3.0,Credit Card,In-store,2023-10-16,Monday,October
6950,TXN_7418152,Cookie,4,1.0,4.0,Cash,Takeaway,2023-09-21,Thursday,September
6951,TXN_7991782,Juice,2,3.0,6.0,UNKNOWN,In-store,2023-01-11,Wednesday,January
6952,TXN_2822949,Smoothie,2,4.0,8.0,Digital Wallet,UNKNOWN,2023-11-19,Sunday,November
6953,TXN_5868082,Coffee,5,2.0,10.0,Credit Card,In-store,2023-10-22,Sunday,October
6956,TXN_2947622,Smoothie,5,4.0,20.0,UNKNOWN,UNKNOWN,2023-08-06,Sunday,August
6957,TXN_1413335,Salad,1,5.0,5.0,Digital Wallet,Takeaway,2023-05-17,Wednesday,May
6958,TXN_7086603,Cake,4,3.0,12.0,Credit Card,UNKNOWN,2023-03-18,Saturday,March
6959,TXN_6919325,Cake,3,3.0,9.0,Cash,UNKNOWN,2023-02-05,Sunday,February
6960,TXN_7286934,Smoothie,2,4.0,8.0,Credit Card,In-store,2023-03-27,Monday,March
6961,TXN_5213014,Sandwich,3,4.0,12.0,Credit Card,UNKNOWN,2023-05-09,Tuesday,May
6962,TXN_3121483,Salad,2,5.0,10.0,UNKNOWN,Takeaway,2023-01-06,Friday,January
6963,TXN_1670848,Cake,2,3.0,6.0,Credit Card,UNKNOWN,2023-08-04,Friday,August
6964,TXN_7595042,Salad,1,5.0,5.0,UNKNOWN,Takeaway,2023-04-03,Monday,April
6966,TXN_9250024,Cookie,2,1.0,2.0,Digital Wallet,UNKNOWN,2023-03-21,Tuesday,March
6967,TXN_1353266,Smoothie,1,4.0,4.0,Digital Wallet,Takeaway,2023-08-30,Wednesday,August
6968,TXN_3950331,Tea,5,1.5,7.5,Digital Wallet,UNKNOWN,2023-03-02,Thursday,March
6969,TXN_3766657,Smoothie,5,4.0,20.0,UNKNOWN,UNKNOWN,2023-08-16,Wednesday,August
6971,TXN_7233393,Juice,5,3.0,15.0,Credit Card,In-store,2023-11-22,Wednesday,November
6972,TXN_8273645,Juice,2,3.0,6.0,Cash,Takeaway,2023-11-02,Thursday,November
6973,TXN_2474286,Juice,2,3.0,6.0,Digital Wallet,In-store,2023-12-09,Saturday,December
6975,TXN_6700141,Sandwich,1,4.0,4.0,Cash,Takeaway,2023-04-12,Wednesday,April
6976,TXN_4006771,Cookie,3,1.0,3.0,Credit Card,UNKNOWN,2023-02-06,Monday,February
6977,TXN_4406290,Coffee,5,2.0,10.0,UNKNOWN,In-store,2023-07-02,Sunday,July
6978,TXN_2714524,Sandwich,4,4.0,16.0,Cash,Takeaway,2023-01-02,Monday,January
6979,TXN_3585097,Coffee,3,2.0,6.0,UNKNOWN,Takeaway,2023-05-31,Wednesday,May
6980,TXN_5432582,Juice,3,3.0,9.0,UNKNOWN,UNKNOWN,2023-08-30,Wednesday,August
6981,TXN_5367923,Sandwich,4,4.0,16.0,UNKNOWN,UNKNOWN,2023-04-19,Wednesday,April
6982,TXN_4030519,Smoothie,2,4.0,8.0,Digital Wallet,Takeaway,2023-01-22,Sunday,January
6983,TXN_8716594,Salad,4,5.0,20.0,Credit Card,Takeaway,2023-08-26,Saturday,August
6984,TXN_5159483,Juice,2,3.0,6.0,Digital Wallet,In-store,2023-05-24,Wednesday,May
6985,TXN_6347482,Tea,2,1.5,3.0,Digital Wallet,UNKNOWN,2023-07-10,Monday,July
6986,TXN_4688236,Coffee,4,2.0,8.0,Cash,In-store,2023-07-05,Wednesday,July
6987,TXN_7021722,Tea,3,1.5,4.5,UNKNOWN,Takeaway,2023-07-27,Thursday,July
6989,TXN_4878020,Cake,3,3.0,9.0,UNKNOWN,In-store,2023-03-17,Friday,March
6990,TXN_3158921,Sandwich,1,4.0,4.0,Digital Wallet,In-store,2023-04-16,Sunday,April
6991,TXN_8555334,Coffee,1,2.0,2.0,UNKNOWN,In-store,2023-06-16,Friday,June
6992,TXN_9749790,Tea,3,1.5,4.5,UNKNOWN,Takeaway,2023-10-17,Tuesday,October
6993,TXN_7476268,Juice,2,3.0,6.0,Credit Card,UNKNOWN,2023-06-07,Wednesday,June
6994,TXN_2741928,Cake,1,3.0,3.0,Digital Wallet,In-store,2023-10-06,Friday,October
6995,TXN_8477945,Cookie,4,1.0,4.0,UNKNOWN,In-store,2023-07-19,Wednesday,July
6996,TXN_2838958,Coffee,1,2.0,2.0,Cash,Takeaway,2023-03-10,Friday,March
6997,TXN_4937411,Juice,1,3.0,3.0,UNKNOWN,Takeaway,2023-08-21,Monday,August
6999,TXN_1124655,Salad,3,5.0,15.0,Cash,UNKNOWN,2023-10-23,Monday,October
7000,TXN_1367723,Coffee,3,2.0,6.0,Cash,In-store,2023-10-25,Wednesday,October
7001,TXN_1710476,Juice,4,3.0,12.0,Digital Wallet,Takeaway,2023-05-22,Monday,May
7002,TXN_2248497,Salad,2,5.0,10.0,Cash,Takeaway,2023-03-07,Tuesday,March
7003,TXN_9403754,Cake,5,3.0,15.0,Credit Card,Takeaway,2023-06-19,Monday,June
7005,TXN_2495788,Cookie,2,1.0,2.0,Credit Card,Takeaway,2023-12-16,Saturday,December
7006,TXN_7528294,Juice,3,3.0,9.0,Digital Wallet,UNKNOWN,2023-09-27,Wednesday,September
7007,TXN_2844982,Cookie,1,1.0,1.0,Digital Wallet,Takeaway,2023-03-04,Saturday,March
7008,TXN_9345439,Coffee,2,2.0,4.0,Cash,Takeaway,2023-08-07,Monday,August
7010,TXN_6347567,Juice,5,3.0,15.0,Cash,In-store,2023-03-31,Friday,March
7011,TXN_9710430,Sandwich,3,4.0,12.0,Credit Card,Takeaway,2023-01-10,Tuesday,January
7012,TXN_8859035,Cake,3,3.0,9.0,Digital Wallet,Takeaway,2023-01-19,Thursday,January
7013,TXN_7131251,Tea,2,1.5,3.0,UNKNOWN,In-store,2023-06-28,Wednesday,June
7014,TXN_9577339,Cake,2,3.0,6.0,Digital Wallet,UNKNOWN,2023-03-10,Friday,March
7015,TXN_9206049,Cookie,1,1.0,1.0,Credit Card,In-store,2023-09-17,Sunday,September
7016,TXN_8748070,Cookie,2,1.0,2.0,Credit Card,In-store,2023-07-31,Monday,July
7017,TXN_1079241,Juice,3,3.0,9.0,Digital Wallet,Takeaway,2023-07-16,Sunday,July
7018,TXN_8250845,Cookie,1,1.0,1.0,Cash,UNKNOWN,2023-12-09,Saturday,December
7019,TXN_7878520,Sandwich,3,4.0,12.0,Digital Wallet,Takeaway,2023-08-29,Tuesday,August
7020,TXN_8990101,Smoothie,5,4.0,20.0,UNKNOWN,In-store,2023-11-25,Saturday,November
7021,TXN_8789137,Sandwich,1,4.0,4.0,UNKNOWN,Takeaway,2023-09-25,Monday,September
7022,TXN_1236779,Juice,3,3.0,9.0,Credit Card,In-store,2023-12-29,Friday,December
7023,TXN_6846861,Smoothie,4,4.0,16.0,UNKNOWN,In-store,2023-11-26,Sunday,November
7024,TXN_7682621,Sandwich,4,4.0,16.0,Cash,Takeaway,2023-11-07,Tuesday,November
7025,TXN_2770536,Smoothie,2,4.0,8.0,UNKNOWN,In-store,2023-11-03,Friday,November
7026,TXN_3291900,Smoothie,4,4.0,16.0,Cash,Takeaway,2023-05-04,Thursday,May
7027,TXN_1390917,Sandwich,1,4.0,4.0,Credit Card,UNKNOWN,2023-01-16,Monday,January
7031,TXN_2879543,Juice,5,3.0,15.0,UNKNOWN,UNKNOWN,2023-03-30,Thursday,March
7032,TXN_7334418,Cookie,2,1.0,2.0,Digital Wallet,UNKNOWN,2023-03-24,Friday,March
7033,TXN_7927109,Tea,1,1.5,1.5,Cash,UNKNOWN,2023-04-18,Tuesday,April
7034,TXN_9352814,Tea,4,1.5,6.0,Cash,UNKNOWN,2023-09-10,Sunday,September
7035,TXN_8872984,Salad,5,5.0,25.0,Credit Card,In-store,2023-08-23,Wednesday,August
7036,TXN_8305586,Coffee,4,2.0,8.0,Cash,UNKNOWN,2023-01-06,Friday,January
7037,TXN_6501091,Juice,2,3.0,6.0,Digital Wallet,Takeaway,2023-05-07,Sunday,May
7038,TXN_8197935,Sandwich,5,4.0,20.0,Cash,In-store,2023-03-28,Tuesday,March
7039,TXN_8349096,Cookie,5,1.0,5.0,UNKNOWN,UNKNOWN,2023-12-12,Tuesday,December
7040,TXN_1721366,Smoothie,5,4.0,20.0,Digital Wallet,In-store,2023-04-09,Sunday,April
7041,TXN_3924170,Tea,3,1.5,4.5,Credit Card,In-store,2023-08-07,Monday,August
7042,TXN_6206421,Sandwich,2,4.0,8.0,UNKNOWN,In-store,2023-04-06,Thursday,April
7043,TXN_3740465,Cookie,4,1.0,4.0,Digital Wallet,UNKNOWN,2023-03-08,Wednesday,March
7044,TXN_5227798,Salad,4,5.0,20.0,Cash,UNKNOWN,2023-09-02,Saturday,September
7045,TXN_9374286,Coffee,5,2.0,10.0,Cash,In-store,2023-08-07,Monday,August
7046,TXN_6577619,Salad,3,5.0,15.0,Credit Card,In-store,2023-07-22,Saturday,July
7049,TXN_6412590,Salad,1,5.0,5.0,Digital Wallet,UNKNOWN,2023-06-12,Monday,June
7050,TXN_1577802,Juice,2,3.0,6.0,Credit Card,In-store,2023-11-29,Wednesday,November
7051,TXN_3202346,Salad,2,5.0,10.0,UNKNOWN,In-store,2023-11-19,Sunday,November
7052,TXN_2141924,Salad,5,5.0,25.0,Cash,In-store,2023-11-27,Monday,November
7053,TXN_6775972,Coffee,3,2.0,6.0,Credit Card,UNKNOWN,2023-09-15,Friday,September
7054,TXN_8799599,Coffee,1,2.0,2.0,Credit Card,UNKNOWN,2023-09-10,Sunday,September
7055,TXN_2866735,Cookie,4,1.0,4.0,Cash,Takeaway,2023-03-13,Monday,March
7056,TXN_2199500,Smoothie,1,4.0,4.0,Credit Card,UNKNOWN,2023-04-04,Tuesday,April
7058,TXN_8279269,Smoothie,4,4.0,16.0,Digital Wallet,UNKNOWN,2023-06-14,Wednesday,June
7059,TXN_2829951,Smoothie,4,4.0,16.0,Credit Card,UNKNOWN,2023-06-28,Wednesday,June
7060,TXN_6748374,Salad,1,5.0,5.0,Credit Card,Takeaway,2023-07-24,Monday,July
7061,TXN_5056971,Tea,4,1.5,6.0,Cash,Takeaway,2023-08-22,Tuesday,August
7062,TXN_8675052,Cookie,3,1.0,3.0,Credit Card,UNKNOWN,2023-11-23,Thursday,November
7063,TXN_6481150,Salad,4,5.0,20.0,Digital Wallet,In-store,2023-03-30,Thursday,March
7064,TXN_2371827,Cookie,5,1.0,5.0,Cash,In-store,2023-04-03,Monday,April
7065,TXN_3677109,Cake,5,3.0,15.0,Digital Wallet,UNKNOWN,2023-12-02,Saturday,December
7066,TXN_5457767,Cake,3,3.0,9.0,Cash,In-store,2023-08-14,Monday,August
7068,TXN_3661311,Juice,2,3.0,6.0,Digital Wallet,UNKNOWN,2023-04-30,Sunday,April
7069,TXN_5520841,Cake,1,3.0,3.0,UNKNOWN,Takeaway,2023-09-04,Monday,September
7070,TXN_6443522,Smoothie,4,4.0,16.0,Digital Wallet,In-store,2023-06-22,Thursday,June
7071,TXN_4907008,Coffee,3,2.0,6.0,UNKNOWN,In-store,2023-10-30,Monday,October
7072,TXN_9833793,Cookie,1,1.0,1.0,UNKNOWN,Takeaway,2023-12-01,Friday,December
7073,TXN_6297375,Coffee,5,2.0,10.0,UNKNOWN,UNKNOWN,2023-07-16,Sunday,July
7074,TXN_1641000,Sandwich,2,4.0,8.0,Cash,UNKNOWN,2023-08-19,Saturday,August
7076,TXN_1228888,Cookie,1,1.0,1.0,Credit Card,In-store,2023-10-05,Thursday,October
7077,TXN_2917349,Tea,4,1.5,6.0,UNKNOWN,UNKNOWN,2023-01-15,Sunday,January
7078,TXN_8099578,Coffee,3,2.0,6.0,UNKNOWN,Takeaway,2023-03-02,Thursday,March
7079,TXN_9949241,Salad,1,5.0,5.0,UNKNOWN,In-store,2023-07-26,Wednesday,July
7080,TXN_5662517,Tea,2,1.5,3.0,Credit Card,Takeaway,2023-01-05,Thursday,January
7081,TXN_3221795,Sandwich,5,4.0,20.0,Cash,UNKNOWN,2023-10-01,Sunday,October
7082,TXN_8432624,Juice,3,3.0,9.0,Cash,Takeaway,2023-06-24,Saturday,June
7083,TXN_1883231,Juice,5,3.0,15.0,UNKNOWN,In-store,2023-10-21,Saturday,October
7084,TXN_2490699,Coffee,1,2.0,2.0,Cash,UNKNOWN,2023-10-05,Thursday,October
7085,TXN_1898102,Cake,4,3.0,12.0,Credit Card,Takeaway,2023-10-17,Tuesday,October
7087,TXN_6142529,Tea,5,1.5,7.5,Credit Card,In-store,2023-07-21,Friday,July
7088,TXN_9279935,Coffee,2,2.0,4.0,Digital Wallet,In-store,2023-06-02,Friday,June
7089,TXN_3233211,Tea,2,1.5,3.0,UNKNOWN,Takeaway,2023-06-07,Wednesday,June
7090,TXN_1607650,Cookie,2,1.0,2.0,UNKNOWN,UNKNOWN,2023-04-27,Thursday,April
7092,TXN_2501656,Cake,5,3.0,15.0,Digital Wallet,Takeaway,2023-07-02,Sunday,July
7094,TXN_8917809,Salad,5,5.0,25.0,Cash,UNKNOWN,2023-07-29,Saturday,July
7095,TXN_8850815,Smoothie,5,4.0,20.0,UNKNOWN,UNKNOWN,2023-07-23,Sunday,July
7096,TXN_6959065,Coffee,5,2.0,10.0,Digital Wallet,Takeaway,2023-05-05,Friday,May
7098,TXN_1893337,Cake,2,3.0,6.0,UNKNOWN,Takeaway,2023-05-16,Tuesday,May
7101,TXN_6907555,Tea,2,1.5,3.0,Credit Card,UNKNOWN,2023-09-21,Thursday,September
7102,TXN_2437751,Sandwich,1,4.0,4.0,UNKNOWN,In-store,2023-03-18,Saturday,March
7103,TXN_8285283,Juice,5,3.0,15.0,Digital Wallet,UNKNOWN,2023-09-21,Thursday,September
7105,TXN_5426405,Tea,5,1.5,7.5,UNKNOWN,In-store,2023-11-26,Sunday,November
7106,TXN_6794035,Sandwich,1,4.0,4.0,Digital Wallet,UNKNOWN,2023-11-04,Saturday,November
7107,TXN_6265760,Cake,1,3.0,3.0,Credit Card,Takeaway,2023-06-21,Wednesday,June
7108,TXN_9905396,Salad,1,5.0,5.0,UNKNOWN,UNKNOWN,2023-08-20,Sunday,August
7109,TXN_1955127,Juice,5,3.0,15.0,UNKNOWN,In-store,2023-02-18,Saturday,February
7110,TXN_1296879,Cake,1,3.0,3.0,UNKNOWN,Takeaway,2023-11-17,Friday,November
7111,TXN_8882176,Cookie,4,1.0,4.0,Cash,Takeaway,2023-03-28,Tuesday,March
7112,TXN_7052672,Juice,1,3.0,3.0,UNKNOWN,In-store,2023-06-29,Thursday,June
7113,TXN_3492861,Cookie,5,1.0,5.0,Cash,UNKNOWN,2023-11-09,Thursday,November
7114,TXN_3655322,Juice,3,3.0,9.0,Digital Wallet,Takeaway,2023-10-03,Tuesday,October
7115,TXN_7584389,Coffee,4,2.0,8.0,Cash,UNKNOWN,2023-03-09,Thursday,March
7116,TXN_5734319,Coffee,5,2.0,10.0,Cash,Takeaway,2023-06-01,Thursday,June
7117,TXN_2535662,Juice,1,3.0,3.0,Cash,UNKNOWN,2023-05-01,Monday,May
7118,TXN_8436360,Juice,2,3.0,6.0,UNKNOWN,UNKNOWN,2023-12-16,Saturday,December
7119,TXN_1370465,Cookie,4,1.0,4.0,Digital Wallet,UNKNOWN,2023-03-25,Saturday,March
7120,TXN_7343660,Salad,5,5.0,25.0,Credit Card,In-store,2023-08-06,Sunday,August
7121,TXN_7777602,Salad,1,5.0,5.0,Cash,UNKNOWN,2023-04-26,Wednesday,April
7122,TXN_3430805,Juice,4,3.0,12.0,Credit Card,UNKNOWN,2023-11-12,Sunday,November
7124,TXN_8219472,Cookie,4,1.0,4.0,Credit Card,UNKNOWN,2023-11-09,Thursday,November
7125,TXN_7171303,Sandwich,1,4.0,4.0,UNKNOWN,UNKNOWN,2023-04-30,Sunday,April
7126,TXN_2330694,Salad,3,5.0,15.0,Cash,In-store,2023-05-31,Wednesday,May
7127,TXN_4476076,Smoothie,2,4.0,8.0,Digital Wallet,Takeaway,2023-03-26,Sunday,March
7128,TXN_4183749,Cake,4,3.0,12.0,Credit Card,Takeaway,2023-01-25,Wednesday,January
7129,TXN_8132145,Tea,1,1.5,1.5,Digital Wallet,UNKNOWN,2023-08-04,Friday,August
7130,TXN_9286960,Cookie,3,1.0,3.0,Cash,UNKNOWN,2023-12-26,Tuesday,December
7131,TXN_6901619,Tea,2,1.5,3.0,Digital Wallet,In-store,2023-10-16,Monday,October
7134,TXN_2184573,Tea,4,1.5,6.0,UNKNOWN,Takeaway,2023-04-26,Wednesday,April
7137,TXN_6337189,Cake,1,3.0,3.0,UNKNOWN,UNKNOWN,2023-04-11,Tuesday,April
7138,TXN_6071905,Cake,1,3.0,3.0,UNKNOWN,In-store,2023-11-06,Monday,November
7139,TXN_7847913,Smoothie,3,4.0,12.0,Digital Wallet,In-store,2023-05-17,Wednesday,May
7140,TXN_1792405,Tea,3,1.5,4.5,Digital Wallet,Takeaway,2023-07-06,Thursday,July
7141,TXN_6101067,Smoothie,1,4.0,4.0,Credit Card,Takeaway,2023-09-05,Tuesday,September
7142,TXN_2260070,Salad,1,5.0,5.0,Cash,UNKNOWN,2023-10-06,Friday,October
7144,TXN_3994585,Cake,3,3.0,9.0,Digital Wallet,In-store,2023-07-24,Monday,July
7145,TXN_5202752,Smoothie,5,4.0,20.0,Credit Card,Takeaway,2023-05-08,Monday,May
7146,TXN_8714850,Juice,5,3.0,15.0,Cash,In-store,2023-04-30,Sunday,April
7147,TXN_3504925,Smoothie,5,4.0,20.0,Cash,UNKNOWN,2023-09-21,Thursday,September
7148,TXN_4919285,Coffee,4,2.0,8.0,Cash,Takeaway,2023-10-15,Sunday,October
7149,TXN_4876398,Salad,2,5.0,10.0,Cash,UNKNOWN,2023-04-21,Friday,April
7150,TXN_5456362,Smoothie,4,4.0,16.0,Credit Card,UNKNOWN,2023-07-06,Thursday,July
7151,TXN_4377249,Coffee,3,2.0,6.0,Digital Wallet,UNKNOWN,2023-07-26,Wednesday,July
7153,TXN_1571824,Cookie,4,1.0,4.0,Cash,Takeaway,2023-10-16,Monday,October
7154,TXN_3920273,Smoothie,4,4.0,16.0,Digital Wallet,In-store,2023-09-05,Tuesday,September
7155,TXN_8222593,Sandwich,4,4.0,16.0,Credit Card,UNKNOWN,2023-05-11,Thursday,May
7156,TXN_5054719,Sandwich,2,4.0,8.0,Credit Card,UNKNOWN,2023-04-17,Monday,April
7157,TXN_2242015,Tea,2,1.5,3.0,Cash,UNKNOWN,2023-08-26,Saturday,August
7160,TXN_7268387,Juice,3,3.0,9.0,Credit Card,Takeaway,2023-04-09,Sunday,April
7161,TXN_6268823,Smoothie,2,4.0,8.0,Digital Wallet,Takeaway,2023-04-18,Tuesday,April
7162,TXN_5578828,Cookie,4,1.0,4.0,Cash,In-store,2023-05-12,Friday,May
7163,TXN_5727550,Coffee,3,2.0,6.0,Digital Wallet,UNKNOWN,2023-10-11,Wednesday,October
7164,TXN_9597063,Coffee,2,2.0,4.0,Digital Wallet,In-store,2023-07-20,Thursday,July
7165,TXN_6867132,Cake,2,3.0,6.0,Cash,In-store,2023-02-01,Wednesday,February
7166,TXN_1971865,Cake,1,3.0,3.0,Digital Wallet,Takeaway,2023-04-11,Tuesday,April
7167,TXN_6067546,Tea,5,1.5,7.5,Digital Wallet,Takeaway,2023-08-25,Friday,August
7169,TXN_6724588,Juice,2,3.0,6.0,Digital Wallet,In-store,2023-10-16,Monday,October
7170,TXN_2929426,Salad,5,5.0,25.0,Cash,Takeaway,2023-01-29,Sunday,January
7171,TXN_9669749,Salad,4,5.0,20.0,Credit Card,UNKNOWN,2023-03-26,Sunday,March
7172,TXN_9105374,Juice,4,3.0,12.0,Digital Wallet,In-store,2023-01-25,Wednesday,January
7174,TXN_3346749,Tea,2,1.5,3.0,UNKNOWN,UNKNOWN,2023-05-06,Saturday,May
7175,TXN_5594043,Cake,4,3.0,12.0,Cash,UNKNOWN,2023-06-22,Thursday,June
7176,TXN_1170807,Smoothie,5,4.0,20.0,UNKNOWN,In-store,2023-09-15,Friday,September
7177,TXN_2882571,Cake,1,3.0,3.0,Credit Card,In-store,2023-05-24,Wednesday,May
7178,TXN_6640488,Tea,3,1.5,4.5,Credit Card,Takeaway,2023-04-01,Saturday,April
7179,TXN_7621512,Salad,4,5.0,20.0,Digital Wallet,In-store,2023-07-24,Monday,July
7180,TXN_9529846,Smoothie,5,4.0,20.0,UNKNOWN,UNKNOWN,2023-09-23,Saturday,September
7181,TXN_3338458,Cake,5,3.0,15.0,Cash,UNKNOWN,2023-10-27,Friday,October
7182,TXN_3104867,Juice,3,3.0,9.0,Digital Wallet,UNKNOWN,2023-03-28,Tuesday,March
7183,TXN_9286019,Smoothie,4,4.0,16.0,Cash,Takeaway,2023-05-28,Sunday,May
7184,TXN_1923263,Sandwich,4,4.0,16.0,Digital Wallet,In-store,2023-03-12,Sunday,March
7185,TXN_3172621,Sandwich,4,4.0,16.0,UNKNOWN,Takeaway,2023-10-15,Sunday,October
7186,TXN_5830991,Cookie,4,1.0,4.0,UNKNOWN,Takeaway,2023-11-07,Tuesday,November
7189,TXN_7629728,Coffee,4,2.0,8.0,Digital Wallet,In-store,2023-12-15,Friday,December
7190,TXN_2831842,Cake,2,3.0,6.0,UNKNOWN,UNKNOWN,2023-05-20,Saturday,May
7191,TXN_8903958,Juice,2,3.0,6.0,Digital Wallet,Takeaway,2023-11-12,Sunday,November
7192,TXN_8951525,Juice,3,3.0,9.0,UNKNOWN,UNKNOWN,2023-06-08,Thursday,June
7193,TXN_7511261,Juice,3,3.0,9.0,UNKNOWN,UNKNOWN,2023-03-26,Sunday,March
7194,TXN_3896128,Cake,1,3.0,3.0,UNKNOWN,In-store,2023-01-04,Wednesday,January
7195,TXN_6554101,Smoothie,3,4.0,12.0,UNKNOWN,UNKNOWN,2023-02-15,Wednesday,February
7196,TXN_3500571,Juice,3,3.0,9.0,UNKNOWN,Takeaway,2023-05-03,Wednesday,May
7197,TXN_6761273,Juice,5,3.0,15.0,Digital Wallet,UNKNOWN,2023-10-13,Friday,October
7198,TXN_6076602,Tea,4,1.5,6.0,Credit Card,In-store,2023-02-07,Tuesday,February
7199,TXN_9196658,Cookie,1,1.0,1.0,UNKNOWN,Takeaway,2023-06-12,Monday,June
7200,TXN_7330330,Cookie,2,1.0,2.0,UNKNOWN,In-store,2023-10-16,Monday,October
7202,TXN_2340643,Salad,5,5.0,25.0,Cash,In-store,2023-01-05,Thursday,January
7203,TXN_4397349,Sandwich,2,4.0,8.0,UNKNOWN,UNKNOWN,2023-06-08,Thursday,June
7204,TXN_1072984,Tea,4,1.5,6.0,Digital Wallet,UNKNOWN,2023-01-11,Wednesday,January
7205,TXN_3238759,Sandwich,5,4.0,20.0,Digital Wallet,In-store,2023-07-20,Thursday,July
7206,TXN_9802771,Smoothie,2,4.0,8.0,UNKNOWN,UNKNOWN,2023-02-11,Saturday,February
7207,TXN_3858607,Salad,5,5.0,25.0,Digital Wallet,UNKNOWN,2023-12-02,Saturday,December
7208,TXN_3585602,Juice,2,3.0,6.0,Cash,In-store,2023-04-17,Monday,April
7209,TXN_8096618,Coffee,4,2.0,8.0,Digital Wallet,In-store,2023-02-20,Monday,February
7210,TXN_8363711,Smoothie,2,4.0,8.0,UNKNOWN,In-store,2023-05-21,Sunday,May
7211,TXN_2639283,Juice,5,3.0,15.0,Digital Wallet,Takeaway,2023-08-13,Sunday,August
7212,TXN_1505837,Sandwich,3,4.0,12.0,Credit Card,In-store,2023-12-15,Friday,December
7213,TXN_2566299,Juice,2,3.0,6.0,Cash,UNKNOWN,2023-08-20,Sunday,August
7214,TXN_7292790,Cookie,4,1.0,4.0,Cash,In-store,2023-06-13,Tuesday,June
7215,TXN_7631496,Cookie,3,1.0,3.0,Digital Wallet,In-store,2023-11-05,Sunday,November
7216,TXN_6251282,Juice,4,3.0,12.0,Cash,UNKNOWN,2023-11-15,Wednesday,November
7217,TXN_6266750,Sandwich,1,4.0,4.0,Cash,UNKNOWN,2023-04-21,Friday,April
7218,TXN_6770844,Juice,1,3.0,3.0,Digital Wallet,In-store,2023-05-08,Monday,May
7220,TXN_4699911,Coffee,2,2.0,4.0,Digital Wallet,Takeaway,2023-07-21,Friday,July
7221,TXN_3472433,Coffee,4,2.0,8.0,Credit Card,Takeaway,2023-10-29,Sunday,October
7222,TXN_7179827,Juice,4,3.0,12.0,Credit Card,In-store,2023-06-28,Wednesday,June
7224,TXN_9800351,Tea,3,1.5,4.5,Cash,UNKNOWN,2023-06-16,Friday,June
7225,TXN_4216821,Tea,2,1.5,3.0,UNKNOWN,UNKNOWN,2023-07-02,Sunday,July
7228,TXN_5188872,Cake,3,3.0,9.0,UNKNOWN,In-store,2023-07-21,Friday,July
7229,TXN_9927220,Juice,5,3.0,15.0,Cash,UNKNOWN,2023-09-14,Thursday,September
7230,TXN_5118799,Cookie,2,1.0,2.0,Cash,Takeaway,2023-04-23,Sunday,April
7232,TXN_7187578,Salad,5,5.0,25.0,UNKNOWN,In-store,2023-11-20,Monday,November
7234,TXN_6046363,Smoothie,5,4.0,20.0,Digital Wallet,Takeaway,2023-03-20,Monday,March
7235,TXN_2920578,Smoothie,4,4.0,16.0,Cash,UNKNOWN,2023-09-06,Wednesday,September
7236,TXN_7117210,Juice,4,3.0,12.0,Digital Wallet,In-store,2023-09-25,Monday,September
7237,TXN_5823330,Salad,3,5.0,15.0,Digital Wallet,In-store,2023-10-19,Thursday,October
7238,TXN_8155540,Salad,5,5.0,25.0,Credit Card,Takeaway,2023-03-19,Sunday,March
7239,TXN_2418609,Sandwich,2,4.0,8.0,Digital Wallet,In-store,2023-09-06,Wednesday,September
7240,TXN_8570149,Tea,1,1.5,1.5,Credit Card,UNKNOWN,2023-06-03,Saturday,June
7241,TXN_4382802,Sandwich,1,4.0,4.0,Digital Wallet,Takeaway,2023-07-17,Monday,July
7242,TXN_9970964,Smoothie,2,4.0,8.0,Credit Card,Takeaway,2023-07-07,Friday,July
7243,TXN_5946779,Sandwich,1,4.0,4.0,Cash,In-store,2023-05-25,Thursday,May
7244,TXN_2253622,Sandwich,5,4.0,20.0,Digital Wallet,Takeaway,2023-09-30,Saturday,September
7245,TXN_8982328,Juice,1,3.0,3.0,Credit Card,In-store,2023-10-20,Friday,October
7246,TXN_9969706,Cake,5,3.0,15.0,UNKNOWN,In-store,2023-03-17,Friday,March
7247,TXN_1915046,Sandwich,5,4.0,20.0,UNKNOWN,UNKNOWN,2023-04-12,Wednesday,April
7248,TXN_4624019,Cookie,1,1.0,1.0,Cash,UNKNOWN,2023-02-12,Sunday,February
7249,TXN_1773856,Cake,2,3.0,6.0,UNKNOWN,UNKNOWN,2023-08-11,Friday,August
7250,TXN_6667083,Cake,1,3.0,3.0,Cash,UNKNOWN,2023-03-19,Sunday,March
7252,TXN_5144090,Coffee,5,2.0,10.0,Digital Wallet,UNKNOWN,2023-05-15,Monday,May
7253,TXN_1322421,Juice,4,3.0,12.0,Credit Card,Takeaway,2023-03-05,Sunday,March
7254,TXN_4474441,Coffee,4,2.0,8.0,Credit Card,UNKNOWN,2023-08-23,Wednesday,August
7255,TXN_6598343,Juice,4,3.0,12.0,UNKNOWN,UNKNOWN,2023-07-10,Monday,July
7256,TXN_1297663,Smoothie,5,4.0,20.0,Credit Card,UNKNOWN,2023-09-12,Tuesday,September
7257,TXN_4972634,Sandwich,5,4.0,20.0,Credit Card,In-store,2023-07-22,Saturday,July
7259,TXN_8159772,Cake,1,3.0,3.0,Credit Card,In-store,2023-10-02,Monday,October
7260,TXN_7137800,Tea,1,1.5,1.5,UNKNOWN,Takeaway,2023-02-22,Wednesday,February
7261,TXN_4360970,Tea,3,1.5,4.5,Digital Wallet,Takeaway,2023-06-28,Wednesday,June
7262,TXN_6529863,Salad,3,5.0,15.0,UNKNOWN,Takeaway,2023-08-16,Wednesday,August
7263,TXN_3886583,Tea,3,1.5,4.5,Digital Wallet,In-store,2023-05-03,Wednesday,May
7264,TXN_9315004,Sandwich,5,4.0,20.0,Digital Wallet,In-store,2023-12-21,Thursday,December
7266,TXN_4039864,Cake,2,3.0,6.0,Cash,In-store,2023-07-24,Monday,July
7268,TXN_8103754,Salad,5,5.0,25.0,Cash,Takeaway,2023-01-29,Sunday,January
7269,TXN_6318017,Tea,3,1.5,4.5,Cash,In-store,2023-06-23,Friday,June
7270,TXN_9608271,Coffee,2,2.0,4.0,UNKNOWN,UNKNOWN,2023-10-24,Tuesday,October
7271,TXN_4583009,Salad,5,5.0,25.0,Credit Card,In-store,2023-01-08,Sunday,January
7272,TXN_2536821,Salad,5,5.0,25.0,UNKNOWN,Takeaway,2023-12-01,Friday,December
7273,TXN_5820621,Cookie,5,1.0,5.0,UNKNOWN,In-store,2023-12-01,Friday,December
7274,TXN_2878994,Sandwich,1,4.0,4.0,UNKNOWN,UNKNOWN,2023-05-19,Friday,May
7276,TXN_6492477,Coffee,5,2.0,10.0,UNKNOWN,UNKNOWN,2023-02-03,Friday,February
7278,TXN_4496616,Salad,5,5.0,25.0,UNKNOWN,Takeaway,2023-10-07,Saturday,October
7279,TXN_3190538,Coffee,2,2.0,4.0,Digital Wallet,UNKNOWN,2023-06-03,Saturday,June
7280,TXN_8863649,Cookie,1,1.0,1.0,Credit Card,In-store,2023-03-05,Sunday,March
7281,TXN_8078312,Cookie,1,1.0,1.0,UNKNOWN,UNKNOWN,2023-09-24,Sunday,September
7284,TXN_8942829,Salad,5,5.0,25.0,Cash,UNKNOWN,2023-03-11,Saturday,March
7285,TXN_1604072,Coffee,2,2.0,4.0,UNKNOWN,UNKNOWN,2023-01-01,Sunday,January
7287,TXN_1830432,Cookie,3,1.0,3.0,Digital Wallet,Takeaway,2023-11-02,Thursday,November
7288,TXN_4314504,Cake,1,3.0,3.0,UNKNOWN,In-store,2023-06-01,Thursday,June
7289,TXN_2880516,Tea,1,1.5,1.5,Cash,In-store,2023-03-26,Sunday,March
7290,TXN_4649079,Cookie,4,1.0,4.0,UNKNOWN,Takeaway,2023-07-26,Wednesday,July
7291,TXN_6383336,Cake,2,3.0,6.0,UNKNOWN,Takeaway,2023-01-21,Saturday,January
7292,TXN_7605163,Salad,1,5.0,5.0,UNKNOWN,Takeaway,2023-08-15,Tuesday,August
7293,TXN_2294603,Tea,1,1.5,1.5,Credit Card,Takeaway,2023-09-02,Saturday,September
7294,TXN_7097760,Coffee,3,2.0,6.0,Digital Wallet,UNKNOWN,2023-10-24,Tuesday,October
7296,TXN_1220061,Sandwich,3,4.0,12.0,Digital Wallet,In-store,2023-09-03,Sunday,September
7298,TXN_1329167,Tea,5,1.5,7.5,UNKNOWN,Takeaway,2023-01-14,Saturday,January
7299,TXN_3463337,Juice,5,3.0,15.0,Credit Card,In-store,2023-09-20,Wednesday,September
7300,TXN_8016623,Tea,2,1.5,3.0,Cash,Takeaway,2023-05-09,Tuesday,May
7301,TXN_9525078,Salad,5,5.0,25.0,UNKNOWN,Takeaway,2023-07-23,Sunday,July
7302,TXN_2841233,Cookie,1,1.0,1.0,Cash,Takeaway,2023-12-01,Friday,December
7303,TXN_1458905,Sandwich,1,4.0,4.0,Digital Wallet,Takeaway,2023-02-19,Sunday,February
7304,TXN_3977520,Coffee,5,2.0,10.0,UNKNOWN,UNKNOWN,2023-08-08,Tuesday,August
7305,TXN_3330279,Cake,1,3.0,3.0,Credit Card,UNKNOWN,2023-11-13,Monday,November
7306,TXN_6234882,Cookie,4,1.0,4.0,Credit Card,UNKNOWN,2023-01-01,Sunday,January
7309,TXN_6093955,Tea,5,1.5,7.5,UNKNOWN,Takeaway,2023-01-01,Sunday,January
7311,TXN_7994903,Smoothie,4,4.0,16.0,Credit Card,In-store,2023-01-09,Monday,January
7312,TXN_3109161,Sandwich,3,4.0,12.0,Digital Wallet,UNKNOWN,2023-09-11,Monday,September
7313,TXN_2185727,Salad,4,5.0,20.0,Digital Wallet,In-store,2023-10-08,Sunday,October
7314,TXN_8971366,Juice,2,3.0,6.0,Digital Wallet,In-store,2023-08-24,Thursday,August
7315,TXN_3669866,Tea,3,1.5,4.5,Digital Wallet,In-store,2023-05-10,Wednesday,May
7316,TXN_9395223,Cookie,4,1.0,4.0,Credit Card,In-store,2023-12-29,Friday,December
7317,TXN_7963892,Salad,1,5.0,5.0,UNKNOWN,Takeaway,2023-08-15,Tuesday,August
7318,TXN_6325639,Juice,3,3.0,9.0,UNKNOWN,In-store,2023-07-19,Wednesday,July
7319,TXN_3856510,Smoothie,5,4.0,20.0,Cash,UNKNOWN,2023-10-21,Saturday,October
7320,TXN_4779192,Cookie,5,1.0,5.0,Digital Wallet,UNKNOWN,2023-11-06,Monday,November
7322,TXN_5808719,Juice,1,3.0,3.0,Cash,In-store,2023-10-01,Sunday,October
7323,TXN_2817210,Cake,4,3.0,12.0,UNKNOWN,UNKNOWN,2023-11-10,Friday,November
7324,TXN_1985396,Sandwich,3,4.0,12.0,Cash,In-store,2023-01-23,Monday,January
7326,TXN_1533652,Tea,3,1.5,4.5,Cash,In-store,2023-08-17,Thursday,August
7327,TXN_6345619,Cake,5,3.0,15.0,Digital Wallet,Takeaway,2023-12-09,Saturday,December
7328,TXN_3218971,Sandwich,5,4.0,20.0,Credit Card,UNKNOWN,2023-06-13,Tuesday,June
7329,TXN_8127681,Smoothie,1,4.0,4.0,Credit Card,Takeaway,2023-09-02,Saturday,September
7330,TXN_7328604,Salad,2,5.0,10.0,Credit Card,UNKNOWN,2023-02-25,Saturday,February
7331,TXN_4574757,Juice,2,3.0,6.0,UNKNOWN,In-store,2023-08-05,Saturday,August
7332,TXN_9505924,Cake,4,3.0,12.0,UNKNOWN,UNKNOWN,2023-03-17,Friday,March
7333,TXN_9482559,Cookie,1,1.0,1.0,UNKNOWN,In-store,2023-08-04,Friday,August
7334,TXN_7705153,Tea,1,1.5,1.5,Digital Wallet,In-store,2023-01-25,Wednesday,January
7335,TXN_7037557,Salad,4,5.0,20.0,Cash,UNKNOWN,2023-05-02,Tuesday,May
7336,TXN_9517548,Coffee,3,2.0,6.0,Cash,Takeaway,2023-01-25,Wednesday,January
7337,TXN_4467046,Salad,4,5.0,20.0,Digital Wallet,Takeaway,2023-09-27,Wednesday,September
7338,TXN_5074212,Juice,5,3.0,15.0,UNKNOWN,UNKNOWN,2023-05-14,Sunday,May
7339,TXN_8167530,Cake,3,3.0,9.0,Cash,In-store,2023-03-08,Wednesday,March
7341,TXN_5492822,Coffee,4,2.0,8.0,Digital Wallet,Takeaway,2023-12-16,Saturday,December
7342,TXN_8538125,Cake,5,3.0,15.0,Digital Wallet,UNKNOWN,2023-05-30,Tuesday,May
7343,TXN_1091115,Sandwich,5,4.0,20.0,Cash,Takeaway,2023-11-04,Saturday,November
7344,TXN_5350286,Sandwich,5,4.0,20.0,Credit Card,UNKNOWN,2023-02-18,Saturday,February
7345,TXN_1534223,Cake,3,3.0,9.0,Credit Card,UNKNOWN,2023-01-30,Monday,January
7347,TXN_7961171,Juice,3,3.0,9.0,Cash,In-store,2023-01-27,Friday,January
7349,TXN_6177334,Juice,1,3.0,3.0,Credit Card,In-store,2023-02-15,Wednesday,February
7350,TXN_7466297,Cookie,1,1.0,1.0,Digital Wallet,UNKNOWN,2023-07-13,Thursday,July
7351,TXN_2693278,Tea,3,1.5,4.5,UNKNOWN,UNKNOWN,2023-11-26,Sunday,November
7352,TXN_3561149,Juice,4,3.0,12.0,Digital Wallet,Takeaway,2023-05-20,Saturday,May
7353,TXN_2227825,Sandwich,5,4.0,20.0,Credit Card,UNKNOWN,2023-06-05,Monday,June
7354,TXN_9965686,Cake,4,3.0,12.0,Credit Card,Takeaway,2023-10-02,Monday,October
7355,TXN_5303413,Coffee,1,2.0,2.0,Digital Wallet,In-store,2023-06-21,Wednesday,June
7356,TXN_5328814,Tea,3,1.5,4.5,Cash,UNKNOWN,2023-10-18,Wednesday,October
7359,TXN_2334962,Juice,5,3.0,15.0,UNKNOWN,UNKNOWN,2023-01-31,Tuesday,January
7360,TXN_9321776,Cake,1,3.0,3.0,UNKNOWN,UNKNOWN,2023-04-23,Sunday,April
7362,TXN_7625537,Juice,3,3.0,9.0,UNKNOWN,Takeaway,2023-12-09,Saturday,December
7363,TXN_8722491,Smoothie,4,4.0,16.0,Cash,UNKNOWN,2023-04-24,Monday,April
7364,TXN_4129569,Cookie,4,1.0,4.0,Digital Wallet,UNKNOWN,2023-08-27,Sunday,August
7365,TXN_6018020,Cookie,2,1.0,2.0,Credit Card,Takeaway,2023-01-12,Thursday,January
7366,TXN_3305132,Cake,4,3.0,12.0,Credit Card,Takeaway,2023-01-30,Monday,January
7367,TXN_7951885,Salad,3,5.0,15.0,Credit Card,UNKNOWN,2023-12-08,Friday,December
7368,TXN_9090875,Cake,2,3.0,6.0,UNKNOWN,In-store,2023-04-19,Wednesday,April
7369,TXN_9175684,Tea,3,1.5,4.5,UNKNOWN,UNKNOWN,2023-09-16,Saturday,September
7370,TXN_1640649,Cookie,4,1.0,4.0,UNKNOWN,In-store,2023-12-05,Tuesday,December
7371,TXN_9845746,Cake,1,3.0,3.0,Digital Wallet,In-store,2023-09-23,Saturday,September
7372,TXN_1547704,Coffee,5,2.0,10.0,Cash,In-store,2023-02-14,Tuesday,February
7374,TXN_8477415,Salad,2,5.0,10.0,Credit Card,UNKNOWN,2023-05-01,Monday,May
7375,TXN_1039367,Sandwich,3,4.0,12.0,Cash,UNKNOWN,2023-03-12,Sunday,March
7376,TXN_5433982,Salad,5,5.0,25.0,Digital Wallet,UNKNOWN,2023-07-07,Friday,July
7378,TXN_2838588,Coffee,2,2.0,4.0,UNKNOWN,In-store,2023-01-28,Saturday,January
7379,TXN_6135727,Juice,4,3.0,12.0,Digital Wallet,Takeaway,2023-12-15,Friday,December
7380,TXN_3660227,Juice,4,3.0,12.0,Credit Card,Takeaway,2023-05-13,Saturday,May
7381,TXN_5640232,Sandwich,4,4.0,16.0,Digital Wallet,UNKNOWN,2023-04-08,Saturday,April
7382,TXN_4064310,Tea,4,1.5,6.0,Cash,Takeaway,2023-07-24,Monday,July
7383,TXN_7418562,Sandwich,4,4.0,16.0,UNKNOWN,UNKNOWN,2023-01-15,Sunday,January
7384,TXN_2978326,Smoothie,3,4.0,12.0,Cash,UNKNOWN,2023-12-02,Saturday,December
7385,TXN_9616828,Coffee,2,2.0,4.0,Digital Wallet,Takeaway,2023-12-20,Wednesday,December
7386,TXN_1522122,Cookie,5,1.0,5.0,Credit Card,In-store,2023-02-14,Tuesday,February
7387,TXN_2360229,Sandwich,1,4.0,4.0,Digital Wallet,UNKNOWN,2023-06-18,Sunday,June
7389,TXN_5285666,Coffee,5,2.0,10.0,Cash,UNKNOWN,2023-03-20,Monday,March
7390,TXN_5029453,Sandwich,2,4.0,8.0,Digital Wallet,In-store,2023-06-24,Saturday,June
7391,TXN_6117421,Cake,2,3.0,6.0,Cash,UNKNOWN,2023-05-04,Thursday,May
7392,TXN_8759461,Tea,2,1.5,3.0,Cash,In-store,2023-01-31,Tuesday,January
7393,TXN_2962728,Salad,4,5.0,20.0,Credit Card,UNKNOWN,2023-12-05,Tuesday,December
7394,TXN_6527482,Juice,1,3.0,3.0,UNKNOWN,Takeaway,2023-08-27,Sunday,August
7395,TXN_4256200,Tea,5,1.5,7.5,UNKNOWN,UNKNOWN,2023-06-29,Thursday,June
7396,TXN_6276679,Cookie,3,1.0,3.0,Digital Wallet,Takeaway,2023-11-08,Wednesday,November
7397,TXN_2507188,Coffee,1,2.0,2.0,Credit Card,UNKNOWN,2023-02-04,Saturday,February
7398,TXN_9386165,Sandwich,2,4.0,8.0,Digital Wallet,In-store,2023-06-01,Thursday,June
7399,TXN_6064232,Tea,2,1.5,3.0,Credit Card,Takeaway,2023-04-09,Sunday,April
7400,TXN_3604017,Cake,4,3.0,12.0,Digital Wallet,In-store,2023-09-21,Thursday,September
7401,TXN_3486548,Tea,1,1.5,1.5,Digital Wallet,UNKNOWN,2023-07-08,Saturday,July
7402,TXN_1465584,Sandwich,1,4.0,4.0,Credit Card,In-store,2023-04-29,Saturday,April
7404,TXN_7662502,Cake,1,3.0,3.0,UNKNOWN,In-store,2023-03-06,Monday,March
7405,TXN_3212505,Sandwich,3,4.0,12.0,Credit Card,UNKNOWN,2023-07-15,Saturday,July
7407,TXN_2311188,Cake,2,3.0,6.0,Digital Wallet,UNKNOWN,2023-09-07,Thursday,September
7408,TXN_6344806,Juice,3,3.0,9.0,Credit Card,UNKNOWN,2023-05-08,Monday,May
7409,TXN_4891221,Cookie,5,1.0,5.0,UNKNOWN,Takeaway,2023-12-09,Saturday,December
7411,TXN_7419274,Juice,2,3.0,6.0,Cash,Takeaway,2023-12-18,Monday,December
7412,TXN_2178059,Sandwich,4,4.0,16.0,UNKNOWN,In-store,2023-03-24,Friday,March
7413,TXN_2205071,Coffee,5,2.0,10.0,Credit Card,In-store,2023-11-23,Thursday,November
7414,TXN_5790078,Juice,4,3.0,12.0,Digital Wallet,Takeaway,2023-04-16,Sunday,April
7415,TXN_4119210,Tea,3,1.5,4.5,Cash,In-store,2023-05-02,Tuesday,May
7416,TXN_2349072,Smoothie,5,4.0,20.0,Cash,Takeaway,2023-09-06,Wednesday,September
7417,TXN_3670103,Tea,2,1.5,3.0,UNKNOWN,In-store,2023-04-30,Sunday,April
7419,TXN_6444911,Juice,5,3.0,15.0,Credit Card,UNKNOWN,2023-02-11,Saturday,February
7420,TXN_4186842,Juice,5,3.0,15.0,UNKNOWN,Takeaway,2023-10-29,Sunday,October
7421,TXN_2194305,Sandwich,2,4.0,8.0,Credit Card,Takeaway,2023-09-16,Saturday,September
7422,TXN_2002049,Coffee,5,2.0,10.0,UNKNOWN,UNKNOWN,2023-03-17,Friday,March
7423,TXN_4837447,Cake,2,3.0,6.0,Digital Wallet,Takeaway,2023-11-06,Monday,November
7424,TXN_5517185,Smoothie,3,4.0,12.0,Digital Wallet,UNKNOWN,2023-11-05,Sunday,November
7426,TXN_3373997,Salad,4,5.0,20.0,UNKNOWN,UNKNOWN,2023-02-01,Wednesday,February
7427,TXN_1950343,Cookie,2,1.0,2.0,UNKNOWN,UNKNOWN,2023-07-25,Tuesday,July
7428,TXN_4477016,Sandwich,4,4.0,16.0,UNKNOWN,In-store,2023-04-12,Wednesday,April
7429,TXN_2644403,Tea,4,1.5,6.0,UNKNOWN,UNKNOWN,2023-12-22,Friday,December
7431,TXN_7246698,Sandwich,3,4.0,12.0,UNKNOWN,In-store,2023-06-22,Thursday,June
7432,TXN_8063016,Cookie,1,1.0,1.0,Cash,UNKNOWN,2023-02-27,Monday,February
7433,TXN_9215670,Coffee,3,2.0,6.0,Cash,Takeaway,2023-05-04,Thursday,May
7434,TXN_6780463,Tea,3,1.5,4.5,UNKNOWN,UNKNOWN,2023-10-26,Thursday,October
7436,TXN_5560669,Salad,5,5.0,25.0,Credit Card,UNKNOWN,2023-06-30,Friday,June
7437,TXN_4046095,Juice,2,3.0,6.0,Digital Wallet,Takeaway,2023-10-12,Thursday,October
7438,TXN_6559598,Juice,1,3.0,3.0,Digital Wallet,UNKNOWN,2023-05-08,Monday,May
7439,TXN_9707159,Cake,5,3.0,15.0,Credit Card,In-store,2023-11-10,Friday,November
7440,TXN_9983518,Tea,2,1.5,3.0,Credit Card,In-store,2023-07-18,Tuesday,July
7441,TXN_1714348,Sandwich,2,4.0,8.0,Cash,Takeaway,2023-12-31,Sunday,December
7442,TXN_8211288,Smoothie,1,4.0,4.0,Cash,In-store,2023-04-23,Sunday,April
7443,TXN_7035067,Salad,2,5.0,10.0,Cash,UNKNOWN,2023-09-29,Friday,September
7444,TXN_6335423,Coffee,2,2.0,4.0,Credit Card,In-store,2023-06-18,Sunday,June
7445,TXN_9475783,Sandwich,5,4.0,20.0,Credit Card,Takeaway,2023-02-11,Saturday,February
7446,TXN_4108869,Smoothie,5,4.0,20.0,UNKNOWN,UNKNOWN,2023-05-02,Tuesday,May
7447,TXN_6011341,Juice,4,3.0,12.0,UNKNOWN,In-store,2023-12-21,Thursday,December
7448,TXN_5257531,Tea,2,1.5,3.0,UNKNOWN,UNKNOWN,2023-04-10,Monday,April
7449,TXN_1645743,Cookie,4,1.0,4.0,Digital Wallet,Takeaway,2023-07-02,Sunday,July
7450,TXN_8167311,Salad,1,5.0,5.0,UNKNOWN,Takeaway,2023-10-09,Monday,October
7451,TXN_2377667,Smoothie,3,4.0,12.0,Digital Wallet,Takeaway,2023-10-27,Friday,October
7453,TXN_3312574,Cookie,2,1.0,2.0,UNKNOWN,UNKNOWN,2023-11-03,Friday,November
7454,TXN_9208629,Cake,1,3.0,3.0,UNKNOWN,Takeaway,2023-03-30,Thursday,March
7455,TXN_6846085,Cookie,4,1.0,4.0,Digital Wallet,UNKNOWN,2023-02-26,Sunday,February
7459,TXN_6716151,Sandwich,3,4.0,12.0,Digital Wallet,Takeaway,2023-01-26,Thursday,January
7460,TXN_5303258,Sandwich,4,4.0,16.0,Digital Wallet,In-store,2023-09-28,Thursday,September
7461,TXN_2947683,Cake,3,3.0,9.0,UNKNOWN,In-store,2023-05-14,Sunday,May
7462,TXN_8831659,Sandwich,1,4.0,4.0,Credit Card,UNKNOWN,2023-01-29,Sunday,January
7465,TXN_2188342,Coffee,3,2.0,6.0,Cash,UNKNOWN,2023-09-10,Sunday,September
7466,TXN_3843943,Tea,5,1.5,7.5,UNKNOWN,Takeaway,2023-07-01,Saturday,July
7467,TXN_4989644,Juice,5,3.0,15.0,Digital Wallet,UNKNOWN,2023-11-13,Monday,November
7468,TXN_9456357,Cake,3,3.0,9.0,Credit Card,UNKNOWN,2023-02-21,Tuesday,February
7469,TXN_9549021,Salad,2,5.0,10.0,UNKNOWN,UNKNOWN,2023-11-25,Saturday,November
7470,TXN_9263030,Sandwich,5,4.0,20.0,Cash,Takeaway,2023-07-03,Monday,July
7471,TXN_9732454,Smoothie,5,4.0,20.0,UNKNOWN,In-store,2023-07-28,Friday,July
7472,TXN_4129476,Coffee,2,2.0,4.0,Cash,UNKNOWN,2023-10-24,Tuesday,October
7473,TXN_7060691,Salad,5,5.0,25.0,Credit Card,UNKNOWN,2023-10-25,Wednesday,October
7475,TXN_5528787,Juice,2,3.0,6.0,Digital Wallet,UNKNOWN,2023-10-22,Sunday,October
7476,TXN_8952145,Cake,3,3.0,9.0,Credit Card,Takeaway,2023-01-28,Saturday,January
7477,TXN_8062811,Coffee,2,2.0,4.0,Cash,Takeaway,2023-04-07,Friday,April
7479,TXN_2020445,Smoothie,2,4.0,8.0,Cash,UNKNOWN,2023-03-06,Monday,March
7480,TXN_7855761,Cookie,1,1.0,1.0,Cash,In-store,2023-01-10,Tuesday,January
7481,TXN_9455977,Tea,1,1.5,1.5,Digital Wallet,Takeaway,2023-03-10,Friday,March
7482,TXN_6684056,Smoothie,2,4.0,8.0,UNKNOWN,UNKNOWN,2023-09-14,Thursday,September
7483,TXN_6085326,Cake,2,3.0,6.0,UNKNOWN,UNKNOWN,2023-08-22,Tuesday,August
7484,TXN_4528522,Coffee,5,2.0,10.0,Digital Wallet,Takeaway,2023-12-04,Monday,December
7485,TXN_7049861,Cake,5,3.0,15.0,Cash,In-store,2023-01-20,Friday,January
7486,TXN_7312448,Tea,1,1.5,1.5,UNKNOWN,UNKNOWN,2023-01-16,Monday,January
7488,TXN_4982382,Salad,1,5.0,5.0,Cash,UNKNOWN,2023-01-05,Thursday,January
7489,TXN_9001844,Sandwich,1,4.0,4.0,Cash,Takeaway,2023-08-02,Wednesday,August
7490,TXN_9104710,Salad,5,5.0,25.0,Cash,Takeaway,2023-03-20,Monday,March
7491,TXN_8266662,Coffee,5,2.0,10.0,Credit Card,UNKNOWN,2023-04-09,Sunday,April
7493,TXN_7755216,Salad,5,5.0,25.0,UNKNOWN,In-store,2023-02-03,Friday,February
7494,TXN_2241162,Juice,3,3.0,9.0,UNKNOWN,UNKNOWN,2023-08-09,Wednesday,August
7495,TXN_5757933,Tea,1,1.5,1.5,Cash,UNKNOWN,2023-02-20,Monday,February
7496,TXN_8859144,Cake,1,3.0,3.0,Digital Wallet,Takeaway,2023-01-15,Sunday,January
7497,TXN_8740257,Cake,5,3.0,15.0,Digital Wallet,UNKNOWN,2023-06-09,Friday,June
7498,TXN_4271034,Smoothie,3,4.0,12.0,Digital Wallet,In-store,2023-02-28,Tuesday,February
7499,TXN_2741424,Tea,4,1.5,6.0,Credit Card,In-store,2023-05-03,Wednesday,May
7501,TXN_6676143,Sandwich,5,4.0,20.0,Cash,In-store,2023-05-21,Sunday,May
7502,TXN_2199647,Salad,1,5.0,5.0,Cash,UNKNOWN,2023-05-05,Friday,May
7503,TXN_3016079,Smoothie,3,4.0,12.0,Digital Wallet,Takeaway,2023-09-24,Sunday,September
7505,TXN_6881662,Salad,2,5.0,10.0,Digital Wallet,Takeaway,2023-07-10,Monday,July
7506,TXN_4238818,Coffee,2,2.0,4.0,Digital Wallet,UNKNOWN,2023-04-05,Wednesday,April
7507,TXN_2146829,Salad,4,5.0,20.0,Cash,UNKNOWN,2023-12-26,Tuesday,December
7508,TXN_8131537,Smoothie,2,4.0,8.0,Credit Card,UNKNOWN,2023-12-03,Sunday,December
7509,TXN_9812021,Tea,5,1.5,7.5,Credit Card,In-store,2023-02-12,Sunday,February
7510,TXN_7947711,Salad,3,5.0,15.0,Digital Wallet,Takeaway,2023-12-06,Wednesday,December
7511,TXN_6774688,Salad,1,5.0,5.0,Credit Card,UNKNOWN,2023-01-18,Wednesday,January
7512,TXN_3949676,Juice,4,3.0,12.0,Credit Card,In-store,2023-12-21,Thursday,December
7513,TXN_4283693,Salad,2,5.0,10.0,Cash,In-store,2023-01-05,Thursday,January
7514,TXN_2274945,Sandwich,4,4.0,16.0,Cash,In-store,2023-03-29,Wednesday,March
7516,TXN_6787259,Sandwich,2,4.0,8.0,Credit Card,In-store,2023-08-18,Friday,August
7517,TXN_7062893,Smoothie,2,4.0,8.0,Digital Wallet,In-store,2023-10-15,Sunday,October
7519,TXN_8533584,Cookie,2,1.0,2.0,Cash,Takeaway,2023-03-11,Saturday,March
7520,TXN_4311369,Smoothie,2,4.0,8.0,Digital Wallet,Takeaway,2023-08-18,Friday,August
7521,TXN_7123353,Cookie,4,1.0,4.0,UNKNOWN,In-store,2023-02-08,Wednesday,February
7522,TXN_8230414,Sandwich,4,4.0,16.0,Cash,UNKNOWN,2023-11-20,Monday,November
7523,TXN_3738314,Sandwich,4,4.0,16.0,UNKNOWN,UNKNOWN,2023-08-06,Sunday,August
7524,TXN_3200434,Cake,4,3.0,12.0,UNKNOWN,UNKNOWN,2023-02-18,Saturday,February
7525,TXN_7485706,Cookie,5,1.0,5.0,Credit Card,Takeaway,2023-11-15,Wednesday,November
7526,TXN_9908225,Smoothie,5,4.0,20.0,Credit Card,In-store,2023-01-04,Wednesday,January
7527,TXN_7163533,Smoothie,4,4.0,16.0,Credit Card,Takeaway,2023-08-17,Thursday,August
7528,TXN_6867995,Cookie,3,1.0,3.0,Digital Wallet,In-store,2023-10-15,Sunday,October
7529,TXN_9563685,Salad,1,5.0,5.0,Credit Card,UNKNOWN,2023-07-28,Friday,July
7530,TXN_3345675,Cookie,4,1.0,4.0,UNKNOWN,UNKNOWN,2023-09-23,Saturday,September
7531,TXN_9890734,Smoothie,4,4.0,16.0,UNKNOWN,Takeaway,2023-04-17,Monday,April
7532,TXN_7697294,Smoothie,3,4.0,12.0,UNKNOWN,UNKNOWN,2023-01-17,Tuesday,January
7533,TXN_5256055,Salad,5,5.0,25.0,Credit Card,Takeaway,2023-02-07,Tuesday,February
7534,TXN_3399674,Smoothie,5,4.0,20.0,Digital Wallet,UNKNOWN,2023-12-09,Saturday,December
7535,TXN_6067979,Sandwich,1,4.0,4.0,Credit Card,In-store,2023-07-29,Saturday,July
7536,TXN_4340811,Cake,5,3.0,15.0,UNKNOWN,In-store,2023-04-15,Saturday,April
7537,TXN_6515226,Juice,1,3.0,3.0,Digital Wallet,UNKNOWN,2023-01-05,Thursday,January
7538,TXN_6069730,Juice,1,3.0,3.0,Cash,In-store,2023-02-05,Sunday,February
7539,TXN_2396191,Juice,4,3.0,12.0,Credit Card,UNKNOWN,2023-05-12,Friday,May
7540,TXN_5223162,Juice,3,3.0,9.0,Digital Wallet,UNKNOWN,2023-10-29,Sunday,October
7541,TXN_4224401,Salad,3,5.0,15.0,Digital Wallet,In-store,2023-12-18,Monday,December
7542,TXN_9298882,Sandwich,3,4.0,12.0,UNKNOWN,UNKNOWN,2023-01-13,Friday,January
7543,TXN_1048616,Tea,1,1.5,1.5,Cash,UNKNOWN,2023-10-10,Tuesday,October
7544,TXN_5896141,Smoothie,5,4.0,20.0,UNKNOWN,In-store,2023-03-08,Wednesday,March
7546,TXN_6929664,Coffee,1,2.0,2.0,UNKNOWN,Takeaway,2023-03-05,Sunday,March
7547,TXN_1570632,Sandwich,5,4.0,20.0,Digital Wallet,UNKNOWN,2023-02-28,Tuesday,February
7548,TXN_4650811,Tea,5,1.5,7.5,Cash,UNKNOWN,2023-09-26,Tuesday,September
7549,TXN_9858152,Smoothie,2,4.0,8.0,Digital Wallet,In-store,2023-01-28,Saturday,January
7550,TXN_2666773,Juice,3,3.0,9.0,Credit Card,UNKNOWN,2023-06-29,Thursday,June
7552,TXN_4060332,Smoothie,3,4.0,12.0,Credit Card,Takeaway,2023-07-10,Monday,July
7553,TXN_2780349,Coffee,5,2.0,10.0,Cash,UNKNOWN,2023-11-12,Sunday,November
7555,TXN_2905218,Smoothie,5,4.0,20.0,Cash,In-store,2023-09-03,Sunday,September
7556,TXN_2041190,Juice,1,3.0,3.0,Digital Wallet,UNKNOWN,2023-11-04,Saturday,November
7557,TXN_8269366,Sandwich,1,4.0,4.0,UNKNOWN,UNKNOWN,2023-10-31,Tuesday,October
7558,TXN_8277583,Cookie,5,1.0,5.0,Digital Wallet,Takeaway,2023-08-15,Tuesday,August
7559,TXN_3785049,Sandwich,4,4.0,16.0,UNKNOWN,UNKNOWN,2023-11-26,Sunday,November
7560,TXN_8819928,Coffee,5,2.0,10.0,UNKNOWN,UNKNOWN,2023-06-03,Saturday,June
7561,TXN_2078317,Tea,1,1.5,1.5,Cash,In-store,2023-09-21,Thursday,September
7563,TXN_4442954,Coffee,2,2.0,4.0,Cash,UNKNOWN,2023-12-15,Friday,December
7565,TXN_1560873,Cookie,2,1.0,2.0,UNKNOWN,Takeaway,2023-07-19,Wednesday,July
7566,TXN_7057481,Smoothie,3,4.0,12.0,Cash,In-store,2023-07-11,Tuesday,July
7567,TXN_6869767,Smoothie,2,4.0,8.0,Digital Wallet,Takeaway,2023-06-06,Tuesday,June
7568,TXN_3705445,Cookie,5,1.0,5.0,Cash,In-store,2023-09-13,Wednesday,September
7569,TXN_9714665,Salad,1,5.0,5.0,UNKNOWN,Takeaway,2023-11-11,Saturday,November
7570,TXN_4155770,Salad,5,5.0,25.0,UNKNOWN,In-store,2023-09-20,Wednesday,September
7571,TXN_1828494,Juice,2,3.0,6.0,Digital Wallet,Takeaway,2023-07-21,Friday,July
7573,TXN_6011304,Cake,4,3.0,12.0,Cash,UNKNOWN,2023-11-20,Monday,November
7574,TXN_6223157,Salad,1,5.0,5.0,UNKNOWN,Takeaway,2023-09-13,Wednesday,September
7575,TXN_8526084,Cake,5,3.0,15.0,UNKNOWN,Takeaway,2023-03-05,Sunday,March
7576,TXN_3509609,Smoothie,3,4.0,12.0,Digital Wallet,Takeaway,2023-12-25,Monday,December
7577,TXN_4276442,Cake,4,3.0,12.0,Credit Card,In-store,2023-01-25,Wednesday,January
7579,TXN_7956243,Cake,4,3.0,12.0,Cash,Takeaway,2023-05-23,Tuesday,May
7580,TXN_4798335,Sandwich,5,4.0,20.0,UNKNOWN,Takeaway,2023-02-16,Thursday,February
7581,TXN_9336674,Salad,4,5.0,20.0,UNKNOWN,UNKNOWN,2023-01-18,Wednesday,January
7582,TXN_5257169,Juice,4,3.0,12.0,Credit Card,UNKNOWN,2023-01-12,Thursday,January
7583,TXN_5929633,Cake,3,3.0,9.0,UNKNOWN,In-store,2023-02-27,Monday,February
7584,TXN_9323014,Cookie,3,1.0,3.0,UNKNOWN,In-store,2023-08-15,Tuesday,August
7586,TXN_1473693,Smoothie,4,4.0,16.0,UNKNOWN,Takeaway,2023-05-14,Sunday,May
7587,TXN_3827851,Coffee,1,2.0,2.0,UNKNOWN,UNKNOWN,2023-01-09,Monday,January
7588,TXN_9087746,Coffee,4,2.0,8.0,Digital Wallet,UNKNOWN,2023-04-03,Monday,April
7589,TXN_3709853,Smoothie,2,4.0,8.0,Credit Card,Takeaway,2023-08-21,Monday,August
7592,TXN_7581536,Smoothie,2,4.0,8.0,Cash,UNKNOWN,2023-12-29,Friday,December
7593,TXN_1408709,Smoothie,5,4.0,20.0,Cash,Takeaway,2023-04-14,Friday,April
7595,TXN_4003040,Cookie,4,1.0,4.0,Credit Card,In-store,2023-09-12,Tuesday,September
7596,TXN_1021087,Sandwich,1,4.0,4.0,UNKNOWN,UNKNOWN,2023-11-01,Wednesday,November
7598,TXN_2530326,Sandwich,5,4.0,20.0,UNKNOWN,In-store,2023-05-06,Saturday,May
7600,TXN_9781679,Sandwich,2,4.0,8.0,Credit Card,Takeaway,2023-09-08,Friday,September
7602,TXN_5499117,Salad,4,5.0,20.0,Digital Wallet,UNKNOWN,2023-07-16,Sunday,July
7605,TXN_9370771,Juice,5,3.0,15.0,Cash,In-store,2023-08-21,Monday,August
7606,TXN_5914284,Coffee,2,2.0,4.0,Credit Card,Takeaway,2023-06-25,Sunday,June
7607,TXN_9590819,Coffee,3,2.0,6.0,UNKNOWN,In-store,2023-11-21,Tuesday,November
7608,TXN_9878649,Smoothie,5,4.0,20.0,Cash,Takeaway,2023-09-18,Monday,September
7609,TXN_5909816,Juice,5,3.0,15.0,Cash,Takeaway,2023-09-19,Tuesday,September
7610,TXN_9461980,Salad,1,5.0,5.0,Credit Card,In-store,2023-04-14,Friday,April
7611,TXN_8090470,Sandwich,4,4.0,16.0,Digital Wallet,Takeaway,2023-11-18,Saturday,November
7613,TXN_6052534,Salad,4,5.0,20.0,Cash,UNKNOWN,2023-02-19,Sunday,February
7616,TXN_2119325,Cake,5,3.0,15.0,UNKNOWN,In-store,2023-11-13,Monday,November
7617,TXN_9067752,Smoothie,2,4.0,8.0,Digital Wallet,Takeaway,2023-04-24,Monday,April
7618,TXN_8211133,Tea,2,1.5,3.0,UNKNOWN,Takeaway,2023-08-31,Thursday,August
7619,TXN_2331025,Cookie,2,1.0,2.0,Cash,UNKNOWN,2023-04-28,Friday,April
7620,TXN_3543133,Tea,2,1.5,3.0,UNKNOWN,UNKNOWN,2023-04-08,Saturday,April
7621,TXN_2640771,Cookie,2,1.0,2.0,Digital Wallet,Takeaway,2023-01-27,Friday,January
7622,TXN_1103883,Cookie,5,1.0,5.0,Credit Card,UNKNOWN,2023-08-09,Wednesday,August
7623,TXN_8593064,Smoothie,4,4.0,16.0,Cash,Takeaway,2023-03-12,Sunday,March
7625,TXN_2873573,Coffee,3,2.0,6.0,UNKNOWN,In-store,2023-01-11,Wednesday,January
7626,TXN_9223045,Tea,5,1.5,7.5,Credit Card,In-store,2023-10-29,Sunday,October
7628,TXN_8659330,Tea,4,1.5,6.0,Credit Card,Takeaway,2023-08-20,Sunday,August
7629,TXN_5615754,Smoothie,5,4.0,20.0,Digital Wallet,Takeaway,2023-04-16,Sunday,April
7630,TXN_2898571,Smoothie,3,4.0,12.0,UNKNOWN,UNKNOWN,2023-05-10,Wednesday,May
7631,TXN_1584851,Smoothie,1,4.0,4.0,Credit Card,UNKNOWN,2023-04-10,Monday,April
7632,TXN_9430262,Coffee,5,2.0,10.0,UNKNOWN,UNKNOWN,2023-03-16,Thursday,March
7633,TXN_9042309,Coffee,2,2.0,4.0,Cash,UNKNOWN,2023-12-03,Sunday,December
7634,TXN_4816652,Sandwich,1,4.0,4.0,UNKNOWN,UNKNOWN,2023-07-17,Monday,July
7636,TXN_8567172,Coffee,3,2.0,6.0,UNKNOWN,In-store,2023-02-05,Sunday,February
7637,TXN_2317867,Tea,5,1.5,7.5,Cash,In-store,2023-01-23,Monday,January
7638,TXN_4416436,Coffee,3,2.0,6.0,Digital Wallet,UNKNOWN,2023-05-17,Wednesday,May
7639,TXN_7467621,Salad,4,5.0,20.0,Credit Card,Takeaway,2023-01-28,Saturday,January
7640,TXN_5005999,Salad,4,5.0,20.0,Cash,UNKNOWN,2023-01-09,Monday,January
7641,TXN_8664295,Smoothie,2,4.0,8.0,Credit Card,UNKNOWN,2023-02-23,Thursday,February
7644,TXN_4971093,Smoothie,4,4.0,16.0,UNKNOWN,Takeaway,2023-03-27,Monday,March
7645,TXN_3602272,Smoothie,3,4.0,12.0,Digital Wallet,Takeaway,2023-02-15,Wednesday,February
7646,TXN_4913329,Coffee,5,2.0,10.0,Credit Card,Takeaway,2023-10-30,Monday,October
7647,TXN_8830809,Sandwich,5,4.0,20.0,Digital Wallet,In-store,2023-07-31,Monday,July
7648,TXN_7223387,Juice,3,3.0,9.0,Cash,UNKNOWN,2023-12-17,Sunday,December
7649,TXN_1629092,Cookie,3,1.0,3.0,Credit Card,UNKNOWN,2023-02-13,Monday,February
7650,TXN_4363360,Smoothie,1,4.0,4.0,Credit Card,UNKNOWN,2023-12-22,Friday,December
7651,TXN_9689507,Salad,3,5.0,15.0,Cash,In-store,2023-06-10,Saturday,June
7652,TXN_3317406,Sandwich,3,4.0,12.0,UNKNOWN,Takeaway,2023-01-04,Wednesday,January
7653,TXN_9662632,Salad,4,5.0,20.0,Digital Wallet,In-store,2023-08-10,Thursday,August
7654,TXN_1364211,Salad,2,5.0,10.0,UNKNOWN,In-store,2023-03-08,Wednesday,March
7656,TXN_2673294,Coffee,3,2.0,6.0,Cash,UNKNOWN,2023-11-11,Saturday,November
7657,TXN_2112848,Cookie,4,1.0,4.0,Credit Card,In-store,2023-10-16,Monday,October
7658,TXN_1801691,Salad,1,5.0,5.0,UNKNOWN,Takeaway,2023-05-18,Thursday,May
7659,TXN_6424195,Coffee,3,2.0,6.0,UNKNOWN,Takeaway,2023-09-14,Thursday,September
7661,TXN_6923480,Coffee,3,2.0,6.0,Cash,Takeaway,2023-10-27,Friday,October
7662,TXN_7416669,Tea,3,1.5,4.5,UNKNOWN,UNKNOWN,2023-09-28,Thursday,September
7663,TXN_3693990,Cookie,2,1.0,2.0,UNKNOWN,In-store,2023-07-19,Wednesday,July
7664,TXN_8652632,Tea,1,1.5,1.5,Digital Wallet,UNKNOWN,2023-01-12,Thursday,January
7665,TXN_4141765,Cake,5,3.0,15.0,UNKNOWN,UNKNOWN,2023-12-17,Sunday,December
7666,TXN_8180793,Cookie,4,1.0,4.0,Digital Wallet,UNKNOWN,2023-11-17,Friday,November
7667,TXN_8875195,Sandwich,5,4.0,20.0,Credit Card,In-store,2023-08-21,Monday,August
7668,TXN_9928552,Sandwich,5,4.0,20.0,Credit Card,Takeaway,2023-06-13,Tuesday,June
7669,TXN_3456748,Juice,2,3.0,6.0,Cash,In-store,2023-01-30,Monday,January
7670,TXN_5680687,Salad,4,5.0,20.0,Credit Card,UNKNOWN,2023-11-22,Wednesday,November
7671,TXN_9349736,Sandwich,5,4.0,20.0,Cash,UNKNOWN,2023-03-18,Saturday,March
7672,TXN_7558010,Juice,4,3.0,12.0,UNKNOWN,UNKNOWN,2023-03-27,Monday,March
7673,TXN_8172897,Cookie,3,1.0,3.0,UNKNOWN,Takeaway,2023-03-14,Tuesday,March
7674,TXN_8540794,Cake,4,3.0,12.0,Cash,UNKNOWN,2023-04-06,Thursday,April
7675,TXN_5966744,Tea,3,1.5,4.5,UNKNOWN,In-store,2023-12-13,Wednesday,December
7678,TXN_3912440,Tea,2,1.5,3.0,UNKNOWN,In-store,2023-05-21,Sunday,May
7680,TXN_7657615,Juice,3,3.0,9.0,Credit Card,UNKNOWN,2023-07-17,Monday,July
7681,TXN_4020074,Cookie,3,1.0,3.0,UNKNOWN,UNKNOWN,2023-03-01,Wednesday,March
7682,TXN_8942747,Cookie,5,1.0,5.0,UNKNOWN,Takeaway,2023-12-14,Thursday,December
7683,TXN_3902815,Juice,5,3.0,15.0,UNKNOWN,UNKNOWN,2023-06-28,Wednesday,June
7685,TXN_6218380,Cookie,4,1.0,4.0,Cash,In-store,2023-02-07,Tuesday,February
7686,TXN_6905143,Coffee,5,2.0,10.0,Cash,UNKNOWN,2023-08-09,Wednesday,August
7687,TXN_3839691,Coffee,4,2.0,8.0,Credit Card,In-store,2023-02-13,Monday,February
7688,TXN_4866254,Salad,4,5.0,20.0,Cash,UNKNOWN,2023-03-18,Saturday,March
7689,TXN_8935781,Coffee,2,2.0,4.0,UNKNOWN,UNKNOWN,2023-09-10,Sunday,September
7690,TXN_2559020,Cake,1,3.0,3.0,Digital Wallet,Takeaway,2023-07-20,Thursday,July
7691,TXN_8607376,Coffee,5,2.0,10.0,Cash,In-store,2023-06-13,Tuesday,June
7692,TXN_5858713,Cookie,2,1.0,2.0,Credit Card,In-store,2023-03-05,Sunday,March
7694,TXN_3312690,Cookie,3,1.0,3.0,Credit Card,In-store,2023-03-01,Wednesday,March
7696,TXN_8687088,Cookie,2,1.0,2.0,Credit Card,In-store,2023-05-11,Thursday,May
7698,TXN_9618881,Coffee,5,2.0,10.0,UNKNOWN,UNKNOWN,2023-02-15,Wednesday,February
7699,TXN_5139074,Cake,1,3.0,3.0,Digital Wallet,Takeaway,2023-11-16,Thursday,November
7700,TXN_2799785,Juice,1,3.0,3.0,Cash,UNKNOWN,2023-01-25,Wednesday,January
7703,TXN_8155535,Cake,1,3.0,3.0,UNKNOWN,Takeaway,2023-03-13,Monday,March
7704,TXN_5301926,Cake,1,3.0,3.0,Digital Wallet,Takeaway,2023-11-13,Monday,November
7706,TXN_2379467,Coffee,5,2.0,10.0,UNKNOWN,UNKNOWN,2023-04-01,Saturday,April
7707,TXN_1837617,Juice,3,3.0,9.0,UNKNOWN,UNKNOWN,2023-01-16,Monday,January
7708,TXN_3454881,Salad,1,5.0,5.0,Cash,In-store,2023-11-29,Wednesday,November
7709,TXN_4472969,Juice,1,3.0,3.0,Credit Card,UNKNOWN,2023-09-15,Friday,September
7710,TXN_1905459,Smoothie,3,4.0,12.0,Digital Wallet,UNKNOWN,2023-08-18,Friday,August
7711,TXN_8799945,Coffee,2,2.0,4.0,Cash,UNKNOWN,2023-11-24,Friday,November
7712,TXN_4361614,Smoothie,2,4.0,8.0,UNKNOWN,Takeaway,2023-04-28,Friday,April
7713,TXN_1665056,Salad,5,5.0,25.0,Cash,UNKNOWN,2023-01-05,Thursday,January
7714,TXN_2904046,Smoothie,1,4.0,4.0,Credit Card,In-store,2023-12-11,Monday,December
7715,TXN_9743274,Tea,5,1.5,7.5,UNKNOWN,UNKNOWN,2023-01-25,Wednesday,January
7716,TXN_5518232,Salad,3,5.0,15.0,UNKNOWN,Takeaway,2023-05-01,Monday,May
7717,TXN_3770267,Cake,2,3.0,6.0,UNKNOWN,UNKNOWN,2023-10-21,Saturday,October
7718,TXN_7177709,Juice,5,3.0,15.0,UNKNOWN,Takeaway,2023-03-08,Wednesday,March
7719,TXN_6246494,Coffee,3,2.0,6.0,UNKNOWN,In-store,2023-03-31,Friday,March
7720,TXN_6540200,Tea,2,1.5,3.0,Digital Wallet,In-store,2023-10-23,Monday,October
7721,TXN_7486118,Sandwich,4,4.0,16.0,UNKNOWN,Takeaway,2023-05-22,Monday,May
7722,TXN_5424614,Cake,1,3.0,3.0,UNKNOWN,In-store,2023-11-12,Sunday,November
7723,TXN_6271598,Juice,5,3.0,15.0,Cash,UNKNOWN,2023-08-18,Friday,August
7724,TXN_7562313,Cake,2,3.0,6.0,UNKNOWN,UNKNOWN,2023-12-15,Friday,December
7725,TXN_9188774,Tea,1,1.5,1.5,Digital Wallet,Takeaway,2023-04-14,Friday,April
7726,TXN_9685716,Cookie,2,1.0,2.0,Digital Wallet,UNKNOWN,2023-02-26,Sunday,February
7727,TXN_7493800,Cake,5,3.0,15.0,Credit Card,Takeaway,2023-08-16,Wednesday,August
7728,TXN_6833564,Smoothie,5,4.0,20.0,UNKNOWN,UNKNOWN,2023-04-21,Friday,April
7729,TXN_9411395,Coffee,5,2.0,10.0,UNKNOWN,UNKNOWN,2023-05-12,Friday,May
7730,TXN_8413251,Sandwich,3,4.0,12.0,Cash,Takeaway,2023-08-18,Friday,August
7731,TXN_6990331,Juice,1,3.0,3.0,Digital Wallet,UNKNOWN,2023-07-30,Sunday,July
7734,TXN_2715086,Juice,2,3.0,6.0,Cash,UNKNOWN,2023-11-03,Friday,November
7735,TXN_1444932,Smoothie,1,4.0,4.0,Cash,In-store,2023-05-24,Wednesday,May
7736,TXN_2747156,Cookie,1,1.0,1.0,UNKNOWN,In-store,2023-01-29,Sunday,January
7738,TXN_5065748,Cake,5,3.0,15.0,Credit Card,In-store,2023-07-19,Wednesday,July
7739,TXN_8014645,Cake,2,3.0,6.0,Cash,Takeaway,2023-07-06,Thursday,July
7740,TXN_2910247,Smoothie,4,4.0,16.0,Digital Wallet,UNKNOWN,2023-12-02,Saturday,December
7743,TXN_4549977,Cookie,1,1.0,1.0,Cash,UNKNOWN,2023-08-21,Monday,August
7744,TXN_1736294,Coffee,3,2.0,6.0,Digital Wallet,UNKNOWN,2023-09-06,Wednesday,September
7745,TXN_1698600,Salad,4,5.0,20.0,Cash,Takeaway,2023-07-31,Monday,July
7746,TXN_3463568,Salad,2,5.0,10.0,Digital Wallet,In-store,2023-04-12,Wednesday,April
7747,TXN_6773319,Tea,4,1.5,6.0,UNKNOWN,Takeaway,2023-05-03,Wednesday,May
7748,TXN_5504920,Cake,5,3.0,15.0,Cash,Takeaway,2023-09-30,Saturday,September
7749,TXN_8392086,Smoothie,4,4.0,16.0,UNKNOWN,UNKNOWN,2023-07-12,Wednesday,July
7750,TXN_9968926,Juice,2,3.0,6.0,Digital Wallet,Takeaway,2023-03-15,Wednesday,March
7751,TXN_4719069,Juice,2,3.0,6.0,Digital Wallet,UNKNOWN,2023-01-04,Wednesday,January
7752,TXN_3809941,Cookie,4,1.0,4.0,Credit Card,UNKNOWN,2023-11-01,Wednesday,November
7753,TXN_1935119,Coffee,4,2.0,8.0,Credit Card,Takeaway,2023-07-15,Saturday,July
7754,TXN_8246369,Juice,1,3.0,3.0,Credit Card,UNKNOWN,2023-10-16,Monday,October
7755,TXN_2009782,Salad,5,5.0,25.0,Credit Card,UNKNOWN,2023-05-11,Thursday,May
7756,TXN_4635230,Sandwich,3,4.0,12.0,UNKNOWN,In-store,2023-06-10,Saturday,June
7757,TXN_9583176,Cookie,5,1.0,5.0,UNKNOWN,In-store,2023-05-03,Wednesday,May
7758,TXN_6784478,Cookie,2,1.0,2.0,Credit Card,Takeaway,2023-12-21,Thursday,December
7760,TXN_3866162,Cake,5,3.0,15.0,Cash,Takeaway,2023-06-08,Thursday,June
7761,TXN_7612056,Cookie,5,1.0,5.0,Credit Card,UNKNOWN,2023-03-08,Wednesday,March
7763,TXN_9259900,Salad,4,5.0,20.0,Digital Wallet,UNKNOWN,2023-08-07,Monday,August
7764,TXN_4650834,Salad,3,5.0,15.0,Digital Wallet,Takeaway,2023-07-14,Friday,July
7765,TXN_6576987,Salad,3,5.0,15.0,Credit Card,Takeaway,2023-03-12,Sunday,March
7766,TXN_1192970,Coffee,2,2.0,4.0,Digital Wallet,Takeaway,2023-06-17,Saturday,June
7767,TXN_7645464,Tea,5,1.5,7.5,Cash,Takeaway,2023-08-17,Thursday,August
7768,TXN_4205860,Salad,5,5.0,25.0,UNKNOWN,UNKNOWN,2023-09-10,Sunday,September
7769,TXN_9495855,Juice,2,3.0,6.0,Cash,In-store,2023-04-18,Tuesday,April
7770,TXN_5712248,Sandwich,5,4.0,20.0,UNKNOWN,Takeaway,2023-03-02,Thursday,March
7771,TXN_4582966,Juice,2,3.0,6.0,UNKNOWN,UNKNOWN,2023-10-28,Saturday,October
7772,TXN_4203885,Tea,3,1.5,4.5,Cash,UNKNOWN,2023-05-11,Thursday,May
7773,TXN_1887083,Juice,1,3.0,3.0,Digital Wallet,UNKNOWN,2023-05-05,Friday,May
7774,TXN_5602640,Smoothie,5,4.0,20.0,UNKNOWN,Takeaway,2023-04-01,Saturday,April
7775,TXN_8285410,Coffee,4,2.0,8.0,Credit Card,UNKNOWN,2023-09-10,Sunday,September
7777,TXN_6687699,Salad,4,5.0,20.0,Cash,In-store,2023-09-11,Monday,September
7779,TXN_2390146,Coffee,3,2.0,6.0,UNKNOWN,UNKNOWN,2023-06-24,Saturday,June
7780,TXN_9478033,Cake,2,3.0,6.0,UNKNOWN,In-store,2023-04-08,Saturday,April
7781,TXN_8546777,Cake,4,3.0,12.0,UNKNOWN,In-store,2023-03-16,Thursday,March
7782,TXN_6433362,Cookie,2,1.0,2.0,Cash,In-store,2023-12-07,Thursday,December
7783,TXN_4991594,Smoothie,2,4.0,8.0,Credit Card,In-store,2023-12-08,Friday,December
7784,TXN_9016451,Cookie,3,1.0,3.0,UNKNOWN,UNKNOWN,2023-10-16,Monday,October
7785,TXN_3516296,Sandwich,3,4.0,12.0,UNKNOWN,In-store,2023-05-29,Monday,May
7786,TXN_9464961,Sandwich,4,4.0,16.0,Cash,In-store,2023-11-23,Thursday,November
7787,TXN_7445257,Coffee,1,2.0,2.0,UNKNOWN,UNKNOWN,2023-04-02,Sunday,April
7788,TXN_4463677,Salad,5,5.0,25.0,Digital Wallet,In-store,2023-02-27,Monday,February
7789,TXN_4886990,Salad,3,5.0,15.0,UNKNOWN,Takeaway,2023-12-17,Sunday,December
7790,TXN_4962147,Cake,2,3.0,6.0,UNKNOWN,UNKNOWN,2023-02-07,Tuesday,February
7791,TXN_5575420,Smoothie,3,4.0,12.0,UNKNOWN,In-store,2023-06-26,Monday,June
7793,TXN_3628566,Coffee,5,2.0,10.0,UNKNOWN,UNKNOWN,2023-08-17,Thursday,August
7794,TXN_5297746,Coffee,3,2.0,6.0,Credit Card,In-store,2023-07-11,Tuesday,July
7795,TXN_5230719,Cake,5,3.0,15.0,Credit Card,UNKNOWN,2023-03-23,Thursday,March
7796,TXN_9244886,Coffee,1,2.0,2.0,UNKNOWN,Takeaway,2023-02-09,Thursday,February
7797,TXN_8145813,Juice,4,3.0,12.0,Digital Wallet,In-store,2023-02-10,Friday,February
7798,TXN_4179797,Tea,2,1.5,3.0,UNKNOWN,UNKNOWN,2023-11-06,Monday,November
7799,TXN_7485379,Juice,1,3.0,3.0,Credit Card,UNKNOWN,2023-03-27,Monday,March
7802,TXN_3801485,Coffee,5,2.0,10.0,Credit Card,In-store,2023-11-10,Friday,November
7803,TXN_2312908,Coffee,3,2.0,6.0,Cash,In-store,2023-02-07,Tuesday,February
7805,TXN_3620213,Coffee,2,2.0,4.0,Credit Card,In-store,2023-09-09,Saturday,September
7806,TXN_4030181,Smoothie,5,4.0,20.0,Credit Card,UNKNOWN,2023-09-20,Wednesday,September
7807,TXN_1664563,Smoothie,3,4.0,12.0,Cash,UNKNOWN,2023-04-28,Friday,April
7808,TXN_2002730,Smoothie,2,4.0,8.0,UNKNOWN,Takeaway,2023-09-27,Wednesday,September
7809,TXN_9662827,Tea,1,1.5,1.5,UNKNOWN,UNKNOWN,2023-09-30,Saturday,September
7810,TXN_9579691,Cookie,5,1.0,5.0,Credit Card,In-store,2023-01-16,Monday,January
7811,TXN_4131020,Sandwich,2,4.0,8.0,Credit Card,UNKNOWN,2023-06-15,Thursday,June
7812,TXN_3462602,Cake,3,3.0,9.0,Credit Card,In-store,2023-08-27,Sunday,August
7813,TXN_1149624,Cake,3,3.0,9.0,UNKNOWN,UNKNOWN,2023-09-14,Thursday,September
7815,TXN_9152120,Sandwich,4,4.0,16.0,Cash,Takeaway,2023-03-28,Tuesday,March
7816,TXN_9018195,Cake,5,3.0,15.0,Cash,UNKNOWN,2023-10-07,Saturday,October
7817,TXN_7799711,Smoothie,5,4.0,20.0,Digital Wallet,Takeaway,2023-12-03,Sunday,December
7818,TXN_6697374,Smoothie,2,4.0,8.0,UNKNOWN,UNKNOWN,2023-07-31,Monday,July
7820,TXN_4366417,Sandwich,3,4.0,12.0,UNKNOWN,Takeaway,2023-10-10,Tuesday,October
7822,TXN_7511351,Tea,4,1.5,6.0,Cash,Takeaway,2023-10-07,Saturday,October
7823,TXN_5205595,Juice,1,3.0,3.0,UNKNOWN,In-store,2023-03-01,Wednesday,March
7824,TXN_8276063,Coffee,1,2.0,2.0,Credit Card,UNKNOWN,2023-01-06,Friday,January
7825,TXN_1020478,Coffee,1,2.0,2.0,Digital Wallet,Takeaway,2023-03-09,Thursday,March
7826,TXN_5176767,Smoothie,4,4.0,16.0,UNKNOWN,Takeaway,2023-05-03,Wednesday,May
7827,TXN_6043396,Sandwich,3,4.0,12.0,UNKNOWN,In-store,2023-10-07,Saturday,October
7828,TXN_4975029,Smoothie,4,4.0,16.0,Cash,In-store,2023-04-23,Sunday,April
7829,TXN_9493077,Cake,4,3.0,12.0,Credit Card,UNKNOWN,2023-01-10,Tuesday,January
7830,TXN_3493771,Cake,2,3.0,6.0,UNKNOWN,UNKNOWN,2023-02-13,Monday,February
7831,TXN_8640673,Juice,2,3.0,6.0,Cash,In-store,2023-09-11,Monday,September
7832,TXN_4793771,Cake,4,3.0,12.0,Cash,UNKNOWN,2023-12-26,Tuesday,December
7833,TXN_8107005,Juice,3,3.0,9.0,UNKNOWN,UNKNOWN,2023-09-15,Friday,September
7834,TXN_7857126,Cookie,4,1.0,4.0,Cash,Takeaway,2023-08-21,Monday,August
7835,TXN_2940613,Juice,4,3.0,12.0,Cash,UNKNOWN,2023-06-28,Wednesday,June
7836,TXN_2407379,Smoothie,4,4.0,16.0,Digital Wallet,UNKNOWN,2023-03-13,Monday,March
7837,TXN_3376952,Tea,2,1.5,3.0,UNKNOWN,Takeaway,2023-10-23,Monday,October
7838,TXN_4083004,Sandwich,5,4.0,20.0,UNKNOWN,Takeaway,2023-03-06,Monday,March
7839,TXN_3635628,Sandwich,3,4.0,12.0,Digital Wallet,In-store,2023-10-28,Saturday,October
7840,TXN_3554772,Tea,3,1.5,4.5,Credit Card,UNKNOWN,2023-10-06,Friday,October
7841,TXN_9454387,Salad,2,5.0,10.0,Cash,Takeaway,2023-01-02,Monday,January
7842,TXN_9660362,Cake,2,3.0,6.0,Credit Card,Takeaway,2023-08-16,Wednesday,August
7844,TXN_2347248,Salad,1,5.0,5.0,Credit Card,UNKNOWN,2023-11-11,Saturday,November
7845,TXN_3732426,Sandwich,2,4.0,8.0,Digital Wallet,UNKNOWN,2023-03-07,Tuesday,March
7846,TXN_8675558,Tea,5,1.5,7.5,UNKNOWN,In-store,2023-05-23,Tuesday,May
7847,TXN_1963345,Smoothie,4,4.0,16.0,UNKNOWN,In-store,2023-10-12,Thursday,October
7848,TXN_6332405,Juice,3,3.0,9.0,Digital Wallet,Takeaway,2023-12-03,Sunday,December
7849,TXN_8946323,Tea,2,1.5,3.0,Cash,UNKNOWN,2023-08-23,Wednesday,August
7850,TXN_1529961,Smoothie,4,4.0,16.0,Credit Card,UNKNOWN,2023-09-29,Friday,September
7851,TXN_8860052,Cake,5,3.0,15.0,Credit Card,Takeaway,2023-07-18,Tuesday,July
7852,TXN_6732833,Salad,1,5.0,5.0,Digital Wallet,In-store,2023-07-21,Friday,July
7854,TXN_6232398,Juice,2,3.0,6.0,Cash,In-store,2023-07-05,Wednesday,July
7856,TXN_7670296,Juice,2,3.0,6.0,Cash,Takeaway,2023-01-25,Wednesday,January
7857,TXN_6128086,Tea,4,1.5,6.0,Digital Wallet,Takeaway,2023-12-26,Tuesday,December
7859,TXN_4898346,Smoothie,2,4.0,8.0,Cash,UNKNOWN,2023-05-07,Sunday,May
7860,TXN_2807324,Sandwich,2,4.0,8.0,Cash,UNKNOWN,2023-11-13,Monday,November
7861,TXN_4428486,Smoothie,1,4.0,4.0,UNKNOWN,UNKNOWN,2023-07-28,Friday,July
7862,TXN_4430772,Coffee,5,2.0,10.0,Credit Card,UNKNOWN,2023-01-11,Wednesday,January
7864,TXN_3987718,Tea,4,1.5,6.0,UNKNOWN,UNKNOWN,2023-12-24,Sunday,December
7865,TXN_6658070,Juice,2,3.0,6.0,Cash,Takeaway,2023-11-03,Friday,November
7866,TXN_6007437,Juice,1,3.0,3.0,Credit Card,UNKNOWN,2023-11-22,Wednesday,November
7867,TXN_6030518,Sandwich,3,4.0,12.0,UNKNOWN,In-store,2023-12-20,Wednesday,December
7868,TXN_4228838,Coffee,5,2.0,10.0,Credit Card,Takeaway,2023-09-22,Friday,September
7869,TXN_3303518,Juice,4,3.0,12.0,UNKNOWN,In-store,2023-06-30,Friday,June
7870,TXN_9719921,Salad,5,5.0,25.0,Credit Card,UNKNOWN,2023-07-28,Friday,July
7871,TXN_1272118,Cookie,4,1.0,4.0,Credit Card,Takeaway,2023-04-21,Friday,April
7872,TXN_4060215,Salad,3,5.0,15.0,Credit Card,In-store,2023-01-12,Thursday,January
7873,TXN_2569119,Juice,1,3.0,3.0,Credit Card,Takeaway,2023-08-04,Friday,August
7874,TXN_2894945,Coffee,2,2.0,4.0,UNKNOWN,UNKNOWN,2023-02-28,Tuesday,February
7875,TXN_7992512,Sandwich,5,4.0,20.0,Credit Card,In-store,2023-07-17,Monday,July
7879,TXN_2417271,Tea,4,1.5,6.0,Credit Card,Takeaway,2023-02-01,Wednesday,February
7880,TXN_8156455,Cake,2,3.0,6.0,Cash,UNKNOWN,2023-02-12,Sunday,February
7881,TXN_7063005,Cake,1,3.0,3.0,UNKNOWN,UNKNOWN,2023-01-18,Wednesday,January
7882,TXN_9425096,Smoothie,5,4.0,20.0,Credit Card,In-store,2023-06-12,Monday,June
7883,TXN_6236737,Juice,5,3.0,15.0,Cash,In-store,2023-03-19,Sunday,March
7884,TXN_9691364,Cookie,3,1.0,3.0,Credit Card,In-store,2023-03-02,Thursday,March
7886,TXN_1770648,Sandwich,4,4.0,16.0,Credit Card,UNKNOWN,2023-09-30,Saturday,September
7889,TXN_2602732,Salad,4,5.0,20.0,Digital Wallet,UNKNOWN,2023-06-09,Friday,June
7890,TXN_5132482,Juice,2,3.0,6.0,Digital Wallet,In-store,2023-12-21,Thursday,December
7892,TXN_9969836,Cookie,5,1.0,5.0,Digital Wallet,Takeaway,2023-04-06,Thursday,April
7893,TXN_7938279,Tea,3,1.5,4.5,Cash,Takeaway,2023-03-17,Friday,March
7895,TXN_8595386,Cookie,4,1.0,4.0,Credit Card,UNKNOWN,2023-08-04,Friday,August
7896,TXN_6398450,Tea,2,1.5,3.0,Digital Wallet,In-store,2023-11-19,Sunday,November
7898,TXN_7084298,Cake,3,3.0,9.0,UNKNOWN,Takeaway,2023-02-18,Saturday,February
7899,TXN_8384428,Cookie,1,1.0,1.0,Digital Wallet,In-store,2023-08-11,Friday,August
7900,TXN_6541329,Cookie,2,1.0,2.0,Cash,Takeaway,2023-09-28,Thursday,September
7901,TXN_7667139,Sandwich,3,4.0,12.0,Credit Card,Takeaway,2023-12-05,Tuesday,December
7902,TXN_1268811,Salad,1,5.0,5.0,UNKNOWN,UNKNOWN,2023-01-04,Wednesday,January
7904,TXN_5056808,Juice,1,3.0,3.0,Credit Card,UNKNOWN,2023-02-25,Saturday,February
7905,TXN_9191048,Cake,5,3.0,15.0,Digital Wallet,UNKNOWN,2023-09-18,Monday,September
7906,TXN_5105810,Cookie,5,1.0,5.0,UNKNOWN,Takeaway,2023-01-17,Tuesday,January
7907,TXN_3272613,Cookie,2,1.0,2.0,Cash,UNKNOWN,2023-03-30,Thursday,March
7908,TXN_3690903,Coffee,3,2.0,6.0,UNKNOWN,In-store,2023-10-22,Sunday,October
7909,TXN_1938413,Smoothie,4,4.0,16.0,Digital Wallet,UNKNOWN,2023-04-01,Saturday,April
7910,TXN_1396019,Coffee,4,2.0,8.0,Cash,In-store,2023-12-03,Sunday,December
7911,TXN_6989000,Tea,2,1.5,3.0,UNKNOWN,Takeaway,2023-02-24,Friday,February
7912,TXN_4811225,Tea,5,1.5,7.5,Cash,Takeaway,2023-11-01,Wednesday,November
7913,TXN_2193333,Coffee,4,2.0,8.0,UNKNOWN,Takeaway,2023-07-21,Friday,July
7914,TXN_4564220,Tea,1,1.5,1.5,Digital Wallet,Takeaway,2023-05-09,Tuesday,May
7915,TXN_5414186,Smoothie,1,4.0,4.0,Credit Card,Takeaway,2023-04-24,Monday,April
7916,TXN_1740742,Tea,4,1.5,6.0,Digital Wallet,In-store,2023-10-06,Friday,October
7917,TXN_2547084,Sandwich,1,4.0,4.0,Cash,UNKNOWN,2023-12-16,Saturday,December
7918,TXN_8879936,Cake,5,3.0,15.0,UNKNOWN,Takeaway,2023-07-25,Tuesday,July
7919,TXN_1605677,Tea,5,1.5,7.5,UNKNOWN,UNKNOWN,2023-01-15,Sunday,January
7920,TXN_6070787,Sandwich,3,4.0,12.0,UNKNOWN,In-store,2023-02-26,Sunday,February
7921,TXN_3441457,Salad,2,5.0,10.0,Digital Wallet,UNKNOWN,2023-10-20,Friday,October
7922,TXN_1236759,Coffee,1,2.0,2.0,Credit Card,In-store,2023-01-26,Thursday,January
7924,TXN_7196144,Smoothie,3,4.0,12.0,UNKNOWN,UNKNOWN,2023-03-28,Tuesday,March
7925,TXN_3981406,Salad,4,5.0,20.0,UNKNOWN,UNKNOWN,2023-04-17,Monday,April
7926,TXN_2152054,Cake,2,3.0,6.0,Digital Wallet,UNKNOWN,2023-05-11,Thursday,May
7927,TXN_9339037,Cookie,2,1.0,2.0,UNKNOWN,Takeaway,2023-07-21,Friday,July
7928,TXN_7308629,Salad,4,5.0,20.0,UNKNOWN,Takeaway,2023-11-24,Friday,November
7929,TXN_9407636,Smoothie,4,4.0,16.0,Cash,UNKNOWN,2023-10-01,Sunday,October
7930,TXN_4755860,Juice,5,3.0,15.0,Digital Wallet,In-store,2023-10-28,Saturday,October
7931,TXN_6118079,Coffee,1,2.0,2.0,UNKNOWN,Takeaway,2023-07-01,Saturday,July
7932,TXN_6415784,Salad,3,5.0,15.0,UNKNOWN,UNKNOWN,2023-08-16,Wednesday,August
7933,TXN_1755817,Salad,5,5.0,25.0,Digital Wallet,Takeaway,2023-07-17,Monday,July
7935,TXN_2090061,Smoothie,4,4.0,16.0,UNKNOWN,UNKNOWN,2023-06-23,Friday,June
7936,TXN_8128656,Smoothie,5,4.0,20.0,UNKNOWN,In-store,2023-04-24,Monday,April
7937,TXN_6714749,Sandwich,1,4.0,4.0,Credit Card,Takeaway,2023-08-02,Wednesday,August
7939,TXN_8099424,Cake,4,3.0,12.0,UNKNOWN,Takeaway,2023-04-02,Sunday,April
7940,TXN_5103036,Juice,2,3.0,6.0,UNKNOWN,Takeaway,2023-12-04,Monday,December
7941,TXN_6013024,Juice,3,3.0,9.0,Credit Card,Takeaway,2023-09-06,Wednesday,September
7942,TXN_8065852,Sandwich,1,4.0,4.0,Credit Card,In-store,2023-07-17,Monday,July
7944,TXN_3695238,Salad,5,5.0,25.0,Cash,Takeaway,2023-04-20,Thursday,April
7945,TXN_1336727,Smoothie,2,4.0,8.0,UNKNOWN,In-store,2023-10-18,Wednesday,October
7946,TXN_5724548,Cake,5,3.0,15.0,UNKNOWN,UNKNOWN,2023-08-12,Saturday,August
7947,TXN_3521791,Coffee,1,2.0,2.0,UNKNOWN,Takeaway,2023-06-11,Sunday,June
7948,TXN_2678484,Coffee,1,2.0,2.0,UNKNOWN,UNKNOWN,2023-03-27,Monday,March
7949,TXN_6696619,Cake,3,3.0,9.0,UNKNOWN,Takeaway,2023-03-19,Sunday,March
7950,TXN_2734718,Tea,2,1.5,3.0,UNKNOWN,UNKNOWN,2023-08-16,Wednesday,August
7952,TXN_8241649,Tea,5,1.5,7.5,UNKNOWN,UNKNOWN,2023-03-15,Wednesday,March
7953,TXN_6125646,Cookie,2,1.0,2.0,UNKNOWN,UNKNOWN,2023-06-12,Monday,June
7954,TXN_8639973,Cookie,5,1.0,5.0,UNKNOWN,UNKNOWN,2023-07-06,Thursday,July
7955,TXN_1349640,Juice,2,3.0,6.0,Credit Card,In-store,2023-06-17,Saturday,June
7956,TXN_3719842,Cake,3,3.0,9.0,Cash,UNKNOWN,2023-05-05,Friday,May
7957,TXN_3863940,Salad,2,5.0,10.0,UNKNOWN,UNKNOWN,2023-06-18,Sunday,June
7958,TXN_9660030,Cake,5,3.0,15.0,Credit Card,In-store,2023-11-24,Friday,November
7959,TXN_9649503,Cake,1,3.0,3.0,Credit Card,Takeaway,2023-01-02,Monday,January
7960,TXN_6618160,Tea,5,1.5,7.5,Cash,Takeaway,2023-03-13,Monday,March
7961,TXN_9121241,Sandwich,5,4.0,20.0,UNKNOWN,Takeaway,2023-03-18,Saturday,March
7962,TXN_4419474,Juice,2,3.0,6.0,UNKNOWN,In-store,2023-02-04,Saturday,February
7963,TXN_5639485,Cookie,3,1.0,3.0,Credit Card,UNKNOWN,2023-07-02,Sunday,July
7964,TXN_9997263,Cookie,2,1.0,2.0,UNKNOWN,UNKNOWN,2023-03-05,Sunday,March
7965,TXN_4590013,Tea,5,1.5,7.5,Cash,Takeaway,2023-04-19,Wednesday,April
7966,TXN_4958354,Sandwich,4,4.0,16.0,Credit Card,Takeaway,2023-05-01,Monday,May
7967,TXN_9240476,Coffee,5,2.0,10.0,UNKNOWN,UNKNOWN,2023-04-29,Saturday,April
7968,TXN_2457961,Coffee,2,2.0,4.0,Credit Card,In-store,2023-06-08,Thursday,June
7969,TXN_6494145,Cookie,2,1.0,2.0,Cash,UNKNOWN,2023-08-18,Friday,August
7970,TXN_2142941,Cookie,5,1.0,5.0,Digital Wallet,UNKNOWN,2023-11-03,Friday,November
7972,TXN_4125871,Juice,4,3.0,12.0,UNKNOWN,UNKNOWN,2023-12-16,Saturday,December
7973,TXN_7102166,Coffee,4,2.0,8.0,UNKNOWN,UNKNOWN,2023-12-08,Friday,December
7975,TXN_2208949,Cake,4,3.0,12.0,Cash,Takeaway,2023-08-05,Saturday,August
7976,TXN_9815454,Juice,5,3.0,15.0,Digital Wallet,UNKNOWN,2023-12-05,Tuesday,December
7977,TXN_6806968,Cookie,4,1.0,4.0,Cash,Takeaway,2023-07-03,Monday,July
7978,TXN_3751420,Sandwich,5,4.0,20.0,UNKNOWN,Takeaway,2023-11-20,Monday,November
7979,TXN_3439155,Salad,3,5.0,15.0,UNKNOWN,Takeaway,2023-07-30,Sunday,July
7980,TXN_5564198,Cake,4,3.0,12.0,Cash,UNKNOWN,2023-06-06,Tuesday,June
7981,TXN_3446643,Smoothie,1,4.0,4.0,UNKNOWN,UNKNOWN,2023-06-01,Thursday,June
7982,TXN_1770073,Cookie,2,1.0,2.0,UNKNOWN,Takeaway,2023-12-03,Sunday,December
7983,TXN_7328209,Sandwich,3,4.0,12.0,Credit Card,UNKNOWN,2023-03-01,Wednesday,March
7984,TXN_4252608,Juice,3,3.0,9.0,Credit Card,In-store,2023-08-23,Wednesday,August
7985,TXN_7221831,Coffee,3,2.0,6.0,Credit Card,UNKNOWN,2023-03-26,Sunday,March
7986,TXN_4548565,Juice,4,3.0,12.0,UNKNOWN,In-store,2023-02-17,Friday,February
7987,TXN_7400015,Juice,4,3.0,12.0,Cash,UNKNOWN,2023-01-27,Friday,January
7988,TXN_4749986,Tea,5,1.5,7.5,UNKNOWN,Takeaway,2023-05-26,Friday,May
7989,TXN_1917336,Sandwich,3,4.0,12.0,Cash,In-store,2023-04-12,Wednesday,April
7990,TXN_5238755,Cookie,3,1.0,3.0,UNKNOWN,Takeaway,2023-06-01,Thursday,June
7991,TXN_1822234,Salad,2,5.0,10.0,Cash,UNKNOWN,2023-10-15,Sunday,October
7992,TXN_1342487,Juice,3,3.0,9.0,Credit Card,UNKNOWN,2023-09-21,Thursday,September
7993,TXN_7413282,Cake,5,3.0,15.0,UNKNOWN,UNKNOWN,2023-10-13,Friday,October
7994,TXN_5713298,Smoothie,2,4.0,8.0,Credit Card,UNKNOWN,2023-07-14,Friday,July
7995,TXN_3045673,Smoothie,3,4.0,12.0,Digital Wallet,UNKNOWN,2023-06-24,Saturday,June
7996,TXN_2662720,Juice,5,3.0,15.0,UNKNOWN,UNKNOWN,2023-09-18,Monday,September
7997,TXN_8966922,Juice,4,3.0,12.0,UNKNOWN,Takeaway,2023-11-10,Friday,November
7998,TXN_7311815,Cookie,4,1.0,4.0,UNKNOWN,Takeaway,2023-05-11,Thursday,May
7999,TXN_8211198,Juice,3,3.0,9.0,Credit Card,UNKNOWN,2023-01-24,Tuesday,January
8000,TXN_6476719,Juice,5,3.0,15.0,Cash,Takeaway,2023-06-04,Sunday,June
8001,TXN_1556480,Tea,5,1.5,7.5,UNKNOWN,UNKNOWN,2023-02-06,Monday,February
8003,TXN_8992377,Cake,4,3.0,12.0,Credit Card,Takeaway,2023-07-12,Wednesday,July
8004,TXN_5504130,Cake,3,3.0,9.0,UNKNOWN,UNKNOWN,2023-06-24,Saturday,June
8005,TXN_7153455,Coffee,4,2.0,8.0,Digital Wallet,Takeaway,2023-07-02,Sunday,July
8006,TXN_8821579,Smoothie,4,4.0,16.0,UNKNOWN,Takeaway,2023-12-06,Wednesday,December
8007,TXN_6873127,Cookie,1,1.0,1.0,UNKNOWN,In-store,2023-02-02,Thursday,February
8008,TXN_9923952,Cookie,4,1.0,4.0,UNKNOWN,Takeaway,2023-08-08,Tuesday,August
8009,TXN_7383137,Coffee,2,2.0,4.0,Credit Card,In-store,2023-12-02,Saturday,December
8010,TXN_4766317,Cookie,2,1.0,2.0,UNKNOWN,Takeaway,2023-09-23,Saturday,September
8011,TXN_6335297,Cake,3,3.0,9.0,UNKNOWN,UNKNOWN,2023-10-16,Monday,October
8012,TXN_9334593,Sandwich,3,4.0,12.0,Cash,UNKNOWN,2023-04-23,Sunday,April
8013,TXN_2441029,Cake,5,3.0,15.0,Cash,In-store,2023-05-18,Thursday,May
8014,TXN_8260461,Cookie,2,1.0,2.0,Digital Wallet,UNKNOWN,2023-10-29,Sunday,October
8015,TXN_4801947,Juice,1,3.0,3.0,Digital Wallet,Takeaway,2023-01-01,Sunday,January
8016,TXN_4323120,Coffee,5,2.0,10.0,UNKNOWN,UNKNOWN,2023-08-29,Tuesday,August
8017,TXN_5947264,Salad,1,5.0,5.0,UNKNOWN,In-store,2023-03-07,Tuesday,March
8018,TXN_9072628,Salad,4,5.0,20.0,Digital Wallet,UNKNOWN,2023-12-29,Friday,December
8019,TXN_8282744,Tea,2,1.5,3.0,UNKNOWN,Takeaway,2023-06-16,Friday,June
8020,TXN_2547156,Cookie,3,1.0,3.0,Digital Wallet,Takeaway,2023-08-18,Friday,August
8022,TXN_8621278,Salad,2,5.0,10.0,Cash,Takeaway,2023-02-01,Wednesday,February
8023,TXN_2616353,Smoothie,3,4.0,12.0,Cash,Takeaway,2023-06-24,Saturday,June
8025,TXN_3608237,Salad,1,5.0,5.0,Digital Wallet,Takeaway,2023-11-26,Sunday,November
8026,TXN_2423167,Cake,3,3.0,9.0,Digital Wallet,Takeaway,2023-06-29,Thursday,June
8028,TXN_6695451,Salad,1,5.0,5.0,Credit Card,UNKNOWN,2023-07-28,Friday,July
8029,TXN_6098702,Coffee,3,2.0,6.0,Credit Card,UNKNOWN,2023-10-15,Sunday,October
8031,TXN_2010507,Cake,3,3.0,9.0,UNKNOWN,UNKNOWN,2023-05-23,Tuesday,May
8032,TXN_1390754,Cake,2,3.0,6.0,UNKNOWN,Takeaway,2023-11-08,Wednesday,November
8033,TXN_4925291,Smoothie,2,4.0,8.0,Digital Wallet,UNKNOWN,2023-09-22,Friday,September
8034,TXN_8345383,Tea,5,1.5,7.5,UNKNOWN,Takeaway,2023-10-14,Saturday,October
8035,TXN_3910293,Cake,4,3.0,12.0,Cash,In-store,2023-01-30,Monday,January
8036,TXN_4696969,Salad,1,5.0,5.0,Credit Card,UNKNOWN,2023-09-29,Friday,September
8037,TXN_4568379,Cookie,3,1.0,3.0,Digital Wallet,In-store,2023-05-28,Sunday,May
8038,TXN_8745942,Cookie,3,1.0,3.0,Cash,UNKNOWN,2023-05-03,Wednesday,May
8040,TXN_2496907,Coffee,2,2.0,4.0,Credit Card,UNKNOWN,2023-11-28,Tuesday,November
8041,TXN_3043371,Smoothie,1,4.0,4.0,UNKNOWN,UNKNOWN,2023-12-04,Monday,December
8042,TXN_2687149,Coffee,5,2.0,10.0,UNKNOWN,UNKNOWN,2023-03-24,Friday,March
8043,TXN_9752207,Sandwich,4,4.0,16.0,UNKNOWN,In-store,2023-10-15,Sunday,October
8044,TXN_7223850,Salad,2,5.0,10.0,Credit Card,UNKNOWN,2023-02-05,Sunday,February
8045,TXN_5421917,Tea,5,1.5,7.5,UNKNOWN,UNKNOWN,2023-05-03,Wednesday,May
8046,TXN_3812053,Coffee,5,2.0,10.0,UNKNOWN,In-store,2023-04-03,Monday,April
8047,TXN_8437195,Cake,1,3.0,3.0,Cash,UNKNOWN,2023-12-10,Sunday,December
8048,TXN_3880494,Sandwich,4,4.0,16.0,Cash,Takeaway,2023-12-17,Sunday,December
8050,TXN_9320353,Salad,5,5.0,25.0,Cash,In-store,2023-01-10,Tuesday,January
8051,TXN_8837015,Juice,3,3.0,9.0,Credit Card,In-store,2023-06-11,Sunday,June
8052,TXN_1856538,Coffee,3,2.0,6.0,Cash,UNKNOWN,2023-11-01,Wednesday,November
8053,TXN_2933439,Salad,4,5.0,20.0,Digital Wallet,UNKNOWN,2023-04-14,Friday,April
8054,TXN_2667131,Sandwich,2,4.0,8.0,Credit Card,Takeaway,2023-10-10,Tuesday,October
8055,TXN_5536056,Smoothie,3,4.0,12.0,Digital Wallet,Takeaway,2023-12-22,Friday,December
8056,TXN_3846628,Juice,1,3.0,3.0,UNKNOWN,Takeaway,2023-10-16,Monday,October
8057,TXN_9043894,Cake,1,3.0,3.0,Digital Wallet,UNKNOWN,2023-07-28,Friday,July
8058,TXN_9354349,Juice,1,3.0,3.0,Credit Card,UNKNOWN,2023-02-12,Sunday,February
8059,TXN_3655950,Cookie,1,1.0,1.0,UNKNOWN,In-store,2023-11-25,Saturday,November
8060,TXN_4483585,Smoothie,5,4.0,20.0,UNKNOWN,Takeaway,2023-12-26,Tuesday,December
8061,TXN_2332364,Cake,2,3.0,6.0,Credit Card,UNKNOWN,2023-08-10,Thursday,August
8062,TXN_5878649,Salad,3,5.0,15.0,UNKNOWN,Takeaway,2023-02-15,Wednesday,February
8063,TXN_2716940,Coffee,1,2.0,2.0,UNKNOWN,UNKNOWN,2023-11-27,Monday,November
8065,TXN_9020641,Cake,4,3.0,12.0,Credit Card,In-store,2023-06-27,Tuesday,June
8066,TXN_5931551,Sandwich,4,4.0,16.0,UNKNOWN,In-store,2023-03-28,Tuesday,March
8067,TXN_5812552,Cake,1,3.0,3.0,UNKNOWN,UNKNOWN,2023-09-17,Sunday,September
8069,TXN_2259102,Sandwich,2,4.0,8.0,UNKNOWN,UNKNOWN,2023-02-19,Sunday,February
8070,TXN_7041367,Cookie,4,1.0,4.0,UNKNOWN,UNKNOWN,2023-01-04,Wednesday,January
8071,TXN_1005377,Cake,5,3.0,15.0,Digital Wallet,Takeaway,2023-06-03,Saturday,June
8072,TXN_7262554,Salad,3,5.0,15.0,Credit Card,UNKNOWN,2023-07-08,Saturday,July
8073,TXN_9705971,Juice,2,3.0,6.0,Credit Card,Takeaway,2023-09-02,Saturday,September
8074,TXN_4809626,Coffee,5,2.0,10.0,Cash,Takeaway,2023-02-18,Saturday,February
8075,TXN_5171248,Cake,5,3.0,15.0,Digital Wallet,In-store,2023-06-14,Wednesday,June
8076,TXN_2201235,Tea,1,1.5,1.5,Digital Wallet,UNKNOWN,2023-12-17,Sunday,December
8077,TXN_2907979,Juice,3,3.0,9.0,Cash,UNKNOWN,2023-06-18,Sunday,June
8078,TXN_7229918,Coffee,2,2.0,4.0,Digital Wallet,Takeaway,2023-03-24,Friday,March
8079,TXN_5179245,Juice,3,3.0,9.0,Credit Card,UNKNOWN,2023-04-17,Monday,April
8080,TXN_5010968,Smoothie,2,4.0,8.0,Digital Wallet,UNKNOWN,2023-12-03,Sunday,December
8081,TXN_6294315,Cookie,2,1.0,2.0,Digital Wallet,UNKNOWN,2023-04-04,Tuesday,April
8082,TXN_8487985,Juice,5,3.0,15.0,UNKNOWN,Takeaway,2023-05-09,Tuesday,May
8083,TXN_8552898,Coffee,5,2.0,10.0,Credit Card,Takeaway,2023-11-06,Monday,November
8085,TXN_4787754,Juice,2,3.0,6.0,Digital Wallet,Takeaway,2023-08-31,Thursday,August
8086,TXN_9176533,Cake,3,3.0,9.0,Credit Card,UNKNOWN,2023-10-14,Saturday,October
8087,TXN_1228474,Smoothie,4,4.0,16.0,UNKNOWN,In-store,2023-11-20,Monday,November
8090,TXN_6021363,Sandwich,2,4.0,8.0,Credit Card,Takeaway,2023-01-11,Wednesday,January
8091,TXN_8518812,Cookie,3,1.0,3.0,UNKNOWN,In-store,2023-06-22,Thursday,June
8092,TXN_5573436,Coffee,1,2.0,2.0,UNKNOWN,Takeaway,2023-02-22,Wednesday,February
8093,TXN_3274591,Juice,5,3.0,15.0,UNKNOWN,Takeaway,2023-04-09,Sunday,April
8094,TXN_2477650,Cookie,1,1.0,1.0,Cash,Takeaway,2023-10-24,Tuesday,October
8095,TXN_4987376,Tea,2,1.5,3.0,Digital Wallet,Takeaway,2023-08-20,Sunday,August
8097,TXN_9196694,Cake,4,3.0,12.0,UNKNOWN,In-store,2023-03-23,Thursday,March
8098,TXN_2735598,Tea,5,1.5,7.5,Credit Card,Takeaway,2023-06-30,Friday,June
8099,TXN_7362526,Juice,1,3.0,3.0,Credit Card,Takeaway,2023-09-16,Saturday,September
8102,TXN_6324687,Smoothie,1,4.0,4.0,Credit Card,Takeaway,2023-03-03,Friday,March
8103,TXN_2716377,Juice,4,3.0,12.0,Cash,UNKNOWN,2023-01-03,Tuesday,January
8104,TXN_4002142,Cake,5,3.0,15.0,UNKNOWN,UNKNOWN,2023-06-27,Tuesday,June
8105,TXN_9417438,Salad,1,5.0,5.0,UNKNOWN,In-store,2023-01-05,Thursday,January
8106,TXN_4757873,Tea,1,1.5,1.5,Credit Card,In-store,2023-09-12,Tuesday,September
8107,TXN_6283718,Smoothie,3,4.0,12.0,Digital Wallet,Takeaway,2023-07-20,Thursday,July
8108,TXN_2019127,Salad,1,5.0,5.0,Cash,UNKNOWN,2023-08-03,Thursday,August
8109,TXN_2007652,Juice,2,3.0,6.0,Digital Wallet,UNKNOWN,2023-12-09,Saturday,December
8110,TXN_3048882,Juice,2,3.0,6.0,Cash,Takeaway,2023-12-30,Saturday,December
8111,TXN_3241510,Tea,5,1.5,7.5,Credit Card,UNKNOWN,2023-10-05,Thursday,October
8112,TXN_1978239,Salad,4,5.0,20.0,UNKNOWN,In-store,2023-09-20,Wednesday,September
8113,TXN_3286168,Smoothie,5,4.0,20.0,Digital Wallet,UNKNOWN,2023-06-25,Sunday,June
8114,TXN_5922981,Salad,5,5.0,25.0,Digital Wallet,Takeaway,2023-11-10,Friday,November
8115,TXN_4108567,Coffee,2,2.0,4.0,Cash,Takeaway,2023-08-14,Monday,August
8116,TXN_5217434,Coffee,1,2.0,2.0,UNKNOWN,Takeaway,2023-09-22,Friday,September
8118,TXN_4822216,Cake,1,3.0,3.0,UNKNOWN,UNKNOWN,2023-09-03,Sunday,September
8119,TXN_9246986,Tea,4,1.5,6.0,Cash,Takeaway,2023-09-08,Friday,September
8120,TXN_3931393,Sandwich,2,4.0,8.0,Digital Wallet,UNKNOWN,2023-11-18,Saturday,November
8121,TXN_1429325,Smoothie,2,4.0,8.0,Cash,UNKNOWN,2023-04-20,Thursday,April
8123,TXN_3648160,Coffee,5,2.0,10.0,UNKNOWN,Takeaway,2023-12-03,Sunday,December
8124,TXN_5832513,Juice,4,3.0,12.0,Cash,In-store,2023-11-02,Thursday,November
8125,TXN_6053755,Cookie,4,1.0,4.0,Digital Wallet,Takeaway,2023-01-18,Wednesday,January
8126,TXN_4437520,Smoothie,3,4.0,12.0,Credit Card,UNKNOWN,2023-07-28,Friday,July
8127,TXN_4995281,Salad,4,5.0,20.0,Credit Card,UNKNOWN,2023-02-25,Saturday,February
8128,TXN_6105807,Smoothie,3,4.0,12.0,Credit Card,Takeaway,2023-01-18,Wednesday,January
8131,TXN_2566211,Tea,2,1.5,3.0,Cash,UNKNOWN,2023-09-26,Tuesday,September
8133,TXN_8970135,Juice,4,3.0,12.0,UNKNOWN,In-store,2023-03-26,Sunday,March
8135,TXN_6361593,Sandwich,4,4.0,16.0,Digital Wallet,Takeaway,2023-08-29,Tuesday,August
8136,TXN_9375445,Smoothie,2,4.0,8.0,UNKNOWN,In-store,2023-10-22,Sunday,October
8138,TXN_1532390,Tea,5,1.5,7.5,Digital Wallet,UNKNOWN,2023-04-08,Saturday,April
8139,TXN_8020606,Cake,4,3.0,12.0,UNKNOWN,Takeaway,2023-10-10,Tuesday,October
8140,TXN_2729959,Smoothie,4,4.0,16.0,Digital Wallet,In-store,2023-02-01,Wednesday,February
8142,TXN_2134763,Juice,3,3.0,9.0,Credit Card,Takeaway,2023-03-28,Tuesday,March
8143,TXN_1633607,Juice,1,3.0,3.0,Cash,Takeaway,2023-03-13,Monday,March
8144,TXN_5124999,Coffee,5,2.0,10.0,Digital Wallet,UNKNOWN,2023-04-11,Tuesday,April
8146,TXN_3514890,Smoothie,5,4.0,20.0,UNKNOWN,In-store,2023-08-02,Wednesday,August
8148,TXN_5845583,Tea,4,1.5,6.0,Cash,In-store,2023-10-19,Thursday,October
8149,TXN_6692318,Tea,2,1.5,3.0,Cash,In-store,2023-08-20,Sunday,August
8150,TXN_9571019,Coffee,2,2.0,4.0,Cash,In-store,2023-06-22,Thursday,June
8151,TXN_6451595,Juice,2,3.0,6.0,Credit Card,Takeaway,2023-03-26,Sunday,March
8152,TXN_4797429,Salad,5,5.0,25.0,Digital Wallet,In-store,2023-11-07,Tuesday,November
8153,TXN_7255755,Sandwich,5,4.0,20.0,UNKNOWN,UNKNOWN,2023-10-19,Thursday,October
8154,TXN_6925284,Juice,5,3.0,15.0,Digital Wallet,Takeaway,2023-01-21,Saturday,January
8155,TXN_2925996,Cake,3,3.0,9.0,Cash,Takeaway,2023-04-11,Tuesday,April
8156,TXN_3944582,Tea,5,1.5,7.5,UNKNOWN,In-store,2023-10-21,Saturday,October
8158,TXN_5750248,Salad,4,5.0,20.0,Digital Wallet,In-store,2023-07-20,Thursday,July
8159,TXN_1020983,Juice,1,3.0,3.0,Digital Wallet,UNKNOWN,2023-03-23,Thursday,March
8160,TXN_9072817,Cookie,5,1.0,5.0,UNKNOWN,Takeaway,2023-07-18,Tuesday,July
8162,TXN_7416196,Smoothie,2,4.0,8.0,Cash,In-store,2023-10-20,Friday,October
8163,TXN_7276452,Coffee,3,2.0,6.0,Digital Wallet,UNKNOWN,2023-06-05,Monday,June
8164,TXN_2610195,Cake,2,3.0,6.0,UNKNOWN,UNKNOWN,2023-10-25,Wednesday,October
8166,TXN_9281392,Cookie,2,1.0,2.0,Digital Wallet,UNKNOWN,2023-08-06,Sunday,August
8167,TXN_8386253,Tea,4,1.5,6.0,Cash,UNKNOWN,2023-05-11,Thursday,May
8168,TXN_7995960,Juice,1,3.0,3.0,Digital Wallet,UNKNOWN,2023-01-11,Wednesday,January
8169,TXN_7663739,Cookie,5,1.0,5.0,Credit Card,UNKNOWN,2023-03-27,Monday,March
8171,TXN_7784608,Coffee,5,2.0,10.0,UNKNOWN,UNKNOWN,2023-06-01,Thursday,June
8173,TXN_6438980,Salad,2,5.0,10.0,Credit Card,Takeaway,2023-11-10,Friday,November
8174,TXN_2196926,Juice,2,3.0,6.0,Digital Wallet,UNKNOWN,2023-07-27,Thursday,July
8175,TXN_9582506,Cookie,2,1.0,2.0,Credit Card,UNKNOWN,2023-04-28,Friday,April
8176,TXN_2424839,Juice,4,3.0,12.0,Digital Wallet,In-store,2023-09-28,Thursday,September
8177,TXN_5215704,Sandwich,5,4.0,20.0,Credit Card,UNKNOWN,2023-10-31,Tuesday,October
8178,TXN_1982031,Cookie,4,1.0,4.0,Cash,Takeaway,2023-02-03,Friday,February
8179,TXN_3060286,Tea,2,1.5,3.0,Cash,Takeaway,2023-08-10,Thursday,August
8182,TXN_1643029,Cookie,3,1.0,3.0,UNKNOWN,UNKNOWN,2023-09-11,Monday,September
8183,TXN_2764625,Tea,1,1.5,1.5,Cash,In-store,2023-12-03,Sunday,December
8184,TXN_6086123,Juice,3,3.0,9.0,Credit Card,Takeaway,2023-11-17,Friday,November
8185,TXN_1796259,Juice,1,3.0,3.0,UNKNOWN,In-store,2023-04-29,Saturday,April
8186,TXN_4078284,Coffee,1,2.0,2.0,Credit Card,UNKNOWN,2023-05-14,Sunday,May
8187,TXN_4389662,Smoothie,1,4.0,4.0,Cash,Takeaway,2023-08-09,Wednesday,August
8188,TXN_1992699,Cookie,2,1.0,2.0,UNKNOWN,Takeaway,2023-05-08,Monday,May
8189,TXN_9389300,Salad,3,5.0,15.0,Credit Card,Takeaway,2023-01-14,Saturday,January
8190,TXN_5409951,Coffee,3,2.0,6.0,UNKNOWN,UNKNOWN,2023-06-23,Friday,June
8191,TXN_2147448,Coffee,4,2.0,8.0,Credit Card,In-store,2023-11-27,Monday,November
8192,TXN_9826170,Juice,2,3.0,6.0,UNKNOWN,UNKNOWN,2023-12-06,Wednesday,December
8193,TXN_4949509,Smoothie,4,4.0,16.0,UNKNOWN,UNKNOWN,2023-04-20,Thursday,April
8194,TXN_9857832,Tea,3,1.5,4.5,Cash,In-store,2023-03-31,Friday,March
8195,TXN_5038122,Salad,1,5.0,5.0,UNKNOWN,UNKNOWN,2023-08-11,Friday,August
8196,TXN_8984085,Salad,1,5.0,5.0,UNKNOWN,UNKNOWN,2023-08-17,Thursday,August
8197,TXN_8830264,Salad,1,5.0,5.0,Cash,UNKNOWN,2023-11-23,Thursday,November
8198,TXN_9696074,Coffee,4,2.0,8.0,UNKNOWN,Takeaway,2023-06-24,Saturday,June
8199,TXN_9579637,Tea,4,1.5,6.0,Digital Wallet,UNKNOWN,2023-06-26,Monday,June
8200,TXN_7907786,Tea,5,1.5,7.5,Cash,UNKNOWN,2023-09-20,Wednesday,September
8201,TXN_5316852,Coffee,2,2.0,4.0,Digital Wallet,UNKNOWN,2023-04-08,Saturday,April
8202,TXN_1292430,Smoothie,1,4.0,4.0,Credit Card,Takeaway,2023-03-09,Thursday,March
8204,TXN_2470530,Cake,1,3.0,3.0,Digital Wallet,Takeaway,2023-03-21,Tuesday,March
8205,TXN_6498718,Coffee,4,2.0,8.0,UNKNOWN,UNKNOWN,2023-03-18,Saturday,March
8206,TXN_1602435,Smoothie,1,4.0,4.0,Cash,UNKNOWN,2023-12-01,Friday,December
8207,TXN_1434598,Sandwich,5,4.0,20.0,Cash,Takeaway,2023-11-18,Saturday,November
8208,TXN_9871036,Smoothie,1,4.0,4.0,UNKNOWN,Takeaway,2023-07-02,Sunday,July
8209,TXN_2073001,Coffee,2,2.0,4.0,Digital Wallet,UNKNOWN,2023-11-22,Wednesday,November
8211,TXN_7815076,Juice,5,3.0,15.0,Cash,UNKNOWN,2023-12-16,Saturday,December
8212,TXN_6897172,Coffee,4,2.0,8.0,Digital Wallet,UNKNOWN,2023-12-08,Friday,December
8213,TXN_3783903,Tea,4,1.5,6.0,UNKNOWN,UNKNOWN,2023-06-25,Sunday,June
8214,TXN_4378637,Cookie,1,1.0,1.0,UNKNOWN,Takeaway,2023-05-12,Friday,May
8216,TXN_4375708,Sandwich,4,4.0,16.0,Credit Card,Takeaway,2023-08-01,Tuesday,August
8217,TXN_9775984,Juice,2,3.0,6.0,Credit Card,In-store,2023-10-09,Monday,October
8220,TXN_1625754,Cake,5,3.0,15.0,Digital Wallet,In-store,2023-08-03,Thursday,August
8221,TXN_9567915,Cake,1,3.0,3.0,Digital Wallet,Takeaway,2023-06-30,Friday,June
8222,TXN_4062634,Salad,2,5.0,10.0,Credit Card,In-store,2023-04-05,Wednesday,April
8223,TXN_6624397,Juice,4,3.0,12.0,Cash,Takeaway,2023-04-30,Sunday,April
8224,TXN_2991733,Tea,5,1.5,7.5,Credit Card,UNKNOWN,2023-04-13,Thursday,April
8225,TXN_8978924,Salad,5,5.0,25.0,Cash,UNKNOWN,2023-10-09,Monday,October
8226,TXN_2404800,Sandwich,5,4.0,20.0,Cash,In-store,2023-01-28,Saturday,January
8227,TXN_4501915,Juice,4,3.0,12.0,Credit Card,Takeaway,2023-12-04,Monday,December
8230,TXN_7645250,Juice,2,3.0,6.0,UNKNOWN,UNKNOWN,2023-10-09,Monday,October
8231,TXN_9231480,Cookie,4,1.0,4.0,Cash,UNKNOWN,2023-08-28,Monday,August
8232,TXN_4247105,Coffee,5,2.0,10.0,Cash,In-store,2023-04-14,Friday,April
8233,TXN_8732935,Cookie,4,1.0,4.0,Credit Card,Takeaway,2023-08-06,Sunday,August
8235,TXN_3270584,Cake,3,3.0,9.0,Credit Card,Takeaway,2023-01-10,Tuesday,January
8236,TXN_8258798,Coffee,3,2.0,6.0,Cash,In-store,2023-10-18,Wednesday,October
8237,TXN_7412012,Coffee,1,2.0,2.0,Cash,In-store,2023-08-02,Wednesday,August
8238,TXN_1927324,Sandwich,1,4.0,4.0,Digital Wallet,Takeaway,2023-08-29,Tuesday,August
8239,TXN_9159655,Cookie,5,1.0,5.0,Cash,UNKNOWN,2023-03-21,Tuesday,March
8240,TXN_1293057,Tea,2,1.5,3.0,Digital Wallet,UNKNOWN,2023-07-03,Monday,July
8241,TXN_8829698,Cake,2,3.0,6.0,Cash,UNKNOWN,2023-03-19,Sunday,March
8242,TXN_5056351,Juice,1,3.0,3.0,UNKNOWN,Takeaway,2023-04-24,Monday,April
8243,TXN_4431264,Smoothie,2,4.0,8.0,UNKNOWN,UNKNOWN,2023-11-14,Tuesday,November
8244,TXN_7371782,Tea,3,1.5,4.5,Cash,In-store,2023-02-26,Sunday,February
8245,TXN_7631505,Sandwich,4,4.0,16.0,Cash,In-store,2023-07-08,Saturday,July
8246,TXN_4331770,Salad,4,5.0,20.0,UNKNOWN,UNKNOWN,2023-06-04,Sunday,June
8247,TXN_2593909,Juice,2,3.0,6.0,Cash,In-store,2023-02-25,Saturday,February
8248,TXN_9728062,Coffee,1,2.0,2.0,Cash,UNKNOWN,2023-05-01,Monday,May
8249,TXN_7664606,Cookie,2,1.0,2.0,Digital Wallet,UNKNOWN,2023-07-05,Wednesday,July
8250,TXN_3359911,Cookie,4,1.0,4.0,UNKNOWN,In-store,2023-06-18,Sunday,June
8251,TXN_3745153,Smoothie,4,4.0,16.0,Digital Wallet,In-store,2023-06-30,Friday,June
8252,TXN_2019258,Juice,4,3.0,12.0,Credit Card,UNKNOWN,2023-02-03,Friday,February
8253,TXN_8153957,Coffee,1,2.0,2.0,Digital Wallet,Takeaway,2023-10-12,Thursday,October
8254,TXN_3437948,Smoothie,2,4.0,8.0,Cash,UNKNOWN,2023-11-02,Thursday,November
8255,TXN_6874195,Juice,3,3.0,9.0,Cash,Takeaway,2023-04-22,Saturday,April
8256,TXN_3234146,Juice,1,3.0,3.0,UNKNOWN,Takeaway,2023-11-14,Tuesday,November
8257,TXN_5172383,Juice,3,3.0,9.0,Cash,In-store,2023-03-28,Tuesday,March
8258,TXN_9288999,Cookie,3,1.0,3.0,Credit Card,In-store,2023-05-01,Monday,May
8259,TXN_4205407,Smoothie,5,4.0,20.0,Digital Wallet,UNKNOWN,2023-04-27,Thursday,April
8260,TXN_8325722,Sandwich,2,4.0,8.0,UNKNOWN,Takeaway,2023-05-27,Saturday,May
8261,TXN_3050797,Sandwich,3,4.0,12.0,Credit Card,UNKNOWN,2023-09-28,Thursday,September
8263,TXN_7387416,Juice,3,3.0,9.0,Cash,UNKNOWN,2023-12-15,Friday,December
8264,TXN_2244418,Salad,5,5.0,25.0,Cash,Takeaway,2023-10-15,Sunday,October
8266,TXN_3886177,Cake,3,3.0,9.0,UNKNOWN,Takeaway,2023-07-17,Monday,July
8267,TXN_2334047,Tea,1,1.5,1.5,UNKNOWN,Takeaway,2023-11-08,Wednesday,November
8268,TXN_3888864,Sandwich,1,4.0,4.0,Credit Card,In-store,2023-10-13,Friday,October
8269,TXN_6972491,Sandwich,1,4.0,4.0,UNKNOWN,Takeaway,2023-07-02,Sunday,July
8270,TXN_8886791,Tea,2,1.5,3.0,Cash,UNKNOWN,2023-07-09,Sunday,July
8271,TXN_4356114,Juice,2,3.0,6.0,Cash,Takeaway,2023-05-05,Friday,May
8272,TXN_2097023,Salad,3,5.0,15.0,Digital Wallet,Takeaway,2023-11-10,Friday,November
8273,TXN_2726749,Juice,4,3.0,12.0,UNKNOWN,Takeaway,2023-05-19,Friday,May
8274,TXN_3357336,Cake,4,3.0,12.0,UNKNOWN,In-store,2023-02-20,Monday,February
8275,TXN_3529354,Juice,2,3.0,6.0,Credit Card,Takeaway,2023-09-06,Wednesday,September
8276,TXN_9738339,Juice,1,3.0,3.0,UNKNOWN,In-store,2023-07-09,Sunday,July
8279,TXN_1046659,Smoothie,3,4.0,12.0,UNKNOWN,Takeaway,2023-12-14,Thursday,December
8280,TXN_2032049,Salad,2,5.0,10.0,Credit Card,UNKNOWN,2023-10-12,Thursday,October
8282,TXN_7251037,Salad,3,5.0,15.0,Credit Card,In-store,2023-08-17,Thursday,August
8283,TXN_9891576,Sandwich,3,4.0,12.0,Digital Wallet,Takeaway,2023-04-28,Friday,April
8284,TXN_5315818,Salad,1,5.0,5.0,Digital Wallet,UNKNOWN,2023-02-06,Monday,February
8285,TXN_9830755,Cookie,5,1.0,5.0,Digital Wallet,Takeaway,2023-06-24,Saturday,June
8286,TXN_8833319,Salad,1,5.0,5.0,UNKNOWN,Takeaway,2023-10-01,Sunday,October
8287,TXN_4353750,Cake,2,3.0,6.0,Credit Card,UNKNOWN,2023-03-02,Thursday,March
8288,TXN_8809659,Juice,2,3.0,6.0,Cash,Takeaway,2023-01-16,Monday,January
8289,TXN_2104550,Coffee,4,2.0,8.0,Credit Card,In-store,2023-09-08,Friday,September
8290,TXN_7554731,Cake,1,3.0,3.0,Credit Card,In-store,2023-02-02,Thursday,February
8292,TXN_8652021,Cake,1,3.0,3.0,Credit Card,In-store,2023-09-23,Saturday,September
8293,TXN_3744962,Salad,1,5.0,5.0,UNKNOWN,In-store,2023-07-26,Wednesday,July
8294,TXN_7312277,Juice,4,3.0,12.0,UNKNOWN,In-store,2023-09-07,Thursday,September
8295,TXN_2342308,Cookie,5,1.0,5.0,Digital Wallet,UNKNOWN,2023-05-20,Saturday,May
8296,TXN_7797507,Sandwich,5,4.0,20.0,Digital Wallet,Takeaway,2023-06-06,Tuesday,June
8297,TXN_3121360,Cake,3,3.0,9.0,Digital Wallet,UNKNOWN,2023-01-21,Saturday,January
8298,TXN_5568416,Cake,5,3.0,15.0,Credit Card,UNKNOWN,2023-09-06,Wednesday,September
8299,TXN_7032922,Sandwich,4,4.0,16.0,UNKNOWN,UNKNOWN,2023-08-18,Friday,August
8300,TXN_5734186,Juice,3,3.0,9.0,Cash,UNKNOWN,2023-04-03,Monday,April
8301,TXN_5107025,Tea,2,1.5,3.0,UNKNOWN,In-store,2023-02-19,Sunday,February
8303,TXN_5209346,Smoothie,3,4.0,12.0,Credit Card,In-store,2023-02-22,Wednesday,February
8304,TXN_8947660,Coffee,1,2.0,2.0,UNKNOWN,In-store,2023-09-03,Sunday,September
8305,TXN_6752053,Smoothie,4,4.0,16.0,UNKNOWN,UNKNOWN,2023-05-13,Saturday,May
8306,TXN_6571385,Tea,4,1.5,6.0,Cash,Takeaway,2023-01-06,Friday,January
8307,TXN_6430534,Tea,5,1.5,7.5,Cash,Takeaway,2023-01-29,Sunday,January
8308,TXN_6467414,Tea,3,1.5,4.5,Cash,UNKNOWN,2023-01-06,Friday,January
8309,TXN_2861912,Coffee,3,2.0,6.0,UNKNOWN,In-store,2023-03-25,Saturday,March
8310,TXN_8347965,Salad,1,5.0,5.0,Cash,Takeaway,2023-03-17,Friday,March
8311,TXN_9693344,Tea,4,1.5,6.0,Credit Card,Takeaway,2023-01-15,Sunday,January
8312,TXN_9801552,Sandwich,4,4.0,16.0,Credit Card,Takeaway,2023-04-20,Thursday,April
8314,TXN_8082317,Juice,3,3.0,9.0,Cash,Takeaway,2023-08-18,Friday,August
8315,TXN_1569729,Smoothie,5,4.0,20.0,Cash,Takeaway,2023-07-16,Sunday,July
8317,TXN_2644962,Smoothie,2,4.0,8.0,UNKNOWN,UNKNOWN,2023-04-09,Sunday,April
8318,TXN_8991609,Salad,4,5.0,20.0,Digital Wallet,In-store,2023-06-19,Monday,June
8319,TXN_5000665,Cake,3,3.0,9.0,Digital Wallet,In-store,2023-11-28,Tuesday,November
8320,TXN_2161255,Sandwich,3,4.0,12.0,UNKNOWN,UNKNOWN,2023-06-08,Thursday,June
8322,TXN_8833173,Smoothie,4,4.0,16.0,Digital Wallet,UNKNOWN,2023-03-14,Tuesday,March
8323,TXN_8449081,Cookie,2,1.0,2.0,UNKNOWN,In-store,2023-02-24,Friday,February
8324,TXN_7153321,Salad,5,5.0,25.0,Credit Card,Takeaway,2023-12-19,Tuesday,December
8325,TXN_2935761,Smoothie,4,4.0,16.0,Digital Wallet,UNKNOWN,2023-04-01,Saturday,April
8326,TXN_7328705,Cookie,4,1.0,4.0,Digital Wallet,Takeaway,2023-09-09,Saturday,September
8327,TXN_1419790,Sandwich,3,4.0,12.0,UNKNOWN,UNKNOWN,2023-01-06,Friday,January
8328,TXN_8970187,Cake,1,3.0,3.0,Digital Wallet,Takeaway,2023-03-13,Monday,March
8329,TXN_4385632,Tea,5,1.5,7.5,UNKNOWN,Takeaway,2023-06-18,Sunday,June
8330,TXN_4343133,Cookie,4,1.0,4.0,Digital Wallet,UNKNOWN,2023-03-04,Saturday,March
8331,TXN_7712544,Cookie,3,1.0,3.0,Cash,UNKNOWN,2023-05-06,Saturday,May
8332,TXN_6904952,Salad,4,5.0,20.0,Digital Wallet,Takeaway,2023-04-04,Tuesday,April
8333,TXN_4023091,Smoothie,3,4.0,12.0,Credit Card,UNKNOWN,2023-07-24,Monday,July
8334,TXN_6005707,Juice,4,3.0,12.0,Cash,UNKNOWN,2023-02-06,Monday,February
8335,TXN_9824238,Tea,5,1.5,7.5,Cash,In-store,2023-07-14,Friday,July
8336,TXN_2867795,Cookie,1,1.0,1.0,Credit Card,UNKNOWN,2023-06-26,Monday,June
8338,TXN_5437961,Sandwich,3,4.0,12.0,UNKNOWN,In-store,2023-06-30,Friday,June
8339,TXN_3440463,Cake,1,3.0,3.0,Credit Card,Takeaway,2023-04-04,Tuesday,April
8340,TXN_1242840,Smoothie,1,4.0,4.0,Credit Card,UNKNOWN,2023-08-26,Saturday,August
8341,TXN_2997717,Cake,4,3.0,12.0,Credit Card,UNKNOWN,2023-10-19,Thursday,October
8342,TXN_4440412,Sandwich,3,4.0,12.0,Cash,Takeaway,2023-04-15,Saturday,April
8343,TXN_9897583,Coffee,2,2.0,4.0,Digital Wallet,Takeaway,2023-01-20,Friday,January
8344,TXN_9772498,Cake,4,3.0,12.0,Cash,UNKNOWN,2023-08-21,Monday,August
8345,TXN_7908929,Tea,2,1.5,3.0,Digital Wallet,UNKNOWN,2023-11-18,Saturday,November
8346,TXN_6411390,Juice,1,3.0,3.0,Cash,UNKNOWN,2023-09-07,Thursday,September
8347,TXN_5784400,Cake,4,3.0,12.0,Digital Wallet,UNKNOWN,2023-11-25,Saturday,November
8352,TXN_6068074,Smoothie,2,4.0,8.0,Cash,In-store,2023-06-01,Thursday,June
8353,TXN_2265329,Cake,5,3.0,15.0,Credit Card,UNKNOWN,2023-12-23,Saturday,December
8354,TXN_8500316,Sandwich,4,4.0,16.0,UNKNOWN,UNKNOWN,2023-03-10,Friday,March
8355,TXN_4235472,Salad,5,5.0,25.0,UNKNOWN,Takeaway,2023-12-22,Friday,December
8356,TXN_1701798,Coffee,2,2.0,4.0,Cash,Takeaway,2023-07-24,Monday,July
8357,TXN_4352950,Coffee,1,2.0,2.0,Digital Wallet,UNKNOWN,2023-02-06,Monday,February
8358,TXN_4807899,Coffee,5,2.0,10.0,Digital Wallet,Takeaway,2023-07-03,Monday,July
8359,TXN_4916085,Juice,1,3.0,3.0,Digital Wallet,UNKNOWN,2023-03-03,Friday,March
8361,TXN_2102950,Coffee,5,2.0,10.0,Digital Wallet,Takeaway,2023-12-07,Thursday,December
8362,TXN_5530180,Cookie,5,1.0,5.0,UNKNOWN,In-store,2023-09-06,Wednesday,September
8363,TXN_6774559,Cookie,2,1.0,2.0,UNKNOWN,UNKNOWN,2023-02-18,Saturday,February
8364,TXN_7914312,Sandwich,5,4.0,20.0,UNKNOWN,In-store,2023-06-06,Tuesday,June
8365,TXN_5282804,Sandwich,1,4.0,4.0,Credit Card,UNKNOWN,2023-12-01,Friday,December
8366,TXN_6526078,Sandwich,5,4.0,20.0,Cash,UNKNOWN,2023-11-07,Tuesday,November
8369,TXN_2210019,Sandwich,3,4.0,12.0,Cash,In-store,2023-12-05,Tuesday,December
8370,TXN_4727260,Tea,2,1.5,3.0,UNKNOWN,UNKNOWN,2023-01-30,Monday,January
8371,TXN_2617632,Smoothie,4,4.0,16.0,Digital Wallet,UNKNOWN,2023-10-17,Tuesday,October
8372,TXN_5585601,Cake,4,3.0,12.0,UNKNOWN,Takeaway,2023-05-28,Sunday,May
8373,TXN_8019306,Juice,1,3.0,3.0,Credit Card,UNKNOWN,2023-05-21,Sunday,May
8374,TXN_6469563,Juice,5,3.0,15.0,Credit Card,UNKNOWN,2023-03-04,Saturday,March
8375,TXN_4059695,Salad,3,5.0,15.0,Cash,Takeaway,2023-12-30,Saturday,December
8377,TXN_3799280,Coffee,5,2.0,10.0,Cash,UNKNOWN,2023-09-23,Saturday,September
8379,TXN_2749862,Salad,4,5.0,20.0,Digital Wallet,UNKNOWN,2023-07-19,Wednesday,July
8380,TXN_3863625,Salad,5,5.0,25.0,Cash,In-store,2023-09-04,Monday,September
8381,TXN_2928676,Cookie,1,1.0,1.0,Credit Card,UNKNOWN,2023-06-09,Friday,June
8382,TXN_4030763,Salad,2,5.0,10.0,UNKNOWN,Takeaway,2023-06-17,Saturday,June
8384,TXN_3877643,Juice,4,3.0,12.0,Cash,In-store,2023-11-15,Wednesday,November
8386,TXN_3755657,Smoothie,2,4.0,8.0,Digital Wallet,In-store,2023-03-24,Friday,March
8387,TXN_6987232,Juice,5,3.0,15.0,Digital Wallet,UNKNOWN,2023-06-02,Friday,June
8388,TXN_8045032,Juice,4,3.0,12.0,UNKNOWN,In-store,2023-02-20,Monday,February
8389,TXN_3288233,Juice,5,3.0,15.0,Cash,UNKNOWN,2023-12-24,Sunday,December
8390,TXN_4231121,Coffee,4,2.0,8.0,UNKNOWN,UNKNOWN,2023-09-01,Friday,September
8393,TXN_2489067,Juice,2,3.0,6.0,UNKNOWN,Takeaway,2023-07-05,Wednesday,July
8394,TXN_7293600,Cake,3,3.0,9.0,Digital Wallet,UNKNOWN,2023-10-28,Saturday,October
8396,TXN_5279293,Sandwich,3,4.0,12.0,Digital Wallet,Takeaway,2023-11-11,Saturday,November
8397,TXN_3488082,Sandwich,1,4.0,4.0,Digital Wallet,In-store,2023-04-12,Wednesday,April
8398,TXN_3342106,Sandwich,1,4.0,4.0,Credit Card,In-store,2023-01-14,Saturday,January
8399,TXN_3713880,Salad,5,5.0,25.0,UNKNOWN,In-store,2023-06-30,Friday,June
8400,TXN_1967032,Tea,1,1.5,1.5,Digital Wallet,Takeaway,2023-01-12,Thursday,January
8401,TXN_6587151,Smoothie,4,4.0,16.0,Credit Card,UNKNOWN,2023-10-07,Saturday,October
8402,TXN_2630698,Sandwich,2,4.0,8.0,UNKNOWN,Takeaway,2023-08-22,Tuesday,August
8403,TXN_3632558,Coffee,2,2.0,4.0,Cash,Takeaway,2023-08-10,Thursday,August
8404,TXN_8228500,Tea,3,1.5,4.5,UNKNOWN,In-store,2023-04-15,Saturday,April
8406,TXN_3543930,Juice,2,3.0,6.0,Credit Card,Takeaway,2023-10-10,Tuesday,October
8408,TXN_3508619,Smoothie,4,4.0,16.0,UNKNOWN,UNKNOWN,2023-09-04,Monday,September
8409,TXN_4553403,Coffee,5,2.0,10.0,UNKNOWN,In-store,2023-06-20,Tuesday,June
8410,TXN_5747509,Cookie,2,1.0,2.0,Cash,In-store,2023-10-30,Monday,October
8411,TXN_7910572,Sandwich,4,4.0,16.0,UNKNOWN,Takeaway,2023-07-07,Friday,July
8412,TXN_9012517,Coffee,2,2.0,4.0,Credit Card,In-store,2023-10-21,Saturday,October
8413,TXN_8237192,Sandwich,3,4.0,12.0,UNKNOWN,UNKNOWN,2023-10-03,Tuesday,October
8414,TXN_5303092,Tea,2,1.5,3.0,Credit Card,In-store,2023-05-05,Friday,May
8416,TXN_3865641,Cake,5,3.0,15.0,Digital Wallet,In-store,2023-09-15,Friday,September
8417,TXN_1049697,Tea,3,1.5,4.5,Cash,In-store,2023-10-08,Sunday,October
8418,TXN_3420316,Sandwich,3,4.0,12.0,UNKNOWN,Takeaway,2023-10-31,Tuesday,October
8419,TXN_6568307,Coffee,1,2.0,2.0,Cash,In-store,2023-07-16,Sunday,July
8420,TXN_8281347,Juice,4,3.0,12.0,Credit Card,In-store,2023-08-11,Friday,August
8421,TXN_8353202,Sandwich,4,4.0,16.0,Digital Wallet,In-store,2023-06-14,Wednesday,June
8422,TXN_7377398,Juice,2,3.0,6.0,Cash,Takeaway,2023-02-26,Sunday,February
8423,TXN_6915068,Juice,2,3.0,6.0,Cash,In-store,2023-11-26,Sunday,November
8424,TXN_8704802,Smoothie,3,4.0,12.0,UNKNOWN,UNKNOWN,2023-08-30,Wednesday,August
8425,TXN_1983422,Cookie,2,1.0,2.0,Digital Wallet,In-store,2023-06-26,Monday,June
8426,TXN_1603186,Cake,3,3.0,9.0,Cash,Takeaway,2023-10-13,Friday,October
8427,TXN_5572520,Smoothie,5,4.0,20.0,Cash,Takeaway,2023-05-14,Sunday,May
8428,TXN_2021680,Juice,3,3.0,9.0,UNKNOWN,Takeaway,2023-08-16,Wednesday,August
8429,TXN_9220900,Cookie,4,1.0,4.0,UNKNOWN,UNKNOWN,2023-06-19,Monday,June
8430,TXN_6123007,Coffee,3,2.0,6.0,Digital Wallet,UNKNOWN,2023-05-28,Sunday,May
8431,TXN_2832660,Smoothie,2,4.0,8.0,Credit Card,UNKNOWN,2023-01-08,Sunday,January
8432,TXN_7697496,Salad,1,5.0,5.0,UNKNOWN,Takeaway,2023-06-18,Sunday,June
8433,TXN_9802838,Tea,1,1.5,1.5,UNKNOWN,Takeaway,2023-02-15,Wednesday,February
8434,TXN_4011509,Smoothie,4,4.0,16.0,Digital Wallet,UNKNOWN,2023-11-10,Friday,November
8435,TXN_6786730,Coffee,1,2.0,2.0,Credit Card,UNKNOWN,2023-04-15,Saturday,April
8436,TXN_3641356,Juice,3,3.0,9.0,Credit Card,In-store,2023-07-26,Wednesday,July
8437,TXN_8245502,Salad,1,5.0,5.0,Credit Card,UNKNOWN,2023-03-16,Thursday,March
8439,TXN_1318238,Sandwich,1,4.0,4.0,Digital Wallet,Takeaway,2023-09-23,Saturday,September
8440,TXN_1970180,Cake,2,3.0,6.0,Digital Wallet,Takeaway,2023-08-02,Wednesday,August
8441,TXN_5415223,Tea,2,1.5,3.0,Cash,In-store,2023-09-02,Saturday,September
8442,TXN_4777601,Tea,1,1.5,1.5,Credit Card,In-store,2023-08-18,Friday,August
8444,TXN_5110688,Salad,3,5.0,15.0,Digital Wallet,UNKNOWN,2023-05-09,Tuesday,May
8445,TXN_7497122,Sandwich,5,4.0,20.0,Digital Wallet,Takeaway,2023-03-23,Thursday,March
8446,TXN_4870483,Coffee,1,2.0,2.0,UNKNOWN,Takeaway,2023-03-03,Friday,March
8448,TXN_3838923,Juice,4,3.0,12.0,UNKNOWN,Takeaway,2023-06-03,Saturday,June
8450,TXN_2458782,Salad,1,5.0,5.0,Cash,UNKNOWN,2023-04-15,Saturday,April
8451,TXN_1256513,Coffee,4,2.0,8.0,Credit Card,In-store,2023-02-21,Tuesday,February
8453,TXN_9432758,Cookie,3,1.0,3.0,Cash,Takeaway,2023-10-02,Monday,October
8454,TXN_1254663,Coffee,3,2.0,6.0,UNKNOWN,UNKNOWN,2023-08-15,Tuesday,August
8455,TXN_7174856,Sandwich,1,4.0,4.0,Cash,Takeaway,2023-05-03,Wednesday,May
8456,TXN_5548756,Cookie,4,1.0,4.0,Credit Card,UNKNOWN,2023-09-09,Saturday,September
8457,TXN_2736267,Salad,5,5.0,25.0,UNKNOWN,In-store,2023-03-17,Friday,March
8459,TXN_1990997,Salad,1,5.0,5.0,Digital Wallet,UNKNOWN,2023-03-27,Monday,March
8460,TXN_3820150,Tea,1,1.5,1.5,UNKNOWN,UNKNOWN,2023-05-10,Wednesday,May
8461,TXN_7325508,Salad,4,5.0,20.0,Credit Card,Takeaway,2023-05-27,Saturday,May
8462,TXN_5398134,Coffee,2,2.0,4.0,Credit Card,UNKNOWN,2023-10-01,Sunday,October
8466,TXN_1936447,Cookie,2,1.0,2.0,Cash,UNKNOWN,2023-10-28,Saturday,October
8467,TXN_8469087,Salad,2,5.0,10.0,Digital Wallet,Takeaway,2023-11-06,Monday,November
8469,TXN_8621589,Juice,5,3.0,15.0,Digital Wallet,UNKNOWN,2023-11-15,Wednesday,November
8470,TXN_9901097,Coffee,1,2.0,2.0,Cash,UNKNOWN,2023-01-07,Saturday,January
8471,TXN_8783484,Smoothie,1,4.0,4.0,Cash,In-store,2023-11-20,Monday,November
8472,TXN_9599703,Cake,2,3.0,6.0,Digital Wallet,In-store,2023-09-25,Monday,September
8473,TXN_1353248,Sandwich,3,4.0,12.0,Cash,UNKNOWN,2023-09-03,Sunday,September
8475,TXN_1266598,Cake,4,3.0,12.0,Digital Wallet,UNKNOWN,2023-04-05,Wednesday,April
8476,TXN_5445994,Juice,1,3.0,3.0,Credit Card,In-store,2023-06-11,Sunday,June
8477,TXN_5689687,Cake,5,3.0,15.0,UNKNOWN,In-store,2023-06-04,Sunday,June
8478,TXN_2208733,Juice,1,3.0,3.0,UNKNOWN,Takeaway,2023-06-20,Tuesday,June
8480,TXN_4694285,Tea,3,1.5,4.5,UNKNOWN,In-store,2023-01-25,Wednesday,January
8481,TXN_3829375,Juice,5,3.0,15.0,Cash,UNKNOWN,2023-12-18,Monday,December
8482,TXN_1932224,Coffee,1,2.0,2.0,Credit Card,UNKNOWN,2023-09-09,Saturday,September
8483,TXN_5468153,Smoothie,5,4.0,20.0,Digital Wallet,In-store,2023-12-15,Friday,December
8484,TXN_9363711,Coffee,5,2.0,10.0,Digital Wallet,Takeaway,2023-11-23,Thursday,November
8485,TXN_6845073,Cookie,1,1.0,1.0,Credit Card,In-store,2023-04-05,Wednesday,April
8487,TXN_1691313,Sandwich,2,4.0,8.0,Digital Wallet,Takeaway,2023-03-17,Friday,March
8488,TXN_4007522,Cake,2,3.0,6.0,Cash,Takeaway,2023-12-20,Wednesday,December
8489,TXN_3175177,Juice,3,3.0,9.0,Credit Card,UNKNOWN,2023-10-24,Tuesday,October
8490,TXN_9282265,Salad,2,5.0,10.0,Credit Card,UNKNOWN,2023-03-20,Monday,March
8491,TXN_8265257,Coffee,1,2.0,2.0,UNKNOWN,In-store,2023-10-25,Wednesday,October
8492,TXN_5425668,Cookie,5,1.0,5.0,Cash,Takeaway,2023-04-09,Sunday,April
8493,TXN_7738455,Tea,3,1.5,4.5,Digital Wallet,UNKNOWN,2023-06-05,Monday,June
8494,TXN_7349681,Salad,1,5.0,5.0,Cash,In-store,2023-08-09,Wednesday,August
8495,TXN_2660576,Sandwich,1,4.0,4.0,UNKNOWN,UNKNOWN,2023-05-15,Monday,May
8496,TXN_2101934,Smoothie,4,4.0,16.0,Cash,In-store,2023-11-27,Monday,November
8497,TXN_1525583,Sandwich,3,4.0,12.0,Cash,Takeaway,2023-05-20,Saturday,May
8499,TXN_9205425,Sandwich,3,4.0,12.0,Digital Wallet,Takeaway,2023-09-16,Saturday,September
8500,TXN_9306482,Smoothie,2,4.0,8.0,Digital Wallet,Takeaway,2023-01-16,Monday,January
8501,TXN_8407849,Cookie,2,1.0,2.0,UNKNOWN,UNKNOWN,2023-05-05,Friday,May
8503,TXN_9121687,Sandwich,2,4.0,8.0,UNKNOWN,In-store,2023-05-13,Saturday,May
8504,TXN_3182191,Cake,5,3.0,15.0,Digital Wallet,UNKNOWN,2023-07-21,Friday,July
8505,TXN_4734366,Smoothie,1,4.0,4.0,Credit Card,Takeaway,2023-08-20,Sunday,August
8506,TXN_4430006,Juice,5,3.0,15.0,UNKNOWN,UNKNOWN,2023-01-14,Saturday,January
8507,TXN_7341975,Juice,2,3.0,6.0,Digital Wallet,UNKNOWN,2023-07-29,Saturday,July
8508,TXN_8787149,Juice,1,3.0,3.0,UNKNOWN,UNKNOWN,2023-04-20,Thursday,April
8509,TXN_4224284,Cookie,2,1.0,2.0,UNKNOWN,Takeaway,2023-09-04,Monday,September
8511,TXN_5097542,Cake,5,3.0,15.0,Cash,UNKNOWN,2023-05-15,Monday,May
8512,TXN_4260738,Coffee,2,2.0,4.0,UNKNOWN,In-store,2023-11-15,Wednesday,November
8513,TXN_5402821,Salad,4,5.0,20.0,UNKNOWN,UNKNOWN,2023-11-29,Wednesday,November
8514,TXN_4130343,Coffee,4,2.0,8.0,Credit Card,In-store,2023-12-08,Friday,December
8515,TXN_3028667,Juice,2,3.0,6.0,UNKNOWN,Takeaway,2023-11-24,Friday,November
8518,TXN_6849062,Coffee,5,2.0,10.0,Cash,UNKNOWN,2023-07-30,Sunday,July
8519,TXN_4336844,Smoothie,4,4.0,16.0,UNKNOWN,UNKNOWN,2023-07-09,Sunday,July
8520,TXN_6090715,Juice,3,3.0,9.0,Credit Card,In-store,2023-11-14,Tuesday,November
8521,TXN_9162014,Cake,1,3.0,3.0,Cash,UNKNOWN,2023-07-21,Friday,July
8522,TXN_4751689,Smoothie,5,4.0,20.0,Cash,In-store,2023-07-28,Friday,July
8523,TXN_2200163,Coffee,4,2.0,8.0,Cash,UNKNOWN,2023-03-13,Monday,March
8524,TXN_7310903,Smoothie,3,4.0,12.0,Credit Card,UNKNOWN,2023-09-10,Sunday,September
8525,TXN_7155957,Salad,5,5.0,25.0,Digital Wallet,In-store,2023-02-22,Wednesday,February
8526,TXN_4350828,Juice,2,3.0,6.0,Digital Wallet,In-store,2023-02-16,Thursday,February
8527,TXN_7539585,Smoothie,5,4.0,20.0,UNKNOWN,UNKNOWN,2023-10-20,Friday,October
8530,TXN_4970127,Tea,1,1.5,1.5,Digital Wallet,In-store,2023-12-09,Saturday,December
8531,TXN_9567719,Sandwich,5,4.0,20.0,Digital Wallet,In-store,2023-01-24,Tuesday,January
8532,TXN_2950265,Salad,3,5.0,15.0,Credit Card,UNKNOWN,2023-08-23,Wednesday,August
8533,TXN_1556609,Sandwich,1,4.0,4.0,Digital Wallet,UNKNOWN,2023-07-21,Friday,July
8534,TXN_2203547,Juice,3,3.0,9.0,UNKNOWN,In-store,2023-07-01,Saturday,July
8535,TXN_1084010,Smoothie,2,4.0,8.0,Credit Card,In-store,2023-08-11,Friday,August
8536,TXN_4218637,Tea,5,1.5,7.5,Cash,UNKNOWN,2023-08-31,Thursday,August
8537,TXN_2245465,Salad,2,5.0,10.0,Digital Wallet,UNKNOWN,2023-12-27,Wednesday,December
8538,TXN_4742049,Juice,1,3.0,3.0,Credit Card,Takeaway,2023-09-10,Sunday,September
8539,TXN_9889005,Cake,3,3.0,9.0,UNKNOWN,UNKNOWN,2023-12-16,Saturday,December
8540,TXN_4840522,Smoothie,3,4.0,12.0,UNKNOWN,In-store,2023-06-16,Friday,June
8541,TXN_2585392,Salad,4,5.0,20.0,UNKNOWN,UNKNOWN,2023-07-12,Wednesday,July
8543,TXN_2180562,Salad,2,5.0,10.0,UNKNOWN,Takeaway,2023-07-02,Sunday,July
8545,TXN_5993677,Cake,4,3.0,12.0,UNKNOWN,Takeaway,2023-01-28,Saturday,January
8546,TXN_8984991,Smoothie,3,4.0,12.0,Credit Card,UNKNOWN,2023-05-17,Wednesday,May
8548,TXN_6123633,Salad,3,5.0,15.0,UNKNOWN,UNKNOWN,2023-01-16,Monday,January
8549,TXN_6769554,Coffee,5,2.0,10.0,Credit Card,Takeaway,2023-02-06,Monday,February
8550,TXN_5761414,Smoothie,1,4.0,4.0,Digital Wallet,UNKNOWN,2023-10-02,Monday,October
8551,TXN_5157516,Salad,3,5.0,15.0,UNKNOWN,In-store,2023-10-09,Monday,October
8552,TXN_2614633,Coffee,4,2.0,8.0,Digital Wallet,In-store,2023-04-23,Sunday,April
8553,TXN_3781240,Cake,5,3.0,15.0,UNKNOWN,Takeaway,2023-05-27,Saturday,May
8555,TXN_2085081,Cake,2,3.0,6.0,Cash,UNKNOWN,2023-03-14,Tuesday,March
8556,TXN_3399636,Juice,3,3.0,9.0,Digital Wallet,Takeaway,2023-08-07,Monday,August
8557,TXN_8587529,Cookie,2,1.0,2.0,Credit Card,Takeaway,2023-07-09,Sunday,July
8558,TXN_1476775,Salad,3,5.0,15.0,Credit Card,UNKNOWN,2023-11-01,Wednesday,November
8559,TXN_6945985,Tea,3,1.5,4.5,Digital Wallet,In-store,2023-02-13,Monday,February
8560,TXN_4117627,Cake,3,3.0,9.0,Credit Card,In-store,2023-06-22,Thursday,June
8561,TXN_7530300,Coffee,3,2.0,6.0,Digital Wallet,UNKNOWN,2023-05-08,Monday,May
8562,TXN_7071783,Cookie,4,1.0,4.0,Cash,UNKNOWN,2023-07-04,Tuesday,July
8563,TXN_3676305,Salad,5,5.0,25.0,Credit Card,UNKNOWN,2023-06-14,Wednesday,June
8564,TXN_8867827,Tea,1,1.5,1.5,Digital Wallet,UNKNOWN,2023-01-14,Saturday,January
8565,TXN_9061106,Cake,4,3.0,12.0,Digital Wallet,Takeaway,2023-11-04,Saturday,November
8566,TXN_1245485,Cake,1,3.0,3.0,Digital Wallet,UNKNOWN,2023-05-15,Monday,May
8567,TXN_1357780,Tea,4,1.5,6.0,UNKNOWN,In-store,2023-10-23,Monday,October
8569,TXN_6113724,Coffee,1,2.0,2.0,Digital Wallet,Takeaway,2023-03-26,Sunday,March
8570,TXN_6496176,Cookie,4,1.0,4.0,UNKNOWN,In-store,2023-07-26,Wednesday,July
8571,TXN_2381411,Coffee,5,2.0,10.0,Cash,In-store,2023-07-30,Sunday,July
8572,TXN_9210096,Smoothie,3,4.0,12.0,UNKNOWN,UNKNOWN,2023-05-25,Thursday,May
8573,TXN_4563544,Sandwich,5,4.0,20.0,UNKNOWN,UNKNOWN,2023-06-10,Saturday,June
8576,TXN_2168277,Cookie,1,1.0,1.0,UNKNOWN,Takeaway,2023-06-02,Friday,June
8577,TXN_9178545,Juice,4,3.0,12.0,Cash,In-store,2023-01-24,Tuesday,January
8578,TXN_8535886,Tea,5,1.5,7.5,Credit Card,In-store,2023-05-13,Saturday,May
8580,TXN_7978452,Cake,5,3.0,15.0,Digital Wallet,UNKNOWN,2023-10-03,Tuesday,October
8581,TXN_8488163,Sandwich,4,4.0,16.0,UNKNOWN,UNKNOWN,2023-01-19,Thursday,January
8582,TXN_6926855,Sandwich,3,4.0,12.0,Cash,Takeaway,2023-01-12,Thursday,January
8583,TXN_9869593,Cake,2,3.0,6.0,Digital Wallet,Takeaway,2023-10-03,Tuesday,October
8584,TXN_3055407,Tea,2,1.5,3.0,UNKNOWN,UNKNOWN,2023-06-03,Saturday,June
8585,TXN_4981027,Coffee,3,2.0,6.0,UNKNOWN,UNKNOWN,2023-08-02,Wednesday,August
8586,TXN_5332773,Coffee,2,2.0,4.0,Digital Wallet,Takeaway,2023-05-04,Thursday,May
8587,TXN_5946554,Cake,2,3.0,6.0,UNKNOWN,UNKNOWN,2023-03-01,Wednesday,March
8588,TXN_7508715,Smoothie,2,4.0,8.0,Cash,In-store,2023-12-11,Monday,December
8589,TXN_9728789,Cookie,3,1.0,3.0,Cash,In-store,2023-03-29,Wednesday,March
8590,TXN_8061866,Salad,4,5.0,20.0,Cash,Takeaway,2023-12-13,Wednesday,December
8591,TXN_8961034,Juice,2,3.0,6.0,UNKNOWN,UNKNOWN,2023-01-21,Saturday,January
8592,TXN_1099119,Smoothie,4,4.0,16.0,Cash,UNKNOWN,2023-02-09,Thursday,February
8593,TXN_2421387,Cookie,4,1.0,4.0,UNKNOWN,UNKNOWN,2023-04-09,Sunday,April
8594,TXN_8627017,Tea,4,1.5,6.0,Cash,In-store,2023-01-28,Saturday,January
8595,TXN_7468084,Coffee,5,2.0,10.0,Credit Card,UNKNOWN,2023-06-14,Wednesday,June
8596,TXN_1185069,Salad,1,5.0,5.0,Digital Wallet,UNKNOWN,2023-02-21,Tuesday,February
8597,TXN_5100941,Cookie,5,1.0,5.0,Digital Wallet,UNKNOWN,2023-07-11,Tuesday,July
8598,TXN_6428745,Cake,1,3.0,3.0,UNKNOWN,Takeaway,2023-06-02,Friday,June
8599,TXN_4096757,Salad,5,5.0,25.0,Credit Card,In-store,2023-07-20,Thursday,July
8600,TXN_6057914,Smoothie,2,4.0,8.0,Digital Wallet,UNKNOWN,2023-03-18,Saturday,March
8601,TXN_2517078,Sandwich,2,4.0,8.0,UNKNOWN,In-store,2023-03-07,Tuesday,March
8602,TXN_2890321,Tea,3,1.5,4.5,Cash,In-store,2023-06-13,Tuesday,June
8603,TXN_4808812,Smoothie,4,4.0,16.0,UNKNOWN,UNKNOWN,2023-05-31,Wednesday,May
8604,TXN_1866707,Smoothie,3,4.0,12.0,Cash,UNKNOWN,2023-06-05,Monday,June
8605,TXN_9745609,Salad,3,5.0,15.0,UNKNOWN,UNKNOWN,2023-02-05,Sunday,February
8606,TXN_8488298,Cake,3,3.0,9.0,Cash,UNKNOWN,2023-11-03,Friday,November
8607,TXN_2515796,Tea,3,1.5,4.5,Credit Card,Takeaway,2023-02-06,Monday,February
8608,TXN_2369294,Sandwich,2,4.0,8.0,Cash,Takeaway,2023-09-07,Thursday,September
8609,TXN_9444736,Tea,5,1.5,7.5,Credit Card,Takeaway,2023-04-23,Sunday,April
8610,TXN_4764398,Sandwich,2,4.0,8.0,Credit Card,UNKNOWN,2023-06-13,Tuesday,June
8612,TXN_1993675,Cookie,3,1.0,3.0,Cash,Takeaway,2023-01-09,Monday,January
8613,TXN_7754136,Cookie,1,1.0,1.0,Credit Card,In-store,2023-07-12,Wednesday,July
8614,TXN_4873173,Coffee,5,2.0,10.0,Cash,Takeaway,2023-10-08,Sunday,October
8615,TXN_7221126,Tea,5,1.5,7.5,Digital Wallet,In-store,2023-10-11,Wednesday,October
8616,TXN_4537288,Cookie,1,1.0,1.0,Cash,UNKNOWN,2023-02-25,Saturday,February
8618,TXN_5079166,Salad,5,5.0,25.0,Credit Card,Takeaway,2023-04-15,Saturday,April
8619,TXN_4597600,Cookie,5,1.0,5.0,UNKNOWN,Takeaway,2023-11-15,Wednesday,November
8620,TXN_6568440,Cookie,1,1.0,1.0,UNKNOWN,Takeaway,2023-06-15,Thursday,June
8621,TXN_1713639,Cookie,1,1.0,1.0,UNKNOWN,UNKNOWN,2023-08-04,Friday,August
8623,TXN_6419344,Juice,1,3.0,3.0,Cash,In-store,2023-05-26,Friday,May
8624,TXN_3669068,Cake,5,3.0,15.0,Cash,Takeaway,2023-01-17,Tuesday,January
8625,TXN_2201248,Tea,1,1.5,1.5,Cash,Takeaway,2023-07-20,Thursday,July
8626,TXN_4432252,Smoothie,5,4.0,20.0,Credit Card,UNKNOWN,2023-02-16,Thursday,February
8627,TXN_6595038,Cookie,2,1.0,2.0,UNKNOWN,UNKNOWN,2023-02-08,Wednesday,February
8628,TXN_2940895,Cake,4,3.0,12.0,UNKNOWN,UNKNOWN,2023-02-20,Monday,February
8630,TXN_4069354,Salad,1,5.0,5.0,UNKNOWN,UNKNOWN,2023-08-18,Friday,August
8631,TXN_9737509,Tea,5,1.5,7.5,Digital Wallet,In-store,2023-11-27,Monday,November
8632,TXN_8749404,Coffee,4,2.0,8.0,Digital Wallet,In-store,2023-12-16,Saturday,December
8633,TXN_2069068,Cake,5,3.0,15.0,UNKNOWN,In-store,2023-06-15,Thursday,June
8635,TXN_6411385,Salad,4,5.0,20.0,Cash,Takeaway,2023-06-06,Tuesday,June
8637,TXN_4768744,Tea,5,1.5,7.5,Cash,In-store,2023-05-14,Sunday,May
8638,TXN_5260646,Tea,4,1.5,6.0,Cash,Takeaway,2023-11-18,Saturday,November
8639,TXN_2393219,Juice,4,3.0,12.0,Digital Wallet,In-store,2023-12-27,Wednesday,December
8640,TXN_4544172,Juice,1,3.0,3.0,Digital Wallet,Takeaway,2023-05-20,Saturday,May
8641,TXN_1180623,Sandwich,5,4.0,20.0,UNKNOWN,In-store,2023-09-23,Saturday,September
8642,TXN_8275137,Salad,4,5.0,20.0,Cash,UNKNOWN,2023-11-16,Thursday,November
8643,TXN_3758861,Smoothie,3,4.0,12.0,Credit Card,UNKNOWN,2023-07-03,Monday,July
8644,TXN_6279736,Salad,1,5.0,5.0,UNKNOWN,UNKNOWN,2023-08-25,Friday,August
8645,TXN_8661276,Cookie,1,1.0,1.0,Digital Wallet,In-store,2023-01-07,Saturday,January
8646,TXN_5974796,Sandwich,4,4.0,16.0,Cash,In-store,2023-11-09,Thursday,November
8648,TXN_5452978,Salad,2,5.0,10.0,Cash,In-store,2023-04-10,Monday,April
8650,TXN_6455517,Cake,2,3.0,6.0,Cash,UNKNOWN,2023-08-04,Friday,August
8652,TXN_3933290,Coffee,1,2.0,2.0,UNKNOWN,UNKNOWN,2023-08-05,Saturday,August
8653,TXN_9655661,Juice,1,3.0,3.0,Digital Wallet,UNKNOWN,2023-06-07,Wednesday,June
8655,TXN_1931190,Cookie,3,1.0,3.0,UNKNOWN,Takeaway,2023-12-31,Sunday,December
8657,TXN_4887189,Smoothie,3,4.0,12.0,Cash,Takeaway,2023-07-19,Wednesday,July
8658,TXN_7687146,Coffee,1,2.0,2.0,Digital Wallet,Takeaway,2023-12-02,Saturday,December
8659,TXN_9728414,Tea,1,1.5,1.5,Credit Card,Takeaway,2023-01-11,Wednesday,January
8660,TXN_3081950,Cookie,1,1.0,1.0,Digital Wallet,UNKNOWN,2023-05-01,Monday,May
8661,TXN_7589318,Cake,4,3.0,12.0,Cash,In-store,2023-09-21,Thursday,September
8662,TXN_9452972,Sandwich,3,4.0,12.0,Digital Wallet,UNKNOWN,2023-02-10,Friday,February
8663,TXN_9299563,Juice,5,3.0,15.0,Credit Card,UNKNOWN,2023-03-27,Monday,March
8665,TXN_3374343,Cake,2,3.0,6.0,UNKNOWN,UNKNOWN,2023-09-02,Saturday,September
8666,TXN_8732269,Cake,2,3.0,6.0,Credit Card,Takeaway,2023-01-11,Wednesday,January
8667,TXN_6763296,Coffee,5,2.0,10.0,Cash,UNKNOWN,2023-10-04,Wednesday,October
8668,TXN_3758250,Salad,3,5.0,15.0,Cash,In-store,2023-09-08,Friday,September
8670,TXN_8697749,Cookie,3,1.0,3.0,UNKNOWN,Takeaway,2023-07-24,Monday,July
8672,TXN_6027798,Cookie,2,1.0,2.0,Digital Wallet,UNKNOWN,2023-05-26,Friday,May
8673,TXN_4482692,Salad,2,5.0,10.0,UNKNOWN,UNKNOWN,2023-04-14,Friday,April
8674,TXN_8196921,Coffee,4,2.0,8.0,Credit Card,Takeaway,2023-05-19,Friday,May
8675,TXN_9289408,Coffee,4,2.0,8.0,Digital Wallet,UNKNOWN,2023-09-23,Saturday,September
8676,TXN_3771902,Juice,5,3.0,15.0,Cash,Takeaway,2023-03-31,Friday,March
8677,TXN_8506937,Salad,1,5.0,5.0,UNKNOWN,In-store,2023-09-07,Thursday,September
8679,TXN_6217375,Smoothie,5,4.0,20.0,Cash,UNKNOWN,2023-12-07,Thursday,December
8680,TXN_3779320,Tea,4,1.5,6.0,Credit Card,In-store,2023-03-27,Monday,March
8681,TXN_2894525,Juice,3,3.0,9.0,UNKNOWN,Takeaway,2023-04-16,Sunday,April
8682,TXN_9789876,Salad,4,5.0,20.0,Cash,Takeaway,2023-09-05,Tuesday,September
8683,TXN_9129403,Sandwich,3,4.0,12.0,Credit Card,UNKNOWN,2023-12-05,Tuesday,December
8684,TXN_2944325,Sandwich,4,4.0,16.0,Cash,UNKNOWN,2023-12-18,Monday,December
8685,TXN_5591155,Smoothie,4,4.0,16.0,UNKNOWN,Takeaway,2023-05-14,Sunday,May
8686,TXN_6532832,Cookie,5,1.0,5.0,Cash,In-store,2023-06-23,Friday,June
8687,TXN_5992166,Juice,5,3.0,15.0,Cash,Takeaway,2023-10-01,Sunday,October
8688,TXN_6895165,Coffee,3,2.0,6.0,Credit Card,Takeaway,2023-02-18,Saturday,February
8690,TXN_6269306,Smoothie,5,4.0,20.0,Credit Card,UNKNOWN,2023-08-29,Tuesday,August
8691,TXN_2132747,Sandwich,2,4.0,8.0,UNKNOWN,In-store,2023-12-19,Tuesday,December
8692,TXN_6241505,Smoothie,4,4.0,16.0,Cash,Takeaway,2023-11-20,Monday,November
8693,TXN_7965585,Smoothie,5,4.0,20.0,UNKNOWN,Takeaway,2023-01-30,Monday,January
8694,TXN_1950063,Salad,2,5.0,10.0,Cash,UNKNOWN,2023-02-24,Friday,February
8695,TXN_4682737,Coffee,2,2.0,4.0,Cash,Takeaway,2023-02-03,Friday,February
8697,TXN_9061471,Cake,1,3.0,3.0,Digital Wallet,Takeaway,2023-07-13,Thursday,July
8699,TXN_8410979,Smoothie,3,4.0,12.0,Digital Wallet,In-store,2023-05-02,Tuesday,May
8700,TXN_3710523,Sandwich,3,4.0,12.0,Digital Wallet,UNKNOWN,2023-10-03,Tuesday,October
8701,TXN_8014289,Juice,5,3.0,15.0,Digital Wallet,In-store,2023-12-04,Monday,December
8702,TXN_1888294,Juice,3,3.0,9.0,Cash,UNKNOWN,2023-07-03,Monday,July
8704,TXN_2648236,Smoothie,2,4.0,8.0,Credit Card,In-store,2023-09-10,Sunday,September
8705,TXN_1837817,Tea,2,1.5,3.0,Cash,UNKNOWN,2023-08-13,Sunday,August
8707,TXN_4197575,Salad,2,5.0,10.0,Credit Card,UNKNOWN,2023-01-21,Saturday,January
8708,TXN_5863650,Tea,1,1.5,1.5,Digital Wallet,In-store,2023-08-09,Wednesday,August
8710,TXN_1292476,Juice,4,3.0,12.0,Digital Wallet,Takeaway,2023-09-07,Thursday,September
8711,TXN_4872708,Coffee,5,2.0,10.0,Cash,UNKNOWN,2023-11-16,Thursday,November
8712,TXN_1299936,Coffee,1,2.0,2.0,UNKNOWN,Takeaway,2023-03-27,Monday,March
8713,TXN_2199236,Smoothie,5,4.0,20.0,UNKNOWN,Takeaway,2023-10-06,Friday,October
8714,TXN_1311237,Cookie,4,1.0,4.0,Credit Card,UNKNOWN,2023-11-11,Saturday,November
8715,TXN_9265423,Juice,1,3.0,3.0,UNKNOWN,UNKNOWN,2023-10-20,Friday,October
8716,TXN_5808749,Salad,1,5.0,5.0,Cash,Takeaway,2023-01-25,Wednesday,January
8717,TXN_7677646,Sandwich,5,4.0,20.0,UNKNOWN,UNKNOWN,2023-02-15,Wednesday,February
8718,TXN_3894165,Smoothie,5,4.0,20.0,Credit Card,UNKNOWN,2023-03-31,Friday,March
8719,TXN_5270067,Cake,3,3.0,9.0,Digital Wallet,UNKNOWN,2023-03-09,Thursday,March
8720,TXN_9326761,Tea,1,1.5,1.5,UNKNOWN,UNKNOWN,2023-01-02,Monday,January
8721,TXN_2168513,Cake,1,3.0,3.0,Digital Wallet,In-store,2023-02-09,Thursday,February
8722,TXN_3947116,Sandwich,1,4.0,4.0,UNKNOWN,Takeaway,2023-01-13,Friday,January
8723,TXN_7248722,Cake,3,3.0,9.0,Cash,Takeaway,2023-04-06,Thursday,April
8724,TXN_9989458,Smoothie,3,4.0,12.0,Cash,UNKNOWN,2023-02-16,Thursday,February
8725,TXN_1850339,Cookie,5,1.0,5.0,Cash,Takeaway,2023-01-17,Tuesday,January
8726,TXN_9934619,Cookie,1,1.0,1.0,UNKNOWN,In-store,2023-02-11,Saturday,February
8727,TXN_4551353,Tea,5,1.5,7.5,Digital Wallet,In-store,2023-08-17,Thursday,August
8728,TXN_6657245,Sandwich,1,4.0,4.0,UNKNOWN,In-store,2023-10-25,Wednesday,October
8729,TXN_1786141,Smoothie,4,4.0,16.0,UNKNOWN,UNKNOWN,2023-03-12,Sunday,March
8730,TXN_6405088,Juice,1,3.0,3.0,UNKNOWN,In-store,2023-07-24,Monday,July
8734,TXN_8571432,Juice,2,3.0,6.0,Cash,UNKNOWN,2023-12-07,Thursday,December
8735,TXN_6744096,Coffee,1,2.0,2.0,Digital Wallet,In-store,2023-11-15,Wednesday,November
8737,TXN_3485502,Juice,2,3.0,6.0,UNKNOWN,UNKNOWN,2023-12-25,Monday,December
8738,TXN_5188843,Smoothie,2,4.0,8.0,Cash,In-store,2023-02-06,Monday,February
8739,TXN_4821343,Cookie,1,1.0,1.0,Credit Card,In-store,2023-09-16,Saturday,September
8741,TXN_7791428,Smoothie,5,4.0,20.0,Digital Wallet,Takeaway,2023-10-10,Tuesday,October
8742,TXN_8725610,Sandwich,2,4.0,8.0,UNKNOWN,Takeaway,2023-02-11,Saturday,February
8743,TXN_8404563,Tea,1,1.5,1.5,Cash,In-store,2023-01-22,Sunday,January
8744,TXN_8942133,Salad,3,5.0,15.0,Cash,Takeaway,2023-10-04,Wednesday,October
8746,TXN_9230208,Juice,3,3.0,9.0,Credit Card,UNKNOWN,2023-05-13,Saturday,May
8748,TXN_8980468,Smoothie,5,4.0,20.0,Cash,UNKNOWN,2023-08-24,Thursday,August
8749,TXN_4175635,Salad,3,5.0,15.0,UNKNOWN,Takeaway,2023-05-26,Friday,May
8750,TXN_2851446,Salad,2,5.0,10.0,Credit Card,Takeaway,2023-10-08,Sunday,October
8751,TXN_8359693,Sandwich,2,4.0,8.0,Digital Wallet,In-store,2023-10-23,Monday,October
8753,TXN_2244902,Coffee,5,2.0,10.0,Credit Card,UNKNOWN,2023-02-13,Monday,February
8754,TXN_5561958,Smoothie,4,4.0,16.0,Digital Wallet,UNKNOWN,2023-07-24,Monday,July
8755,TXN_6963106,Sandwich,1,4.0,4.0,Cash,In-store,2023-06-01,Thursday,June
8756,TXN_6008133,Coffee,3,2.0,6.0,Digital Wallet,UNKNOWN,2023-11-08,Wednesday,November
8758,TXN_2551074,Cookie,1,1.0,1.0,Cash,UNKNOWN,2023-09-17,Sunday,September
8759,TXN_1899827,Coffee,5,2.0,10.0,Credit Card,Takeaway,2023-06-24,Saturday,June
8760,TXN_3046572,Salad,4,5.0,20.0,Cash,UNKNOWN,2023-05-16,Tuesday,May
8762,TXN_8701063,Sandwich,2,4.0,8.0,UNKNOWN,UNKNOWN,2023-08-23,Wednesday,August
8763,TXN_9157625,Tea,5,1.5,7.5,Credit Card,Takeaway,2023-02-10,Friday,February
8764,TXN_7865037,Coffee,1,2.0,2.0,Digital Wallet,UNKNOWN,2023-06-05,Monday,June
8765,TXN_8410376,Coffee,4,2.0,8.0,Digital Wallet,UNKNOWN,2023-07-02,Sunday,July
8766,TXN_4192665,Coffee,1,2.0,2.0,Cash,UNKNOWN,2023-07-15,Saturday,July
8767,TXN_5433077,Cake,4,3.0,12.0,Cash,In-store,2023-11-29,Wednesday,November
8768,TXN_1844925,Tea,5,1.5,7.5,Cash,UNKNOWN,2023-10-21,Saturday,October
8769,TXN_7215311,Tea,1,1.5,1.5,UNKNOWN,UNKNOWN,2023-07-31,Monday,July
8770,TXN_8003664,Sandwich,1,4.0,4.0,Credit Card,UNKNOWN,2023-11-26,Sunday,November
8771,TXN_3872616,Cake,2,3.0,6.0,UNKNOWN,Takeaway,2023-10-23,Monday,October
8772,TXN_3659483,Smoothie,3,4.0,12.0,Cash,UNKNOWN,2023-05-14,Sunday,May
8773,TXN_1688499,Smoothie,2,4.0,8.0,Credit Card,UNKNOWN,2023-03-23,Thursday,March
8774,TXN_5632556,Juice,4,3.0,12.0,Digital Wallet,In-store,2023-05-16,Tuesday,May
8775,TXN_7954416,Coffee,1,2.0,2.0,Digital Wallet,In-store,2023-06-04,Sunday,June
8777,TXN_7421687,Coffee,5,2.0,10.0,Credit Card,In-store,2023-11-18,Saturday,November
8779,TXN_3793672,Cookie,5,1.0,5.0,Credit Card,UNKNOWN,2023-01-14,Saturday,January
8780,TXN_1903825,Salad,4,5.0,20.0,Digital Wallet,Takeaway,2023-04-01,Saturday,April
8781,TXN_4267136,Tea,1,1.5,1.5,Credit Card,In-store,2023-08-02,Wednesday,August
8782,TXN_6281616,Coffee,4,2.0,8.0,UNKNOWN,UNKNOWN,2023-08-19,Saturday,August
8784,TXN_3743107,Coffee,4,2.0,8.0,Cash,UNKNOWN,2023-01-14,Saturday,January
8785,TXN_6739664,Salad,3,5.0,15.0,Cash,UNKNOWN,2023-09-12,Tuesday,September
8789,TXN_7187140,Juice,2,3.0,6.0,Credit Card,In-store,2023-05-25,Thursday,May
8790,TXN_6988675,Coffee,1,2.0,2.0,UNKNOWN,In-store,2023-02-24,Friday,February
8795,TXN_4623303,Smoothie,3,4.0,12.0,UNKNOWN,In-store,2023-01-29,Sunday,January
8796,TXN_7568175,Salad,1,5.0,5.0,Cash,In-store,2023-11-06,Monday,November
8797,TXN_4968258,Smoothie,2,4.0,8.0,UNKNOWN,Takeaway,2023-05-14,Sunday,May
8798,TXN_8843061,Smoothie,1,4.0,4.0,Cash,Takeaway,2023-11-10,Friday,November
8800,TXN_7079566,Juice,4,3.0,12.0,Digital Wallet,In-store,2023-10-20,Friday,October
8801,TXN_3937788,Smoothie,1,4.0,4.0,Cash,In-store,2023-06-27,Tuesday,June
8802,TXN_3397034,Cake,4,3.0,12.0,UNKNOWN,UNKNOWN,2023-04-11,Tuesday,April
8803,TXN_8343414,Salad,2,5.0,10.0,Credit Card,Takeaway,2023-02-28,Tuesday,February
8804,TXN_4204491,Smoothie,2,4.0,8.0,Digital Wallet,UNKNOWN,2023-04-25,Tuesday,April
8805,TXN_4801327,Cake,5,3.0,15.0,Cash,In-store,2023-02-03,Friday,February
8806,TXN_4276482,Sandwich,4,4.0,16.0,UNKNOWN,Takeaway,2023-08-26,Saturday,August
8807,TXN_6025054,Coffee,1,2.0,2.0,Credit Card,Takeaway,2023-03-10,Friday,March
8808,TXN_1485725,Salad,5,5.0,25.0,UNKNOWN,In-store,2023-12-10,Sunday,December
8809,TXN_9929033,Coffee,2,2.0,4.0,Cash,Takeaway,2023-02-17,Friday,February
8810,TXN_1888706,Cookie,1,1.0,1.0,UNKNOWN,Takeaway,2023-11-26,Sunday,November
8811,TXN_7495804,Juice,3,3.0,9.0,Credit Card,Takeaway,2023-11-24,Friday,November
8812,TXN_5133476,Juice,4,3.0,12.0,UNKNOWN,UNKNOWN,2023-03-17,Friday,March
8813,TXN_5542500,Sandwich,3,4.0,12.0,Credit Card,UNKNOWN,2023-07-19,Wednesday,July
8814,TXN_5895330,Salad,5,5.0,25.0,UNKNOWN,In-store,2023-05-12,Friday,May
8815,TXN_5351447,Salad,4,5.0,20.0,UNKNOWN,UNKNOWN,2023-07-20,Thursday,July
8816,TXN_8505782,Cookie,2,1.0,2.0,UNKNOWN,In-store,2023-11-24,Friday,November
8818,TXN_2357107,Sandwich,1,4.0,4.0,UNKNOWN,In-store,2023-07-05,Wednesday,July
8819,TXN_1371708,Cookie,2,1.0,2.0,UNKNOWN,Takeaway,2023-03-14,Tuesday,March
8821,TXN_6806563,Coffee,1,2.0,2.0,UNKNOWN,UNKNOWN,2023-04-16,Sunday,April
8822,TXN_8183734,Cookie,2,1.0,2.0,Digital Wallet,In-store,2023-08-25,Friday,August
8823,TXN_6882503,Tea,1,1.5,1.5,UNKNOWN,In-store,2023-01-02,Monday,January
8824,TXN_2785654,Tea,1,1.5,1.5,Credit Card,Takeaway,2023-02-21,Tuesday,February
8825,TXN_1453579,Sandwich,5,4.0,20.0,UNKNOWN,UNKNOWN,2023-01-21,Saturday,January
8826,TXN_1121833,Coffee,4,2.0,8.0,Credit Card,In-store,2023-03-16,Thursday,March
8829,TXN_7471281,Sandwich,5,4.0,20.0,UNKNOWN,UNKNOWN,2023-06-16,Friday,June
8830,TXN_1512159,Cake,2,3.0,6.0,Credit Card,In-store,2023-11-25,Saturday,November
8831,TXN_4008899,Salad,4,5.0,20.0,UNKNOWN,UNKNOWN,2023-05-07,Sunday,May
8832,TXN_4566950,Coffee,2,2.0,4.0,Cash,Takeaway,2023-09-29,Friday,September
8833,TXN_6648081,Salad,4,5.0,20.0,UNKNOWN,Takeaway,2023-04-24,Monday,April
8834,TXN_5094936,Coffee,4,2.0,8.0,UNKNOWN,In-store,2023-07-12,Wednesday,July
8835,TXN_8154928,Tea,3,1.5,4.5,Credit Card,UNKNOWN,2023-07-26,Wednesday,July
8836,TXN_6550707,Coffee,1,2.0,2.0,Digital Wallet,UNKNOWN,2023-03-01,Wednesday,March
8837,TXN_3676019,Juice,4,3.0,12.0,Digital Wallet,UNKNOWN,2023-11-07,Tuesday,November
8838,TXN_2486026,Tea,5,1.5,7.5,Digital Wallet,In-store,2023-03-26,Sunday,March
8839,TXN_9644830,Cookie,1,1.0,1.0,UNKNOWN,UNKNOWN,2023-11-24,Friday,November
8840,TXN_3219378,Salad,3,5.0,15.0,Digital Wallet,In-store,2023-12-04,Monday,December
8841,TXN_6372515,Cookie,1,1.0,1.0,Digital Wallet,In-store,2023-11-22,Wednesday,November
8842,TXN_4692681,Tea,2,1.5,3.0,UNKNOWN,UNKNOWN,2023-06-02,Friday,June
8843,TXN_9364172,Tea,4,1.5,6.0,UNKNOWN,Takeaway,2023-03-18,Saturday,March
8844,TXN_4745933,Salad,1,5.0,5.0,Digital Wallet,In-store,2023-11-05,Sunday,November
8845,TXN_6540267,Salad,2,5.0,10.0,UNKNOWN,Takeaway,2023-09-26,Tuesday,September
8846,TXN_6994245,Coffee,4,2.0,8.0,Digital Wallet,In-store,2023-12-30,Saturday,December
8847,TXN_8973007,Coffee,5,2.0,10.0,UNKNOWN,Takeaway,2023-02-07,Tuesday,February
8849,TXN_8103630,Cookie,1,1.0,1.0,Digital Wallet,Takeaway,2023-03-08,Wednesday,March
8850,TXN_2575160,Tea,5,1.5,7.5,UNKNOWN,UNKNOWN,2023-01-02,Monday,January
8851,TXN_8002309,Sandwich,1,4.0,4.0,UNKNOWN,UNKNOWN,2023-04-04,Tuesday,April
8852,TXN_3252542,Sandwich,5,4.0,20.0,Digital Wallet,In-store,2023-09-22,Friday,September
8853,TXN_4775220,Juice,3,3.0,9.0,UNKNOWN,Takeaway,2023-07-21,Friday,July
8854,TXN_4413197,Tea,4,1.5,6.0,Digital Wallet,UNKNOWN,2023-09-06,Wednesday,September
8855,TXN_1283149,Salad,2,5.0,10.0,Credit Card,In-store,2023-01-23,Monday,January
8856,TXN_6822426,Cake,5,3.0,15.0,Digital Wallet,In-store,2023-05-27,Saturday,May
8857,TXN_8210816,Salad,4,5.0,20.0,Digital Wallet,Takeaway,2023-08-12,Saturday,August
8858,TXN_5896728,Juice,4,3.0,12.0,Digital Wallet,Takeaway,2023-10-06,Friday,October
8859,TXN_4407308,Tea,4,1.5,6.0,Digital Wallet,In-store,2023-09-19,Tuesday,September
8860,TXN_7710078,Juice,2,3.0,6.0,Credit Card,Takeaway,2023-12-05,Tuesday,December
8862,TXN_6016707,Juice,1,3.0,3.0,Cash,In-store,2023-06-27,Tuesday,June
8863,TXN_7895436,Cake,3,3.0,9.0,UNKNOWN,UNKNOWN,2023-09-09,Saturday,September
8865,TXN_4565969,Coffee,3,2.0,6.0,UNKNOWN,Takeaway,2023-03-16,Thursday,March
8866,TXN_7821478,Cake,4,3.0,12.0,Cash,In-store,2023-05-24,Wednesday,May
8867,TXN_2971555,Cake,1,3.0,3.0,Cash,UNKNOWN,2023-02-24,Friday,February
8869,TXN_9664173,Sandwich,1,4.0,4.0,UNKNOWN,In-store,2023-03-20,Monday,March
8871,TXN_4731715,Coffee,5,2.0,10.0,UNKNOWN,UNKNOWN,2023-03-14,Tuesday,March
8872,TXN_3377626,Cookie,5,1.0,5.0,Cash,In-store,2023-07-23,Sunday,July
8873,TXN_5753111,Salad,1,5.0,5.0,Credit Card,UNKNOWN,2023-04-25,Tuesday,April
8877,TXN_1983842,Cake,5,3.0,15.0,Digital Wallet,UNKNOWN,2023-03-16,Thursday,March
8878,TXN_4982165,Tea,1,1.5,1.5,Credit Card,Takeaway,2023-04-12,Wednesday,April
8879,TXN_5679295,Tea,5,1.5,7.5,UNKNOWN,Takeaway,2023-04-30,Sunday,April
8880,TXN_9194266,Salad,5,5.0,25.0,Cash,UNKNOWN,2023-10-30,Monday,October
8881,TXN_1141920,Coffee,4,2.0,8.0,Digital Wallet,UNKNOWN,2023-10-26,Thursday,October
8882,TXN_8878500,Salad,4,5.0,20.0,UNKNOWN,UNKNOWN,2023-02-24,Friday,February
8885,TXN_1581562,Coffee,2,2.0,4.0,Cash,In-store,2023-01-01,Sunday,January
8886,TXN_6762236,Juice,4,3.0,12.0,UNKNOWN,In-store,2023-01-17,Tuesday,January
8887,TXN_1041891,Cookie,5,1.0,5.0,UNKNOWN,UNKNOWN,2023-08-09,Wednesday,August
8891,TXN_2716560,Sandwich,4,4.0,16.0,Credit Card,Takeaway,2023-08-29,Tuesday,August
8892,TXN_4141941,Coffee,2,2.0,4.0,Digital Wallet,In-store,2023-05-18,Thursday,May
8894,TXN_5283053,Juice,4,3.0,12.0,Digital Wallet,UNKNOWN,2023-04-30,Sunday,April
8895,TXN_1054912,Sandwich,3,4.0,12.0,Cash,UNKNOWN,2023-08-02,Wednesday,August
8896,TXN_9100081,Juice,1,3.0,3.0,Cash,UNKNOWN,2023-08-18,Friday,August
8897,TXN_5129701,Smoothie,2,4.0,8.0,Credit Card,Takeaway,2023-11-09,Thursday,November
8898,TXN_7021592,Salad,4,5.0,20.0,Credit Card,In-store,2023-07-01,Saturday,July
8900,TXN_3041142,Smoothie,3,4.0,12.0,Digital Wallet,UNKNOWN,2023-12-22,Friday,December
8901,TXN_5618631,Coffee,5,2.0,10.0,Credit Card,In-store,2023-12-21,Thursday,December
8902,TXN_6496379,Sandwich,1,4.0,4.0,Cash,Takeaway,2023-12-24,Sunday,December
8903,TXN_1486119,Cookie,4,1.0,4.0,UNKNOWN,UNKNOWN,2023-08-24,Thursday,August
8904,TXN_2386202,Salad,4,5.0,20.0,Cash,In-store,2023-01-22,Sunday,January
8905,TXN_6836109,Coffee,4,2.0,8.0,UNKNOWN,Takeaway,2023-04-09,Sunday,April
8906,TXN_9190061,Salad,5,5.0,25.0,Cash,Takeaway,2023-06-14,Wednesday,June
8907,TXN_1691512,Smoothie,1,4.0,4.0,UNKNOWN,UNKNOWN,2023-03-25,Saturday,March
8910,TXN_2495471,Salad,3,5.0,15.0,Credit Card,Takeaway,2023-10-22,Sunday,October
8911,TXN_7708201,Salad,3,5.0,15.0,Cash,UNKNOWN,2023-01-04,Wednesday,January
8912,TXN_2038871,Tea,2,1.5,3.0,UNKNOWN,Takeaway,2023-07-15,Saturday,July
8913,TXN_7195393,Salad,2,5.0,10.0,Credit Card,In-store,2023-01-24,Tuesday,January
8914,TXN_8022892,Sandwich,4,4.0,16.0,Digital Wallet,In-store,2023-08-07,Monday,August
8915,TXN_4298189,Coffee,1,2.0,2.0,Digital Wallet,In-store,2023-10-13,Friday,October
8916,TXN_4967446,Sandwich,1,4.0,4.0,UNKNOWN,In-store,2023-07-11,Tuesday,July
8917,TXN_3368231,Tea,3,1.5,4.5,UNKNOWN,UNKNOWN,2023-08-11,Friday,August
8918,TXN_7353699,Tea,5,1.5,7.5,Digital Wallet,UNKNOWN,2023-07-20,Thursday,July
8919,TXN_6888998,Coffee,5,2.0,10.0,UNKNOWN,UNKNOWN,2023-02-27,Monday,February
8920,TXN_3541304,Sandwich,3,4.0,12.0,Cash,In-store,2023-04-22,Saturday,April
8921,TXN_8188818,Tea,2,1.5,3.0,UNKNOWN,UNKNOWN,2023-10-07,Saturday,October
8922,TXN_9431971,Smoothie,1,4.0,4.0,Credit Card,UNKNOWN,2023-07-17,Monday,July
8923,TXN_4543742,Coffee,3,2.0,6.0,Digital Wallet,UNKNOWN,2023-03-28,Tuesday,March
8926,TXN_3007866,Juice,4,3.0,12.0,Credit Card,In-store,2023-04-14,Friday,April
8927,TXN_6779377,Smoothie,5,4.0,20.0,UNKNOWN,In-store,2023-10-06,Friday,October
8928,TXN_7053830,Coffee,3,2.0,6.0,Digital Wallet,UNKNOWN,2023-02-14,Tuesday,February
8930,TXN_6522299,Tea,2,1.5,3.0,Cash,UNKNOWN,2023-08-29,Tuesday,August
8932,TXN_2848421,Cookie,1,1.0,1.0,Digital Wallet,In-store,2023-08-07,Monday,August
8934,TXN_2389320,Coffee,2,2.0,4.0,UNKNOWN,Takeaway,2023-07-26,Wednesday,July
8935,TXN_8423155,Coffee,1,2.0,2.0,UNKNOWN,Takeaway,2023-07-03,Monday,July
8936,TXN_6053617,Sandwich,2,4.0,8.0,Credit Card,UNKNOWN,2023-11-25,Saturday,November
8937,TXN_8384372,Tea,4,1.5,6.0,Digital Wallet,UNKNOWN,2023-08-07,Monday,August
8938,TXN_3426338,Salad,1,5.0,5.0,Cash,In-store,2023-07-31,Monday,July
8939,TXN_4581359,Juice,2,3.0,6.0,Credit Card,UNKNOWN,2023-03-22,Wednesday,March
8940,TXN_3561451,Salad,4,5.0,20.0,Credit Card,UNKNOWN,2023-05-31,Wednesday,May
8941,TXN_7768989,Sandwich,2,4.0,8.0,Cash,In-store,2023-10-02,Monday,October
8942,TXN_5963316,Tea,2,1.5,3.0,Credit Card,Takeaway,2023-06-25,Sunday,June
8943,TXN_4265942,Coffee,5,2.0,10.0,UNKNOWN,UNKNOWN,2023-04-24,Monday,April
8944,TXN_6014389,Cookie,5,1.0,5.0,Credit Card,In-store,2023-07-21,Friday,July
8945,TXN_7358729,Cookie,2,1.0,2.0,Cash,Takeaway,2023-02-25,Saturday,February
8946,TXN_9815521,Sandwich,3,4.0,12.0,Credit Card,In-store,2023-05-26,Friday,May
8949,TXN_1950187,Tea,2,1.5,3.0,Credit Card,Takeaway,2023-04-13,Thursday,April
8950,TXN_9518691,Salad,2,5.0,10.0,Credit Card,UNKNOWN,2023-03-30,Thursday,March
8951,TXN_3612790,Smoothie,1,4.0,4.0,UNKNOWN,UNKNOWN,2023-09-01,Friday,September
8952,TXN_5436816,Salad,3,5.0,15.0,Credit Card,UNKNOWN,2023-08-04,Friday,August
8953,TXN_7896586,Sandwich,2,4.0,8.0,Credit Card,UNKNOWN,2023-09-04,Monday,September
8954,TXN_5835004,Smoothie,5,4.0,20.0,Credit Card,In-store,2023-04-14,Friday,April
8955,TXN_3774886,Sandwich,3,4.0,12.0,UNKNOWN,UNKNOWN,2023-06-01,Thursday,June
8956,TXN_5950951,Salad,1,5.0,5.0,Credit Card,In-store,2023-04-10,Monday,April
8957,TXN_3918096,Juice,4,3.0,12.0,UNKNOWN,UNKNOWN,2023-08-17,Thursday,August
8958,TXN_2786231,Juice,1,3.0,3.0,Cash,Takeaway,2023-08-17,Thursday,August
8960,TXN_4262451,Coffee,1,2.0,2.0,Digital Wallet,Takeaway,2023-10-16,Monday,October
8961,TXN_4773210,Coffee,1,2.0,2.0,Credit Card,UNKNOWN,2023-11-29,Wednesday,November
8962,TXN_1231366,Sandwich,3,4.0,12.0,Digital Wallet,Takeaway,2023-11-28,Tuesday,November
8963,TXN_6596377,Cookie,5,1.0,5.0,UNKNOWN,UNKNOWN,2023-08-02,Wednesday,August
8964,TXN_2713279,Cookie,4,1.0,4.0,Digital Wallet,In-store,2023-02-12,Sunday,February
8965,TXN_4247602,Salad,5,5.0,25.0,Credit Card,Takeaway,2023-07-13,Thursday,July
8968,TXN_5164540,Tea,2,1.5,3.0,UNKNOWN,Takeaway,2023-01-05,Thursday,January
8969,TXN_6488040,Salad,1,5.0,5.0,Digital Wallet,Takeaway,2023-05-20,Saturday,May
8970,TXN_9850842,Tea,3,1.5,4.5,UNKNOWN,UNKNOWN,2023-01-23,Monday,January
8971,TXN_7269738,Cookie,3,1.0,3.0,Cash,UNKNOWN,2023-05-26,Friday,May
8972,TXN_2638760,Cake,5,3.0,15.0,Cash,UNKNOWN,2023-02-09,Thursday,February
8974,TXN_8013818,Tea,2,1.5,3.0,UNKNOWN,UNKNOWN,2023-07-24,Monday,July
8976,TXN_6643922,Coffee,5,2.0,10.0,Digital Wallet,In-store,2023-06-24,Saturday,June
8977,TXN_8388056,Salad,1,5.0,5.0,Credit Card,UNKNOWN,2023-06-23,Friday,June
8978,TXN_4728936,Juice,4,3.0,12.0,Digital Wallet,Takeaway,2023-02-27,Monday,February
8979,TXN_6386388,Tea,3,1.5,4.5,Credit Card,Takeaway,2023-05-21,Sunday,May
8980,TXN_9443285,Cake,2,3.0,6.0,Credit Card,UNKNOWN,2023-05-27,Saturday,May
8981,TXN_6377838,Cake,2,3.0,6.0,Digital Wallet,Takeaway,2023-02-19,Sunday,February
8982,TXN_7483986,Salad,2,5.0,10.0,UNKNOWN,Takeaway,2023-03-24,Friday,March
8983,TXN_7719510,Juice,3,3.0,9.0,Credit Card,Takeaway,2023-08-14,Monday,August
8984,TXN_7908153,Cookie,3,1.0,3.0,Cash,In-store,2023-01-19,Thursday,January
8987,TXN_5391160,Juice,2,3.0,6.0,Cash,In-store,2023-03-09,Thursday,March
8988,TXN_8324715,Sandwich,5,4.0,20.0,Credit Card,UNKNOWN,2023-03-21,Tuesday,March
8990,TXN_1985223,Smoothie,3,4.0,12.0,Digital Wallet,Takeaway,2023-09-21,Thursday,September
8991,TXN_2944460,Salad,1,5.0,5.0,Digital Wallet,In-store,2023-04-16,Sunday,April
8992,TXN_6957157,Cake,1,3.0,3.0,UNKNOWN,UNKNOWN,2023-02-01,Wednesday,February
8994,TXN_2887257,Cookie,3,1.0,3.0,Credit Card,In-store,2023-08-27,Sunday,August
8995,TXN_3986876,Cake,3,3.0,9.0,Cash,Takeaway,2023-11-06,Monday,November
8996,TXN_1066604,Sandwich,5,4.0,20.0,Credit Card,UNKNOWN,2023-05-18,Thursday,May
8997,TXN_2494494,Coffee,1,2.0,2.0,Cash,UNKNOWN,2023-06-13,Tuesday,June
8998,TXN_4464373,Cookie,2,1.0,2.0,Digital Wallet,In-store,2023-04-22,Saturday,April
8999,TXN_7844770,Cake,2,3.0,6.0,Digital Wallet,UNKNOWN,2023-01-31,Tuesday,January
9000,TXN_9968943,Smoothie,1,4.0,4.0,Digital Wallet,UNKNOWN,2023-07-25,Tuesday,July
9001,TXN_4051488,Cookie,4,1.0,4.0,UNKNOWN,Takeaway,2023-06-09,Friday,June
9002,TXN_2668838,Cake,4,3.0,12.0,UNKNOWN,Takeaway,2023-05-11,Thursday,May
9004,TXN_3388908,Cookie,4,1.0,4.0,UNKNOWN,Takeaway,2023-11-22,Wednesday,November
9006,TXN_8795794,Sandwich,3,4.0,12.0,Cash,In-store,2023-02-13,Monday,February
9007,TXN_4627457,Cake,3,3.0,9.0,UNKNOWN,In-store,2023-12-13,Wednesday,December
9008,TXN_2352308,Cookie,2,1.0,2.0,Cash,UNKNOWN,2023-11-10,Friday,November
9009,TXN_3980743,Salad,1,5.0,5.0,UNKNOWN,Takeaway,2023-09-21,Thursday,September
9010,TXN_6538210,Smoothie,1,4.0,4.0,UNKNOWN,In-store,2023-12-29,Friday,December
9012,TXN_6683798,Cookie,1,1.0,1.0,Digital Wallet,Takeaway,2023-07-26,Wednesday,July
9013,TXN_7246683,Smoothie,1,4.0,4.0,Digital Wallet,Takeaway,2023-05-17,Wednesday,May
9015,TXN_3691228,Cake,3,3.0,9.0,Cash,Takeaway,2023-10-26,Thursday,October
9016,TXN_7407946,Salad,3,5.0,15.0,Credit Card,UNKNOWN,2023-03-26,Sunday,March
9017,TXN_8635803,Tea,2,1.5,3.0,Cash,UNKNOWN,2023-03-17,Friday,March
9018,TXN_9550508,Smoothie,5,4.0,20.0,UNKNOWN,UNKNOWN,2023-11-18,Saturday,November
9019,TXN_8010562,Sandwich,1,4.0,4.0,Cash,UNKNOWN,2023-07-23,Sunday,July
9020,TXN_2501648,Cake,2,3.0,6.0,Credit Card,UNKNOWN,2023-12-05,Tuesday,December
9021,TXN_9455679,Salad,5,5.0,25.0,UNKNOWN,Takeaway,2023-05-18,Thursday,May
9022,TXN_8105705,Juice,1,3.0,3.0,Digital Wallet,Takeaway,2023-10-17,Tuesday,October
9023,TXN_9676096,Cake,3,3.0,9.0,Digital Wallet,UNKNOWN,2023-04-05,Wednesday,April
9025,TXN_2126034,Coffee,4,2.0,8.0,Cash,In-store,2023-10-30,Monday,October
9026,TXN_2151258,Cake,3,3.0,9.0,Credit Card,UNKNOWN,2023-08-09,Wednesday,August
9027,TXN_3672345,Tea,3,1.5,4.5,Credit Card,UNKNOWN,2023-10-17,Tuesday,October
9028,TXN_6793298,Tea,2,1.5,3.0,Credit Card,UNKNOWN,2023-04-14,Friday,April
9030,TXN_7480853,Smoothie,2,4.0,8.0,Digital Wallet,In-store,2023-10-07,Saturday,October
9031,TXN_4944024,Smoothie,2,4.0,8.0,UNKNOWN,Takeaway,2023-09-26,Tuesday,September
9032,TXN_6687528,Juice,2,3.0,6.0,UNKNOWN,UNKNOWN,2023-05-06,Saturday,May
9033,TXN_5531648,Coffee,5,2.0,10.0,Cash,Takeaway,2023-01-23,Monday,January
9034,TXN_8789736,Coffee,2,2.0,4.0,Credit Card,UNKNOWN,2023-05-06,Saturday,May
9035,TXN_9938977,Cake,5,3.0,15.0,Cash,In-store,2023-12-18,Monday,December
9036,TXN_2730798,Tea,4,1.5,6.0,Credit Card,UNKNOWN,2023-12-01,Friday,December
9037,TXN_3749801,Cake,5,3.0,15.0,Credit Card,Takeaway,2023-01-03,Tuesday,January
9038,TXN_3326626,Cake,2,3.0,6.0,Cash,Takeaway,2023-09-26,Tuesday,September
9039,TXN_4843989,Tea,4,1.5,6.0,Digital Wallet,Takeaway,2023-09-30,Saturday,September
9040,TXN_6606514,Juice,1,3.0,3.0,Credit Card,In-store,2023-06-25,Sunday,June
9041,TXN_6187752,Smoothie,5,4.0,20.0,UNKNOWN,Takeaway,2023-12-24,Sunday,December
9042,TXN_1666190,Smoothie,4,4.0,16.0,UNKNOWN,Takeaway,2023-07-28,Friday,July
9043,TXN_9438576,Cookie,1,1.0,1.0,Credit Card,In-store,2023-05-05,Friday,May
9044,TXN_1344947,Cake,3,3.0,9.0,UNKNOWN,Takeaway,2023-02-16,Thursday,February
9046,TXN_3951552,Salad,2,5.0,10.0,Cash,In-store,2023-03-25,Saturday,March
9047,TXN_3916668,Juice,2,3.0,6.0,Digital Wallet,UNKNOWN,2023-05-14,Sunday,May
9048,TXN_4789941,Sandwich,3,4.0,12.0,Credit Card,UNKNOWN,2023-04-17,Monday,April
9049,TXN_6957001,Tea,4,1.5,6.0,UNKNOWN,In-store,2023-08-08,Tuesday,August
9050,TXN_3536893,Salad,2,5.0,10.0,UNKNOWN,UNKNOWN,2023-05-16,Tuesday,May
9052,TXN_3269434,Juice,1,3.0,3.0,Cash,UNKNOWN,2023-02-01,Wednesday,February
9053,TXN_3291988,Juice,2,3.0,6.0,Credit Card,UNKNOWN,2023-07-03,Monday,July
9054,TXN_7083611,Cake,2,3.0,6.0,UNKNOWN,UNKNOWN,2023-05-15,Monday,May
9055,TXN_1875220,Tea,3,1.5,4.5,Cash,In-store,2023-03-07,Tuesday,March
9056,TXN_1926712,Coffee,5,2.0,10.0,Credit Card,UNKNOWN,2023-01-31,Tuesday,January
9057,TXN_5552114,Sandwich,2,4.0,8.0,UNKNOWN,In-store,2023-06-13,Tuesday,June
9058,TXN_5672583,Juice,2,3.0,6.0,Cash,Takeaway,2023-04-09,Sunday,April
9059,TXN_3717444,Smoothie,3,4.0,12.0,UNKNOWN,UNKNOWN,2023-09-07,Thursday,September
9060,TXN_1899114,Tea,3,1.5,4.5,Digital Wallet,Takeaway,2023-04-05,Wednesday,April
9061,TXN_2625388,Coffee,5,2.0,10.0,Digital Wallet,In-store,2023-02-09,Thursday,February
9062,TXN_7153665,Salad,5,5.0,25.0,Cash,In-store,2023-07-31,Monday,July
9063,TXN_9161256,Smoothie,2,4.0,8.0,Digital Wallet,In-store,2023-01-01,Sunday,January
9065,TXN_9077843,Tea,3,1.5,4.5,UNKNOWN,UNKNOWN,2023-03-28,Tuesday,March
9067,TXN_3255254,Juice,4,3.0,12.0,Cash,UNKNOWN,2023-03-23,Thursday,March
9068,TXN_9275800,Smoothie,3,4.0,12.0,Cash,UNKNOWN,2023-05-01,Monday,May
9070,TXN_1372003,Tea,4,1.5,6.0,Digital Wallet,Takeaway,2023-10-13,Friday,October
9072,TXN_7202644,Smoothie,5,4.0,20.0,UNKNOWN,Takeaway,2023-08-01,Tuesday,August
9073,TXN_5330387,Coffee,3,2.0,6.0,UNKNOWN,UNKNOWN,2023-10-21,Saturday,October
9074,TXN_2119809,Salad,5,5.0,25.0,Digital Wallet,In-store,2023-04-21,Friday,April
9075,TXN_5587224,Salad,2,5.0,10.0,UNKNOWN,In-store,2023-01-05,Thursday,January
9077,TXN_2185661,Sandwich,4,4.0,16.0,Cash,UNKNOWN,2023-03-16,Thursday,March
9078,TXN_2491186,Salad,5,5.0,25.0,UNKNOWN,UNKNOWN,2023-11-28,Tuesday,November
9079,TXN_1891217,Tea,5,1.5,7.5,UNKNOWN,UNKNOWN,2023-04-02,Sunday,April
9080,TXN_8977555,Cake,2,3.0,6.0,Cash,UNKNOWN,2023-07-21,Friday,July
9081,TXN_7179922,Cake,2,3.0,6.0,UNKNOWN,In-store,2023-09-05,Tuesday,September
9082,TXN_5114283,Tea,1,1.5,1.5,Digital Wallet,In-store,2023-05-28,Sunday,May
9083,TXN_1528454,Coffee,2,2.0,4.0,UNKNOWN,In-store,2023-03-22,Wednesday,March
9084,TXN_5615114,Tea,4,1.5,6.0,Digital Wallet,UNKNOWN,2023-10-31,Tuesday,October
9085,TXN_4968659,Tea,5,1.5,7.5,Credit Card,UNKNOWN,2023-03-18,Saturday,March
9086,TXN_4858666,Cake,3,3.0,9.0,Credit Card,UNKNOWN,2023-03-18,Saturday,March
9090,TXN_8492074,Tea,3,1.5,4.5,Digital Wallet,In-store,2023-11-12,Sunday,November
9091,TXN_6355908,Sandwich,3,4.0,12.0,Credit Card,UNKNOWN,2023-03-28,Tuesday,March
9092,TXN_6856530,Smoothie,5,4.0,20.0,Digital Wallet,UNKNOWN,2023-11-11,Saturday,November
9093,TXN_1180397,Smoothie,3,4.0,12.0,Credit Card,Takeaway,2023-04-05,Wednesday,April
9094,TXN_4747863,Cookie,2,1.0,2.0,Digital Wallet,In-store,2023-10-04,Wednesday,October
9095,TXN_3979966,Smoothie,5,4.0,20.0,UNKNOWN,Takeaway,2023-08-23,Wednesday,August
9096,TXN_5127984,Sandwich,3,4.0,12.0,Cash,In-store,2023-11-12,Sunday,November
9097,TXN_9904214,Sandwich,5,4.0,20.0,UNKNOWN,Takeaway,2023-03-13,Monday,March
9098,TXN_9948753,Tea,2,1.5,3.0,UNKNOWN,Takeaway,2023-05-09,Tuesday,May
9100,TXN_1196223,Juice,3,3.0,9.0,Digital Wallet,In-store,2023-10-14,Saturday,October
9101,TXN_2401073,Coffee,4,2.0,8.0,Credit Card,UNKNOWN,2023-02-10,Friday,February
9102,TXN_9639089,Juice,4,3.0,12.0,Credit Card,In-store,2023-05-14,Sunday,May
9103,TXN_8654093,Coffee,3,2.0,6.0,Digital Wallet,UNKNOWN,2023-11-29,Wednesday,November
9104,TXN_1038397,Cookie,3,1.0,3.0,UNKNOWN,In-store,2023-05-20,Saturday,May
9106,TXN_4638979,Salad,1,5.0,5.0,UNKNOWN,UNKNOWN,2023-06-28,Wednesday,June
9108,TXN_9579984,Salad,5,5.0,25.0,Credit Card,UNKNOWN,2023-12-25,Monday,December
9109,TXN_6087578,Tea,1,1.5,1.5,Credit Card,UNKNOWN,2023-12-17,Sunday,December
9110,TXN_5297299,Coffee,5,2.0,10.0,UNKNOWN,UNKNOWN,2023-10-04,Wednesday,October
9111,TXN_7526174,Juice,3,3.0,9.0,Credit Card,UNKNOWN,2023-08-06,Sunday,August
9112,TXN_5401244,Salad,1,5.0,5.0,Credit Card,In-store,2023-07-08,Saturday,July
9114,TXN_7775760,Cake,4,3.0,12.0,UNKNOWN,UNKNOWN,2023-02-21,Tuesday,February
9115,TXN_5820892,Juice,1,3.0,3.0,Digital Wallet,UNKNOWN,2023-11-14,Tuesday,November
9116,TXN_3801338,Sandwich,3,4.0,12.0,Credit Card,UNKNOWN,2023-11-03,Friday,November
9118,TXN_8365857,Smoothie,5,4.0,20.0,Digital Wallet,Takeaway,2023-10-06,Friday,October
9119,TXN_9349657,Cookie,2,1.0,2.0,Credit Card,In-store,2023-03-14,Tuesday,March
9120,TXN_4503716,Cake,1,3.0,3.0,UNKNOWN,UNKNOWN,2023-11-12,Sunday,November
9121,TXN_5679014,Coffee,1,2.0,2.0,UNKNOWN,In-store,2023-06-12,Monday,June
9122,TXN_1161606,Sandwich,5,4.0,20.0,Credit Card,Takeaway,2023-09-20,Wednesday,September
9123,TXN_5938359,Cookie,2,1.0,2.0,Credit Card,UNKNOWN,2023-06-02,Friday,June
9124,TXN_7565894,Salad,1,5.0,5.0,Cash,Takeaway,2023-07-15,Saturday,July
9125,TXN_1987311,Smoothie,1,4.0,4.0,UNKNOWN,In-store,2023-08-03,Thursday,August
9126,TXN_4656387,Cookie,2,1.0,2.0,Digital Wallet,UNKNOWN,2023-07-25,Tuesday,July
9127,TXN_9277276,Cake,4,3.0,12.0,Credit Card,Takeaway,2023-09-15,Friday,September
9128,TXN_1576076,Coffee,3,2.0,6.0,Cash,Takeaway,2023-10-07,Saturday,October
9129,TXN_3676632,Smoothie,4,4.0,16.0,Credit Card,UNKNOWN,2023-12-11,Monday,December
9130,TXN_9945457,Cookie,4,1.0,4.0,Cash,UNKNOWN,2023-06-28,Wednesday,June
9132,TXN_4579086,Cake,2,3.0,6.0,Credit Card,In-store,2023-07-20,Thursday,July
9133,TXN_2421873,Coffee,2,2.0,4.0,Credit Card,UNKNOWN,2023-02-18,Saturday,February
9134,TXN_3601382,Salad,3,5.0,15.0,UNKNOWN,UNKNOWN,2023-02-12,Sunday,February
9135,TXN_2323650,Tea,4,1.5,6.0,Digital Wallet,UNKNOWN,2023-10-09,Monday,October
9136,TXN_3587916,Salad,3,5.0,15.0,Cash,In-store,2023-07-09,Sunday,July
9137,TXN_8914956,Cookie,2,1.0,2.0,Credit Card,UNKNOWN,2023-05-13,Saturday,May
9138,TXN_9080521,Coffee,2,2.0,4.0,Credit Card,In-store,2023-01-24,Tuesday,January
9139,TXN_1450705,Cookie,5,1.0,5.0,UNKNOWN,UNKNOWN,2023-10-07,Saturday,October
9140,TXN_9648941,Coffee,2,2.0,4.0,Cash,Takeaway,2023-06-30,Friday,June
9141,TXN_9989719,Smoothie,2,4.0,8.0,Credit Card,Takeaway,2023-11-26,Sunday,November
9142,TXN_8409154,Cake,4,3.0,12.0,Digital Wallet,UNKNOWN,2023-06-20,Tuesday,June
9143,TXN_4630633,Sandwich,1,4.0,4.0,UNKNOWN,Takeaway,2023-10-22,Sunday,October
9145,TXN_5736595,Coffee,3,2.0,6.0,Credit Card,UNKNOWN,2023-08-14,Monday,August
9146,TXN_2264883,Juice,2,3.0,6.0,Credit Card,Takeaway,2023-12-24,Sunday,December
9147,TXN_6137394,Sandwich,1,4.0,4.0,UNKNOWN,In-store,2023-11-22,Wednesday,November
9148,TXN_4127927,Salad,5,5.0,25.0,UNKNOWN,Takeaway,2023-08-04,Friday,August
9149,TXN_7256205,Juice,4,3.0,12.0,Cash,UNKNOWN,2023-04-08,Saturday,April
9151,TXN_7591982,Salad,1,5.0,5.0,Cash,UNKNOWN,2023-02-28,Tuesday,February
9152,TXN_5530273,Cake,3,3.0,9.0,Digital Wallet,UNKNOWN,2023-01-13,Friday,January
9154,TXN_2057961,Juice,2,3.0,6.0,UNKNOWN,In-store,2023-10-04,Wednesday,October
9156,TXN_6367976,Juice,1,3.0,3.0,Digital Wallet,UNKNOWN,2023-10-16,Monday,October
9158,TXN_4867316,Sandwich,1,4.0,4.0,Digital Wallet,UNKNOWN,2023-11-28,Tuesday,November
9159,TXN_6704173,Smoothie,2,4.0,8.0,Credit Card,UNKNOWN,2023-07-24,Monday,July
9160,TXN_9510130,Salad,4,5.0,20.0,Cash,UNKNOWN,2023-03-06,Monday,March
9161,TXN_1192009,Coffee,1,2.0,2.0,UNKNOWN,UNKNOWN,2023-05-18,Thursday,May
9162,TXN_2899889,Salad,2,5.0,10.0,UNKNOWN,In-store,2023-12-09,Saturday,December
9164,TXN_6862603,Salad,4,5.0,20.0,Credit Card,Takeaway,2023-04-17,Monday,April
9165,TXN_5761207,Smoothie,3,4.0,12.0,Credit Card,UNKNOWN,2023-04-19,Wednesday,April
9166,TXN_9852820,Salad,2,5.0,10.0,Credit Card,In-store,2023-08-27,Sunday,August
9169,TXN_9531812,Sandwich,2,4.0,8.0,Digital Wallet,In-store,2023-02-04,Saturday,February
9170,TXN_1423173,Smoothie,5,4.0,20.0,Credit Card,UNKNOWN,2023-10-02,Monday,October
9171,TXN_9811007,Cookie,5,1.0,5.0,Credit Card,UNKNOWN,2023-03-07,Tuesday,March
9172,TXN_4346813,Salad,5,5.0,25.0,UNKNOWN,UNKNOWN,2023-07-07,Friday,July
9173,TXN_4383311,Cake,2,3.0,6.0,UNKNOWN,In-store,2023-09-23,Saturday,September
9175,TXN_6778796,Cake,5,3.0,15.0,Cash,UNKNOWN,2023-11-29,Wednesday,November
9176,TXN_2119373,Salad,4,5.0,20.0,Credit Card,In-store,2023-06-30,Friday,June
9177,TXN_6803555,Tea,2,1.5,3.0,Digital Wallet,Takeaway,2023-05-31,Wednesday,May
9178,TXN_7010218,Cookie,4,1.0,4.0,UNKNOWN,Takeaway,2023-04-29,Saturday,April
9179,TXN_1707537,Cake,3,3.0,9.0,Digital Wallet,Takeaway,2023-10-17,Tuesday,October
9180,TXN_8470187,Juice,3,3.0,9.0,UNKNOWN,Takeaway,2023-06-28,Wednesday,June
9181,TXN_6087604,Sandwich,4,4.0,16.0,Digital Wallet,UNKNOWN,2023-01-27,Friday,January
9182,TXN_9825905,Coffee,1,2.0,2.0,Digital Wallet,UNKNOWN,2023-01-04,Wednesday,January
9183,TXN_2086557,Smoothie,2,4.0,8.0,Cash,In-store,2023-01-13,Friday,January
9184,TXN_9077087,Juice,1,3.0,3.0,UNKNOWN,In-store,2023-05-08,Monday,May
9185,TXN_7714902,Coffee,4,2.0,8.0,Cash,UNKNOWN,2023-09-10,Sunday,September
9186,TXN_2154477,Cake,4,3.0,12.0,UNKNOWN,UNKNOWN,2023-02-11,Saturday,February
9187,TXN_5949199,Tea,5,1.5,7.5,UNKNOWN,In-store,2023-02-28,Tuesday,February
9188,TXN_8209124,Coffee,2,2.0,4.0,Cash,UNKNOWN,2023-10-05,Thursday,October
9192,TXN_4554194,Smoothie,3,4.0,12.0,Credit Card,Takeaway,2023-10-04,Wednesday,October
9193,TXN_3418612,Tea,3,1.5,4.5,Digital Wallet,UNKNOWN,2023-01-31,Tuesday,January
9194,TXN_2539469,Cake,2,3.0,6.0,Credit Card,Takeaway,2023-09-24,Sunday,September
9195,TXN_2764544,Juice,4,3.0,12.0,Cash,In-store,2023-04-02,Sunday,April
9196,TXN_8672939,Smoothie,1,4.0,4.0,UNKNOWN,UNKNOWN,2023-11-02,Thursday,November
9197,TXN_1499346,Cake,5,3.0,15.0,UNKNOWN,UNKNOWN,2023-12-09,Saturday,December
9199,TXN_7631216,Juice,5,3.0,15.0,Credit Card,UNKNOWN,2023-02-16,Thursday,February
9200,TXN_3116803,Coffee,1,2.0,2.0,Credit Card,In-store,2023-09-10,Sunday,September
9201,TXN_6050844,Tea,2,1.5,3.0,UNKNOWN,UNKNOWN,2023-03-12,Sunday,March
9202,TXN_7403963,Sandwich,4,4.0,16.0,Cash,In-store,2023-07-27,Thursday,July
9203,TXN_2708387,Tea,4,1.5,6.0,Credit Card,UNKNOWN,2023-11-12,Sunday,November
9204,TXN_7916758,Smoothie,1,4.0,4.0,UNKNOWN,Takeaway,2023-10-14,Saturday,October
9205,TXN_2944717,Cookie,2,1.0,2.0,Cash,UNKNOWN,2023-12-11,Monday,December
9206,TXN_7571571,Sandwich,2,4.0,8.0,Credit Card,UNKNOWN,2023-04-09,Sunday,April
9207,TXN_7250085,Coffee,4,2.0,8.0,UNKNOWN,Takeaway,2023-09-19,Tuesday,September
9209,TXN_7039529,Cookie,3,1.0,3.0,Digital Wallet,In-store,2023-01-19,Thursday,January
9210,TXN_1452931,Tea,1,1.5,1.5,Digital Wallet,UNKNOWN,2023-07-08,Saturday,July
9211,TXN_5148201,Smoothie,5,4.0,20.0,UNKNOWN,UNKNOWN,2023-11-18,Saturday,November
9212,TXN_7322317,Tea,1,1.5,1.5,UNKNOWN,UNKNOWN,2023-03-16,Thursday,March
9213,TXN_4648214,Salad,1,5.0,5.0,UNKNOWN,UNKNOWN,2023-02-15,Wednesday,February
9215,TXN_4966750,Cookie,3,1.0,3.0,Digital Wallet,In-store,2023-12-24,Sunday,December
9216,TXN_7740239,Tea,2,1.5,3.0,UNKNOWN,UNKNOWN,2023-01-26,Thursday,January
9219,TXN_7770188,Juice,5,3.0,15.0,Digital Wallet,In-store,2023-10-28,Saturday,October
9220,TXN_5088167,Coffee,5,2.0,10.0,Credit Card,UNKNOWN,2023-09-02,Saturday,September
9221,TXN_1865302,Cookie,5,1.0,5.0,Credit Card,In-store,2023-08-16,Wednesday,August
9222,TXN_4224423,Juice,3,3.0,9.0,Cash,Takeaway,2023-08-27,Sunday,August
9225,TXN_3879052,Coffee,3,2.0,6.0,Credit Card,UNKNOWN,2023-12-14,Thursday,December
9227,TXN_9809696,Smoothie,1,4.0,4.0,UNKNOWN,Takeaway,2023-01-05,Thursday,January
9228,TXN_5719592,Coffee,1,2.0,2.0,Credit Card,In-store,2023-08-07,Monday,August
9229,TXN_6121301,Smoothie,5,4.0,20.0,Digital Wallet,Takeaway,2023-01-07,Saturday,January
9231,TXN_7514279,Salad,1,5.0,5.0,Credit Card,In-store,2023-02-04,Saturday,February
9232,TXN_5153408,Smoothie,1,4.0,4.0,Credit Card,Takeaway,2023-08-22,Tuesday,August
9233,TXN_4678948,Juice,3,3.0,9.0,UNKNOWN,Takeaway,2023-07-02,Sunday,July
9236,TXN_1209852,Cookie,2,1.0,2.0,Credit Card,In-store,2023-11-18,Saturday,November
9237,TXN_4367311,Coffee,5,2.0,10.0,UNKNOWN,In-store,2023-02-26,Sunday,February
9239,TXN_2086325,Coffee,2,2.0,4.0,Credit Card,UNKNOWN,2023-08-14,Monday,August
9240,TXN_4062032,Tea,5,1.5,7.5,Digital Wallet,UNKNOWN,2023-10-28,Saturday,October
9242,TXN_2029301,Tea,5,1.5,7.5,Digital Wallet,UNKNOWN,2023-08-06,Sunday,August
9243,TXN_4508067,Smoothie,5,4.0,20.0,Credit Card,Takeaway,2023-03-19,Sunday,March
9244,TXN_6637315,Cake,3,3.0,9.0,Cash,UNKNOWN,2023-12-02,Saturday,December
9246,TXN_4251500,Cookie,4,1.0,4.0,Digital Wallet,Takeaway,2023-11-11,Saturday,November
9247,TXN_1516961,Sandwich,3,4.0,12.0,Credit Card,Takeaway,2023-11-01,Wednesday,November
9248,TXN_5033660,Coffee,2,2.0,4.0,UNKNOWN,UNKNOWN,2023-09-12,Tuesday,September
9250,TXN_6646684,Cookie,3,1.0,3.0,Cash,UNKNOWN,2023-06-01,Thursday,June
9251,TXN_6866644,Sandwich,1,4.0,4.0,UNKNOWN,UNKNOWN,2023-07-22,Saturday,July
9252,TXN_7228322,Cookie,1,1.0,1.0,Credit Card,UNKNOWN,2023-02-18,Saturday,February
9253,TXN_3595118,Juice,2,3.0,6.0,Cash,In-store,2023-02-03,Friday,February
9254,TXN_4040941,Cookie,1,1.0,1.0,Cash,In-store,2023-02-20,Monday,February
9256,TXN_4738349,Smoothie,2,4.0,8.0,Digital Wallet,UNKNOWN,2023-02-06,Monday,February
9257,TXN_9436284,Coffee,3,2.0,6.0,Credit Card,UNKNOWN,2023-03-28,Tuesday,March
9258,TXN_1221801,Smoothie,2,4.0,8.0,UNKNOWN,UNKNOWN,2023-06-17,Saturday,June
9259,TXN_3185929,Salad,3,5.0,15.0,UNKNOWN,Takeaway,2023-07-27,Thursday,July
9261,TXN_4183705,Tea,2,1.5,3.0,Credit Card,In-store,2023-11-23,Thursday,November
9264,TXN_2561471,Sandwich,1,4.0,4.0,UNKNOWN,In-store,2023-07-12,Wednesday,July
9265,TXN_3098503,Salad,1,5.0,5.0,Credit Card,Takeaway,2023-05-31,Wednesday,May
9266,TXN_1148060,Cookie,5,1.0,5.0,Cash,UNKNOWN,2023-10-12,Thursday,October
9267,TXN_5151780,Salad,4,5.0,20.0,Cash,Takeaway,2023-06-24,Saturday,June
9268,TXN_3398955,Cookie,3,1.0,3.0,Cash,UNKNOWN,2023-10-19,Thursday,October
9269,TXN_8140360,Coffee,4,2.0,8.0,Digital Wallet,Takeaway,2023-05-05,Friday,May
9270,TXN_4448318,Coffee,4,2.0,8.0,Digital Wallet,UNKNOWN,2023-08-07,Monday,August
9271,TXN_8341520,Sandwich,3,4.0,12.0,UNKNOWN,Takeaway,2023-06-24,Saturday,June
9272,TXN_9883214,Juice,3,3.0,9.0,UNKNOWN,UNKNOWN,2023-04-04,Tuesday,April
9273,TXN_2912934,Cookie,5,1.0,5.0,Credit Card,UNKNOWN,2023-04-01,Saturday,April
9274,TXN_7694996,Salad,4,5.0,20.0,UNKNOWN,In-store,2023-03-11,Saturday,March
9275,TXN_5660244,Cake,5,3.0,15.0,Digital Wallet,UNKNOWN,2023-10-04,Wednesday,October
9276,TXN_7873479,Cookie,1,1.0,1.0,Credit Card,Takeaway,2023-03-18,Saturday,March
9277,TXN_7771516,Sandwich,3,4.0,12.0,UNKNOWN,UNKNOWN,2023-05-26,Friday,May
9279,TXN_6775304,Tea,4,1.5,6.0,Cash,In-store,2023-03-08,Wednesday,March
9280,TXN_3801966,Sandwich,4,4.0,16.0,Digital Wallet,In-store,2023-01-14,Saturday,January
9282,TXN_1749930,Salad,5,5.0,25.0,UNKNOWN,In-store,2023-07-01,Saturday,July
9283,TXN_2210925,Juice,4,3.0,12.0,Cash,In-store,2023-07-06,Thursday,July
9285,TXN_2651789,Cookie,1,1.0,1.0,UNKNOWN,Takeaway,2023-02-10,Friday,February
9286,TXN_7750963,Tea,4,1.5,6.0,Credit Card,In-store,2023-06-09,Friday,June
9287,TXN_8134280,Cookie,1,1.0,1.0,Digital Wallet,Takeaway,2023-01-29,Sunday,January
9289,TXN_2014042,Cookie,4,1.0,4.0,Digital Wallet,Takeaway,2023-10-27,Friday,October
9290,TXN_1132293,Tea,4,1.5,6.0,UNKNOWN,UNKNOWN,2023-07-05,Wednesday,July
9291,TXN_3550177,Salad,5,5.0,25.0,Cash,UNKNOWN,2023-09-13,Wednesday,September
9292,TXN_5326795,Cookie,2,1.0,2.0,UNKNOWN,UNKNOWN,2023-04-05,Wednesday,April
9293,TXN_1993503,Cookie,4,1.0,4.0,Credit Card,UNKNOWN,2023-08-16,Wednesday,August
9294,TXN_4097922,Salad,3,5.0,15.0,Cash,UNKNOWN,2023-01-16,Monday,January
9295,TXN_2317041,Tea,3,1.5,4.5,Cash,In-store,2023-01-15,Sunday,January
9296,TXN_4648031,Tea,4,1.5,6.0,Digital Wallet,UNKNOWN,2023-09-04,Monday,September
9297,TXN_4942960,Juice,1,3.0,3.0,UNKNOWN,Takeaway,2023-04-12,Wednesday,April
9298,TXN_8740501,Salad,5,5.0,25.0,UNKNOWN,UNKNOWN,2023-02-05,Sunday,February
9299,TXN_4523273,Cake,4,3.0,12.0,Digital Wallet,UNKNOWN,2023-10-17,Tuesday,October
9300,TXN_7276478,Sandwich,5,4.0,20.0,Cash,Takeaway,2023-09-07,Thursday,September
9301,TXN_6036240,Cake,4,3.0,12.0,Credit Card,In-store,2023-10-30,Monday,October
9302,TXN_1449866,Salad,4,5.0,20.0,Cash,UNKNOWN,2023-09-21,Thursday,September
9303,TXN_2882871,Salad,3,5.0,15.0,Credit Card,Takeaway,2023-08-30,Wednesday,August
9304,TXN_1047450,Coffee,2,2.0,4.0,Cash,In-store,2023-11-19,Sunday,November
9305,TXN_9673685,Salad,1,5.0,5.0,Cash,In-store,2023-12-11,Monday,December
9306,TXN_3547569,Smoothie,4,4.0,16.0,Digital Wallet,In-store,2023-08-04,Friday,August
9307,TXN_2866587,Sandwich,3,4.0,12.0,Credit Card,UNKNOWN,2023-09-16,Saturday,September
9309,TXN_2964982,Sandwich,1,4.0,4.0,Digital Wallet,In-store,2023-04-15,Saturday,April
9310,TXN_5974791,Cookie,2,1.0,2.0,Cash,UNKNOWN,2023-10-22,Sunday,October
9311,TXN_1005472,Coffee,4,2.0,8.0,Credit Card,UNKNOWN,2023-04-21,Friday,April
9312,TXN_7202898,Cookie,4,1.0,4.0,UNKNOWN,UNKNOWN,2023-07-18,Tuesday,July
9314,TXN_9896694,Sandwich,4,4.0,16.0,Cash,UNKNOWN,2023-02-16,Thursday,February
9318,TXN_5723229,Juice,5,3.0,15.0,Digital Wallet,Takeaway,2023-06-23,Friday,June
9319,TXN_1065721,Sandwich,4,4.0,16.0,Cash,Takeaway,2023-12-06,Wednesday,December
9322,TXN_8155446,Salad,3,5.0,15.0,Digital Wallet,Takeaway,2023-12-20,Wednesday,December
9323,TXN_2253852,Cookie,2,1.0,2.0,Credit Card,Takeaway,2023-08-26,Saturday,August
9326,TXN_6994752,Juice,4,3.0,12.0,Cash,Takeaway,2023-06-17,Saturday,June
9327,TXN_7598654,Coffee,3,2.0,6.0,Credit Card,UNKNOWN,2023-11-26,Sunday,November
9329,TXN_6785331,Cake,1,3.0,3.0,UNKNOWN,UNKNOWN,2023-04-12,Wednesday,April
9330,TXN_8260297,Salad,2,5.0,10.0,Cash,In-store,2023-07-04,Tuesday,July
9331,TXN_7152012,Sandwich,3,4.0,12.0,Digital Wallet,In-store,2023-04-02,Sunday,April
9332,TXN_7907366,Coffee,4,2.0,8.0,Digital Wallet,UNKNOWN,2023-01-13,Friday,January
9333,TXN_3830888,Coffee,4,2.0,8.0,UNKNOWN,In-store,2023-02-20,Monday,February
9335,TXN_5618377,Sandwich,2,4.0,8.0,UNKNOWN,In-store,2023-04-02,Sunday,April
9336,TXN_3645674,Tea,4,1.5,6.0,Cash,Takeaway,2023-07-18,Tuesday,July
9337,TXN_2464236,Cookie,5,1.0,5.0,Digital Wallet,UNKNOWN,2023-04-02,Sunday,April
9338,TXN_4543793,Sandwich,2,4.0,8.0,Cash,In-store,2023-10-12,Thursday,October
9339,TXN_5745921,Sandwich,2,4.0,8.0,UNKNOWN,In-store,2023-03-01,Wednesday,March
9340,TXN_7229419,Salad,2,5.0,10.0,UNKNOWN,Takeaway,2023-05-15,Monday,May
9341,TXN_9247075,Salad,3,5.0,15.0,UNKNOWN,In-store,2023-07-05,Wednesday,July
9342,TXN_6960459,Coffee,1,2.0,2.0,Credit Card,In-store,2023-07-24,Monday,July
9343,TXN_4679083,Cake,5,3.0,15.0,UNKNOWN,Takeaway,2023-12-25,Monday,December
9344,TXN_3313534,Cookie,2,1.0,2.0,Digital Wallet,In-store,2023-01-05,Thursday,January
9345,TXN_4969431,Salad,4,5.0,20.0,Credit Card,Takeaway,2023-04-11,Tuesday,April
9346,TXN_2977905,Smoothie,3,4.0,12.0,UNKNOWN,UNKNOWN,2023-06-23,Friday,June
9348,TXN_2147706,Juice,5,3.0,15.0,UNKNOWN,UNKNOWN,2023-03-23,Thursday,March
9349,TXN_3663592,Smoothie,2,4.0,8.0,UNKNOWN,Takeaway,2023-08-26,Saturday,August
9350,TXN_4459351,Smoothie,5,4.0,20.0,Credit Card,UNKNOWN,2023-12-08,Friday,December
9351,TXN_2976052,Cookie,5,1.0,5.0,UNKNOWN,Takeaway,2023-11-01,Wednesday,November
9352,TXN_1373048,Salad,5,5.0,25.0,UNKNOWN,In-store,2023-08-31,Thursday,August
9353,TXN_2575331,Cookie,5,1.0,5.0,Cash,In-store,2023-03-20,Monday,March
9354,TXN_4764236,Juice,1,3.0,3.0,Digital Wallet,UNKNOWN,2023-05-29,Monday,May
9355,TXN_3544380,Juice,1,3.0,3.0,Credit Card,In-store,2023-09-13,Wednesday,September
9356,TXN_2104473,Cake,3,3.0,9.0,Digital Wallet,Takeaway,2023-01-01,Sunday,January
9357,TXN_3819405,Juice,4,3.0,12.0,Digital Wallet,In-store,2023-02-16,Thursday,February
9358,TXN_3512665,Salad,5,5.0,25.0,Credit Card,UNKNOWN,2023-10-16,Monday,October
9359,TXN_1696813,Cookie,3,1.0,3.0,Cash,In-store,2023-04-02,Sunday,April
9362,TXN_5399303,Coffee,2,2.0,4.0,UNKNOWN,UNKNOWN,2023-11-02,Thursday,November
9363,TXN_1251960,Sandwich,5,4.0,20.0,Digital Wallet,Takeaway,2023-11-20,Monday,November
9364,TXN_1984774,Tea,3,1.5,4.5,Cash,Takeaway,2023-11-13,Monday,November
9365,TXN_9886794,Cake,1,3.0,3.0,Cash,UNKNOWN,2023-06-06,Tuesday,June
9367,TXN_1057760,Juice,4,3.0,12.0,Credit Card,Takeaway,2023-02-20,Monday,February
9369,TXN_6091431,Tea,3,1.5,4.5,Credit Card,UNKNOWN,2023-11-16,Thursday,November
9370,TXN_1728644,Coffee,1,2.0,2.0,Cash,Takeaway,2023-04-07,Friday,April
9371,TXN_6993624,Cake,4,3.0,12.0,Cash,UNKNOWN,2023-05-09,Tuesday,May
9373,TXN_9018366,Juice,5,3.0,15.0,Cash,UNKNOWN,2023-03-31,Friday,March
9374,TXN_7708810,Smoothie,1,4.0,4.0,Cash,UNKNOWN,2023-06-09,Friday,June
9375,TXN_8726874,Sandwich,2,4.0,8.0,UNKNOWN,Takeaway,2023-09-30,Saturday,September
9376,TXN_4190431,Tea,3,1.5,4.5,Digital Wallet,UNKNOWN,2023-09-23,Saturday,September
9377,TXN_5201123,Salad,2,5.0,10.0,Digital Wallet,Takeaway,2023-07-12,Wednesday,July
9378,TXN_6172528,Smoothie,3,4.0,12.0,Credit Card,In-store,2023-05-18,Thursday,May
9379,TXN_1193551,Cookie,1,1.0,1.0,UNKNOWN,Takeaway,2023-01-07,Saturday,January
9381,TXN_2702861,Cookie,4,1.0,4.0,Digital Wallet,Takeaway,2023-06-02,Friday,June
9383,TXN_1256851,Sandwich,4,4.0,16.0,UNKNOWN,In-store,2023-07-29,Saturday,July
9384,TXN_4146795,Tea,5,1.5,7.5,Cash,In-store,2023-10-29,Sunday,October
9385,TXN_2203873,Tea,3,1.5,4.5,Digital Wallet,UNKNOWN,2023-01-26,Thursday,January
9386,TXN_5018462,Smoothie,5,4.0,20.0,Cash,In-store,2023-11-28,Tuesday,November
9387,TXN_6133971,Smoothie,5,4.0,20.0,Credit Card,UNKNOWN,2023-04-18,Tuesday,April
9388,TXN_1417400,Cookie,2,1.0,2.0,Cash,In-store,2023-03-20,Monday,March
9389,TXN_4239859,Juice,1,3.0,3.0,UNKNOWN,UNKNOWN,2023-02-03,Friday,February
9391,TXN_4877436,Juice,4,3.0,12.0,UNKNOWN,UNKNOWN,2023-10-08,Sunday,October
9393,TXN_8643596,Coffee,5,2.0,10.0,Credit Card,UNKNOWN,2023-03-29,Wednesday,March
9394,TXN_1654784,Cookie,5,1.0,5.0,UNKNOWN,In-store,2023-12-31,Sunday,December
9395,TXN_4422898,Salad,2,5.0,10.0,Credit Card,In-store,2023-04-20,Thursday,April
9396,TXN_4175191,Sandwich,2,4.0,8.0,Cash,UNKNOWN,2023-11-20,Monday,November
9397,TXN_3196388,Salad,3,5.0,15.0,Cash,In-store,2023-03-04,Saturday,March
9398,TXN_6960031,Sandwich,5,4.0,20.0,Digital Wallet,Takeaway,2023-04-25,Tuesday,April
9399,TXN_8963106,Coffee,5,2.0,10.0,Cash,In-store,2023-04-01,Saturday,April
9400,TXN_7167980,Smoothie,3,4.0,12.0,UNKNOWN,UNKNOWN,2023-10-05,Thursday,October
9401,TXN_8732716,Tea,3,1.5,4.5,UNKNOWN,UNKNOWN,2023-12-29,Friday,December
9402,TXN_3530118,Cake,5,3.0,15.0,Digital Wallet,UNKNOWN,2023-11-14,Tuesday,November
9403,TXN_7875743,Cake,5,3.0,15.0,Cash,Takeaway,2023-04-17,Monday,April
9405,TXN_1933315,Juice,2,3.0,6.0,Digital Wallet,In-store,2023-09-29,Friday,September
9406,TXN_5674503,Cake,3,3.0,9.0,UNKNOWN,Takeaway,2023-12-14,Thursday,December
9407,TXN_5252187,Sandwich,1,4.0,4.0,Cash,UNKNOWN,2023-01-20,Friday,January
9408,TXN_4668931,Juice,3,3.0,9.0,Cash,In-store,2023-07-09,Sunday,July
9409,TXN_2504703,Smoothie,5,4.0,20.0,Digital Wallet,Takeaway,2023-01-09,Monday,January
9410,TXN_3113428,Juice,2,3.0,6.0,Cash,In-store,2023-10-30,Monday,October
9412,TXN_7595115,Sandwich,2,4.0,8.0,UNKNOWN,Takeaway,2023-04-17,Monday,April
9413,TXN_9034955,Cookie,1,1.0,1.0,Credit Card,In-store,2023-09-07,Thursday,September
9414,TXN_7856009,Cake,2,3.0,6.0,UNKNOWN,UNKNOWN,2023-05-27,Saturday,May
9415,TXN_2375919,Sandwich,3,4.0,12.0,UNKNOWN,UNKNOWN,2023-11-23,Thursday,November
9416,TXN_9344399,Cookie,2,1.0,2.0,UNKNOWN,UNKNOWN,2023-12-04,Monday,December
9417,TXN_1091243,Sandwich,2,4.0,8.0,UNKNOWN,In-store,2023-01-06,Friday,January
9418,TXN_8800741,Coffee,4,2.0,8.0,UNKNOWN,UNKNOWN,2023-06-26,Monday,June
9419,TXN_3546303,Tea,2,1.5,3.0,Digital Wallet,Takeaway,2023-09-11,Monday,September
9420,TXN_7595096,Juice,1,3.0,3.0,UNKNOWN,UNKNOWN,2023-11-02,Thursday,November
9421,TXN_4788849,Cookie,1,1.0,1.0,UNKNOWN,Takeaway,2023-03-13,Monday,March
9422,TXN_7838802,Cookie,2,1.0,2.0,Credit Card,Takeaway,2023-11-20,Monday,November
9423,TXN_6736326,Salad,2,5.0,10.0,Credit Card,In-store,2023-04-14,Friday,April
9424,TXN_2536021,Cookie,5,1.0,5.0,UNKNOWN,Takeaway,2023-10-02,Monday,October
9426,TXN_5538696,Coffee,2,2.0,4.0,UNKNOWN,In-store,2023-08-30,Wednesday,August
9429,TXN_5466291,Salad,1,5.0,5.0,Credit Card,UNKNOWN,2023-09-19,Tuesday,September
9430,TXN_2643389,Sandwich,2,4.0,8.0,Credit Card,UNKNOWN,2023-08-24,Thursday,August
9431,TXN_9817135,Salad,1,5.0,5.0,Digital Wallet,UNKNOWN,2023-03-25,Saturday,March
9432,TXN_7426086,Coffee,4,2.0,8.0,UNKNOWN,UNKNOWN,2023-01-13,Friday,January
9433,TXN_9327861,Tea,5,1.5,7.5,Credit Card,In-store,2023-07-17,Monday,July
9434,TXN_3971440,Cake,4,3.0,12.0,Digital Wallet,Takeaway,2023-10-22,Sunday,October
9435,TXN_8494583,Cookie,5,1.0,5.0,Credit Card,In-store,2023-11-29,Wednesday,November
9436,TXN_8083377,Tea,4,1.5,6.0,Digital Wallet,In-store,2023-01-06,Friday,January
9437,TXN_6883187,Juice,2,3.0,6.0,UNKNOWN,UNKNOWN,2023-11-16,Thursday,November
9438,TXN_8340038,Tea,1,1.5,1.5,Digital Wallet,In-store,2023-07-15,Saturday,July
9439,TXN_2275799,Sandwich,3,4.0,12.0,Digital Wallet,In-store,2023-10-04,Wednesday,October
9440,TXN_3497691,Smoothie,4,4.0,16.0,Credit Card,UNKNOWN,2023-09-06,Wednesday,September
9441,TXN_5881237,Cookie,2,1.0,2.0,UNKNOWN,UNKNOWN,2023-08-14,Monday,August
9442,TXN_2271705,Tea,5,1.5,7.5,UNKNOWN,UNKNOWN,2023-07-20,Thursday,July
9444,TXN_4618211,Smoothie,4,4.0,16.0,Cash,UNKNOWN,2023-09-12,Tuesday,September
9445,TXN_9618563,Smoothie,1,4.0,4.0,UNKNOWN,Takeaway,2023-02-24,Friday,February
9446,TXN_4374260,Cookie,1,1.0,1.0,Cash,UNKNOWN,2023-04-20,Thursday,April
9447,TXN_1946773,Sandwich,4,4.0,16.0,Cash,UNKNOWN,2023-08-28,Monday,August
9448,TXN_4387523,Cake,3,3.0,9.0,UNKNOWN,UNKNOWN,2023-02-07,Tuesday,February
9449,TXN_7661094,Salad,4,5.0,20.0,Cash,UNKNOWN,2023-07-21,Friday,July
9450,TXN_6766664,Coffee,3,2.0,6.0,UNKNOWN,UNKNOWN,2023-05-21,Sunday,May
9452,TXN_1861717,Tea,2,1.5,3.0,Cash,In-store,2023-11-10,Friday,November
9453,TXN_3421079,Smoothie,1,4.0,4.0,Credit Card,In-store,2023-12-18,Monday,December
9455,TXN_7636536,Cookie,2,1.0,2.0,Cash,UNKNOWN,2023-05-06,Saturday,May
9456,TXN_4971607,Smoothie,5,4.0,20.0,Cash,In-store,2023-03-30,Thursday,March
9458,TXN_9701622,Cookie,5,1.0,5.0,Digital Wallet,UNKNOWN,2023-09-24,Sunday,September
9459,TXN_6966241,Juice,2,3.0,6.0,Digital Wallet,In-store,2023-04-13,Thursday,April
9462,TXN_3964624,Tea,3,1.5,4.5,UNKNOWN,In-store,2023-09-20,Wednesday,September
9463,TXN_2226371,Cake,1,3.0,3.0,Cash,UNKNOWN,2023-11-18,Saturday,November
9465,TXN_5777164,Smoothie,1,4.0,4.0,Credit Card,Takeaway,2023-02-07,Tuesday,February
9466,TXN_5817802,Coffee,5,2.0,10.0,UNKNOWN,In-store,2023-02-13,Monday,February
9467,TXN_3787234,Tea,2,1.5,3.0,Digital Wallet,In-store,2023-03-15,Wednesday,March
9468,TXN_4525646,Cake,3,3.0,9.0,Credit Card,UNKNOWN,2023-07-07,Friday,July
9470,TXN_8649416,Cake,5,3.0,15.0,Credit Card,Takeaway,2023-09-21,Thursday,September
9472,TXN_1394131,Juice,4,3.0,12.0,UNKNOWN,Takeaway,2023-06-13,Tuesday,June
9473,TXN_9237291,Juice,2,3.0,6.0,Credit Card,UNKNOWN,2023-09-22,Friday,September
9474,TXN_9520855,Cake,4,3.0,12.0,UNKNOWN,UNKNOWN,2023-01-11,Wednesday,January
9475,TXN_4565080,Smoothie,4,4.0,16.0,Digital Wallet,In-store,2023-09-28,Thursday,September
9476,TXN_8348710,Coffee,1,2.0,2.0,Cash,In-store,2023-12-27,Wednesday,December
9477,TXN_5127819,Juice,3,3.0,9.0,UNKNOWN,UNKNOWN,2023-04-03,Monday,April
9478,TXN_7496394,Smoothie,4,4.0,16.0,UNKNOWN,UNKNOWN,2023-06-12,Monday,June
9479,TXN_8495889,Cake,1,3.0,3.0,Cash,Takeaway,2023-06-26,Monday,June
9480,TXN_5064188,Sandwich,4,4.0,16.0,Credit Card,UNKNOWN,2023-12-08,Friday,December
9481,TXN_6104335,Smoothie,2,4.0,8.0,Credit Card,UNKNOWN,2023-11-13,Monday,November
9482,TXN_5313435,Salad,4,5.0,20.0,Cash,UNKNOWN,2023-02-18,Saturday,February
9483,TXN_6700745,Juice,3,3.0,9.0,UNKNOWN,In-store,2023-04-23,Sunday,April
9484,TXN_9897215,Cake,3,3.0,9.0,Credit Card,UNKNOWN,2023-11-22,Wednesday,November
9485,TXN_7764175,Salad,3,5.0,15.0,Cash,In-store,2023-09-02,Saturday,September
9486,TXN_3027490,Cookie,3,1.0,3.0,UNKNOWN,Takeaway,2023-02-25,Saturday,February
9487,TXN_5368297,Smoothie,2,4.0,8.0,UNKNOWN,Takeaway,2023-10-04,Wednesday,October
9488,TXN_2053125,Salad,1,5.0,5.0,Digital Wallet,UNKNOWN,2023-07-26,Wednesday,July
9489,TXN_2522828,Smoothie,4,4.0,16.0,Credit Card,UNKNOWN,2023-01-15,Sunday,January
9491,TXN_6419317,Sandwich,4,4.0,16.0,Credit Card,UNKNOWN,2023-02-25,Saturday,February
9492,TXN_5939950,Sandwich,2,4.0,8.0,Cash,UNKNOWN,2023-06-16,Friday,June
9493,TXN_4607296,Cake,5,3.0,15.0,UNKNOWN,In-store,2023-04-02,Sunday,April
9494,TXN_8316135,Salad,3,5.0,15.0,Digital Wallet,Takeaway,2023-11-06,Monday,November
9495,TXN_7910956,Coffee,5,2.0,10.0,Digital Wallet,In-store,2023-07-21,Friday,July
9496,TXN_1142233,Tea,5,1.5,7.5,Digital Wallet,Takeaway,2023-09-01,Friday,September
9499,TXN_3786518,Salad,1,5.0,5.0,Credit Card,In-store,2023-09-16,Saturday,September
9500,TXN_2009407,Juice,5,3.0,15.0,Cash,Takeaway,2023-05-05,Friday,May
9502,TXN_8272750,Salad,5,5.0,25.0,UNKNOWN,UNKNOWN,2023-05-18,Thursday,May
9504,TXN_8532735,Coffee,2,2.0,4.0,Cash,Takeaway,2023-07-28,Friday,July
9505,TXN_1697299,Smoothie,3,4.0,12.0,Cash,In-store,2023-10-08,Sunday,October
9506,TXN_5785639,Salad,1,5.0,5.0,Credit Card,UNKNOWN,2023-04-10,Monday,April
9507,TXN_8445753,Tea,4,1.5,6.0,Cash,Takeaway,2023-04-07,Friday,April
9509,TXN_1985278,Sandwich,3,4.0,12.0,UNKNOWN,In-store,2023-02-13,Monday,February
9510,TXN_6612143,Tea,5,1.5,7.5,Cash,In-store,2023-11-07,Tuesday,November
9511,TXN_8352416,Salad,1,5.0,5.0,Digital Wallet,In-store,2023-07-26,Wednesday,July
9512,TXN_5498693,Cake,4,3.0,12.0,UNKNOWN,UNKNOWN,2023-05-13,Saturday,May
9515,TXN_8330837,Juice,3,3.0,9.0,Digital Wallet,UNKNOWN,2023-10-13,Friday,October
9516,TXN_3703482,Cake,4,3.0,12.0,UNKNOWN,UNKNOWN,2023-01-08,Sunday,January
9517,TXN_3455103,Salad,1,5.0,5.0,Digital Wallet,Takeaway,2023-04-22,Saturday,April
9518,TXN_1496962,Smoothie,5,4.0,20.0,UNKNOWN,In-store,2023-12-17,Sunday,December
9519,TXN_4216294,Tea,4,1.5,6.0,Cash,In-store,2023-10-19,Thursday,October
9520,TXN_3002889,Coffee,3,2.0,6.0,Digital Wallet,UNKNOWN,2023-10-22,Sunday,October
9522,TXN_6044312,Cake,2,3.0,6.0,UNKNOWN,In-store,2023-01-03,Tuesday,January
9523,TXN_4008135,Cookie,5,1.0,5.0,Cash,Takeaway,2023-11-25,Saturday,November
9525,TXN_8990020,Sandwich,4,4.0,16.0,UNKNOWN,In-store,2023-09-09,Saturday,September
9526,TXN_5654331,Coffee,4,2.0,8.0,Cash,In-store,2023-07-31,Monday,July
9527,TXN_1213938,Salad,5,5.0,25.0,Digital Wallet,Takeaway,2023-07-06,Thursday,July
9528,TXN_2522182,Salad,2,5.0,10.0,Digital Wallet,In-store,2023-11-11,Saturday,November
9529,TXN_5329431,Sandwich,3,4.0,12.0,Credit Card,In-store,2023-10-03,Tuesday,October
9531,TXN_8482887,Salad,1,5.0,5.0,Digital Wallet,Takeaway,2023-10-29,Sunday,October
9532,TXN_3883425,Smoothie,5,4.0,20.0,Digital Wallet,UNKNOWN,2023-07-09,Sunday,July
9533,TXN_4434185,Smoothie,5,4.0,20.0,Credit Card,Takeaway,2023-04-30,Sunday,April
9534,TXN_7388851,Smoothie,1,4.0,4.0,Digital Wallet,UNKNOWN,2023-09-30,Saturday,September
9535,TXN_8460225,Smoothie,5,4.0,20.0,UNKNOWN,In-store,2023-02-23,Thursday,February
9536,TXN_5471175,Cookie,4,1.0,4.0,Cash,UNKNOWN,2023-04-16,Sunday,April
9537,TXN_1874601,Coffee,4,2.0,8.0,UNKNOWN,UNKNOWN,2023-12-10,Sunday,December
9538,TXN_3641001,Smoothie,3,4.0,12.0,Digital Wallet,UNKNOWN,2023-11-10,Friday,November
9539,TXN_6446441,Salad,3,5.0,15.0,Digital Wallet,UNKNOWN,2023-02-18,Saturday,February
9540,TXN_9718216,Juice,4,3.0,12.0,UNKNOWN,UNKNOWN,2023-07-07,Friday,July
9541,TXN_7391138,Tea,5,1.5,7.5,Cash,UNKNOWN,2023-08-23,Wednesday,August
9542,TXN_9548077,Tea,2,1.5,3.0,Cash,In-store,2023-07-05,Wednesday,July
9543,TXN_9185022,Sandwich,3,4.0,12.0,Digital Wallet,In-store,2023-06-19,Monday,June
9544,TXN_6841993,Juice,3,3.0,9.0,Cash,Takeaway,2023-09-15,Friday,September
9545,TXN_1701766,Cake,4,3.0,12.0,UNKNOWN,UNKNOWN,2023-11-22,Wednesday,November
9546,TXN_9541057,Juice,4,3.0,12.0,Cash,In-store,2023-04-24,Monday,April
9547,TXN_4699706,Coffee,5,2.0,10.0,UNKNOWN,In-store,2023-12-04,Monday,December
9548,TXN_2451247,Tea,4,1.5,6.0,Digital Wallet,Takeaway,2023-02-14,Tuesday,February
9549,TXN_6272908,Juice,3,3.0,9.0,Cash,Takeaway,2023-12-01,Friday,December
9550,TXN_9093708,Sandwich,3,4.0,12.0,Credit Card,In-store,2023-12-08,Friday,December
9551,TXN_7785034,Smoothie,4,4.0,16.0,UNKNOWN,Takeaway,2023-11-09,Thursday,November
9552,TXN_4048690,Cake,3,3.0,9.0,Cash,In-store,2023-09-06,Wednesday,September
9553,TXN_4971992,Cake,2,3.0,6.0,UNKNOWN,UNKNOWN,2023-09-24,Sunday,September
9555,TXN_3919995,Tea,3,1.5,4.5,Cash,Takeaway,2023-01-26,Thursday,January
9556,TXN_3522385,Smoothie,4,4.0,16.0,Credit Card,Takeaway,2023-03-19,Sunday,March
9557,TXN_3140020,Juice,5,3.0,15.0,UNKNOWN,In-store,2023-06-19,Monday,June
9558,TXN_9756401,Salad,3,5.0,15.0,Cash,In-store,2023-02-04,Saturday,February
9559,TXN_1937081,Cake,2,3.0,6.0,Credit Card,UNKNOWN,2023-06-07,Wednesday,June
9560,TXN_9668584,Cookie,2,1.0,2.0,Digital Wallet,UNKNOWN,2023-12-13,Wednesday,December
9561,TXN_2544072,Cookie,1,1.0,1.0,UNKNOWN,In-store,2023-08-17,Thursday,August
9562,TXN_7260110,Salad,5,5.0,25.0,Credit Card,In-store,2023-03-07,Tuesday,March
9563,TXN_1588687,Coffee,2,2.0,4.0,Digital Wallet,Takeaway,2023-08-22,Tuesday,August
9564,TXN_2886505,Tea,3,1.5,4.5,UNKNOWN,UNKNOWN,2023-09-05,Tuesday,September
9565,TXN_3864453,Cookie,5,1.0,5.0,Digital Wallet,UNKNOWN,2023-11-15,Wednesday,November
9566,TXN_5346027,Sandwich,2,4.0,8.0,UNKNOWN,UNKNOWN,2023-12-19,Tuesday,December
9568,TXN_8690361,Smoothie,3,4.0,12.0,UNKNOWN,UNKNOWN,2023-07-12,Wednesday,July
9569,TXN_8419805,Cake,5,3.0,15.0,UNKNOWN,In-store,2023-07-24,Monday,July
9570,TXN_3125699,Juice,1,3.0,3.0,Credit Card,Takeaway,2023-02-05,Sunday,February
9571,TXN_5106316,Sandwich,5,4.0,20.0,Digital Wallet,Takeaway,2023-01-23,Monday,January
9572,TXN_5666369,Juice,2,3.0,6.0,Digital Wallet,In-store,2023-07-17,Monday,July
9573,TXN_7712807,Smoothie,4,4.0,16.0,Credit Card,UNKNOWN,2023-02-17,Friday,February
9574,TXN_8199561,Cookie,4,1.0,4.0,UNKNOWN,UNKNOWN,2023-07-31,Monday,July
9575,TXN_4334932,Coffee,2,2.0,4.0,UNKNOWN,In-store,2023-12-27,Wednesday,December
9576,TXN_4082099,Juice,2,3.0,6.0,Credit Card,In-store,2023-06-01,Thursday,June
9577,TXN_9191700,Tea,5,1.5,7.5,UNKNOWN,In-store,2023-10-01,Sunday,October
9579,TXN_9921392,Coffee,5,2.0,10.0,UNKNOWN,UNKNOWN,2023-06-28,Wednesday,June
9580,TXN_7125395,Salad,1,5.0,5.0,Cash,Takeaway,2023-07-23,Sunday,July
9581,TXN_4521701,Cake,4,3.0,12.0,UNKNOWN,In-store,2023-10-08,Sunday,October
9583,TXN_1418829,Smoothie,1,4.0,4.0,UNKNOWN,Takeaway,2023-09-19,Tuesday,September
9584,TXN_8955306,Coffee,3,2.0,6.0,Credit Card,In-store,2023-10-14,Saturday,October
9585,TXN_7851403,Coffee,5,2.0,10.0,Credit Card,Takeaway,2023-03-06,Monday,March
9586,TXN_5288715,Juice,3,3.0,9.0,Digital Wallet,UNKNOWN,2023-04-19,Wednesday,April
9587,TXN_7108056,Juice,3,3.0,9.0,Credit Card,UNKNOWN,2023-01-25,Wednesday,January
9589,TXN_9688601,Juice,1,3.0,3.0,UNKNOWN,In-store,2023-10-16,Monday,October
9591,TXN_8807429,Cookie,4,1.0,4.0,Digital Wallet,UNKNOWN,2023-07-21,Friday,July
9592,TXN_3340550,Juice,2,3.0,6.0,Digital Wallet,UNKNOWN,2023-05-02,Tuesday,May
9593,TXN_4380808,Juice,4,3.0,12.0,UNKNOWN,In-store,2023-04-30,Sunday,April
9594,TXN_6403012,Juice,5,3.0,15.0,Cash,In-store,2023-07-23,Sunday,July
9595,TXN_4176272,Coffee,1,2.0,2.0,Digital Wallet,UNKNOWN,2023-06-06,Tuesday,June
9598,TXN_2294776,Juice,4,3.0,12.0,Credit Card,Takeaway,2023-04-10,Monday,April
9599,TXN_8068515,Cookie,1,1.0,1.0,Cash,Takeaway,2023-06-16,Friday,June
9601,TXN_2556999,Tea,1,1.5,1.5,Credit Card,Takeaway,2023-08-14,Monday,August
9602,TXN_3816131,Juice,3,3.0,9.0,UNKNOWN,UNKNOWN,2023-01-23,Monday,January
9603,TXN_6564856,Tea,5,1.5,7.5,Digital Wallet,Takeaway,2023-02-16,Thursday,February
9604,TXN_4822256,Smoothie,1,4.0,4.0,Credit Card,UNKNOWN,2023-11-11,Saturday,November
9605,TXN_9397870,Cake,2,3.0,6.0,UNKNOWN,UNKNOWN,2023-05-23,Tuesday,May
9606,TXN_4976485,Salad,5,5.0,25.0,UNKNOWN,Takeaway,2023-07-10,Monday,July
9607,TXN_4856060,Juice,1,3.0,3.0,Cash,UNKNOWN,2023-07-29,Saturday,July
9608,TXN_3967103,Coffee,5,2.0,10.0,Cash,UNKNOWN,2023-11-14,Tuesday,November
9609,TXN_8746881,Cake,2,3.0,6.0,UNKNOWN,UNKNOWN,2023-11-07,Tuesday,November
9611,TXN_8732682,Salad,5,5.0,25.0,Credit Card,In-store,2023-04-07,Friday,April
9612,TXN_3687257,Tea,4,1.5,6.0,Credit Card,Takeaway,2023-03-27,Monday,March
9613,TXN_3616839,Cake,4,3.0,12.0,Digital Wallet,UNKNOWN,2023-04-01,Saturday,April
9614,TXN_2875074,Cake,4,3.0,12.0,Credit Card,Takeaway,2023-02-06,Monday,February
9615,TXN_5470909,Cookie,4,1.0,4.0,Credit Card,In-store,2023-10-21,Saturday,October
9617,TXN_3587915,Salad,2,5.0,10.0,Digital Wallet,Takeaway,2023-06-24,Saturday,June
9618,TXN_9406938,Salad,1,5.0,5.0,UNKNOWN,UNKNOWN,2023-10-09,Monday,October
9619,TXN_9342366,Smoothie,3,4.0,12.0,Credit Card,UNKNOWN,2023-02-18,Saturday,February
9622,TXN_7226052,Sandwich,3,4.0,12.0,Cash,In-store,2023-02-21,Tuesday,February
9624,TXN_8644398,Sandwich,4,4.0,16.0,UNKNOWN,Takeaway,2023-02-08,Wednesday,February
9625,TXN_8112788,Smoothie,1,4.0,4.0,Credit Card,Takeaway,2023-08-07,Monday,August
9626,TXN_4179583,Smoothie,3,4.0,12.0,Digital Wallet,Takeaway,2023-06-13,Tuesday,June
9627,TXN_3787265,Salad,1,5.0,5.0,Credit Card,In-store,2023-12-16,Saturday,December
9628,TXN_3577683,Cookie,2,1.0,2.0,Digital Wallet,In-store,2023-09-17,Sunday,September
9629,TXN_1310741,Sandwich,3,4.0,12.0,UNKNOWN,Takeaway,2023-07-25,Tuesday,July
9630,TXN_2862856,Cake,5,3.0,15.0,UNKNOWN,Takeaway,2023-02-01,Wednesday,February
9631,TXN_4940237,Cake,2,3.0,6.0,Cash,Takeaway,2023-08-03,Thursday,August
9632,TXN_8765822,Cake,1,3.0,3.0,Credit Card,Takeaway,2023-03-22,Wednesday,March
9633,TXN_3205813,Juice,3,3.0,9.0,Cash,In-store,2023-04-25,Tuesday,April
9635,TXN_5751040,Tea,5,1.5,7.5,Cash,UNKNOWN,2023-02-27,Monday,February
9637,TXN_8018572,Cookie,5,1.0,5.0,UNKNOWN,In-store,2023-10-09,Monday,October
9638,TXN_3454877,Sandwich,5,4.0,20.0,Credit Card,UNKNOWN,2023-04-19,Wednesday,April
9639,TXN_1837764,Tea,3,1.5,4.5,Cash,In-store,2023-07-30,Sunday,July
9640,TXN_4120124,Coffee,1,2.0,2.0,UNKNOWN,UNKNOWN,2023-06-08,Thursday,June
9642,TXN_1927404,Juice,1,3.0,3.0,Digital Wallet,UNKNOWN,2023-12-22,Friday,December
9643,TXN_9147596,Coffee,2,2.0,4.0,Digital Wallet,Takeaway,2023-10-08,Sunday,October
9644,TXN_5012988,Salad,3,5.0,15.0,Credit Card,UNKNOWN,2023-08-17,Thursday,August
9645,TXN_1534763,Cookie,2,1.0,2.0,Cash,Takeaway,2023-09-17,Sunday,September
9646,TXN_4485458,Sandwich,4,4.0,16.0,Cash,Takeaway,2023-12-08,Friday,December
9647,TXN_9288882,Sandwich,3,4.0,12.0,UNKNOWN,In-store,2023-04-23,Sunday,April
9648,TXN_3964550,Tea,3,1.5,4.5,Credit Card,Takeaway,2023-06-09,Friday,June
9649,TXN_2509803,Coffee,1,2.0,2.0,UNKNOWN,UNKNOWN,2023-02-22,Wednesday,February
9651,TXN_4529101,Cookie,2,1.0,2.0,Digital Wallet,In-store,2023-09-17,Sunday,September
9652,TXN_2391534,Cookie,3,1.0,3.0,Credit Card,UNKNOWN,2023-05-06,Saturday,May
9653,TXN_8379919,Cookie,3,1.0,3.0,Digital Wallet,UNKNOWN,2023-12-04,Monday,December
9655,TXN_6219977,Cookie,2,1.0,2.0,Credit Card,UNKNOWN,2023-12-17,Sunday,December
9656,TXN_5731238,Cake,2,3.0,6.0,Credit Card,UNKNOWN,2023-03-27,Monday,March
9657,TXN_7825796,Tea,2,1.5,3.0,UNKNOWN,UNKNOWN,2023-04-03,Monday,April
9658,TXN_2375667,Salad,1,5.0,5.0,Cash,UNKNOWN,2023-12-28,Thursday,December
9659,TXN_5213761,Coffee,3,2.0,6.0,Digital Wallet,Takeaway,2023-08-18,Friday,August
9660,TXN_1427485,Coffee,3,2.0,6.0,Credit Card,UNKNOWN,2023-07-19,Wednesday,July
9661,TXN_5954991,Sandwich,3,4.0,12.0,UNKNOWN,Takeaway,2023-08-07,Monday,August
9663,TXN_6482416,Coffee,1,2.0,2.0,UNKNOWN,UNKNOWN,2023-07-20,Thursday,July
9664,TXN_4916611,Juice,5,3.0,15.0,UNKNOWN,Takeaway,2023-05-21,Sunday,May
9665,TXN_4814244,Smoothie,3,4.0,12.0,UNKNOWN,In-store,2023-06-01,Thursday,June
9666,TXN_7968892,Tea,2,1.5,3.0,UNKNOWN,In-store,2023-10-02,Monday,October
9667,TXN_9535721,Cake,5,3.0,15.0,Digital Wallet,In-store,2023-08-03,Thursday,August
9668,TXN_2161372,Juice,1,3.0,3.0,Credit Card,Takeaway,2023-12-17,Sunday,December
9669,TXN_8877714,Juice,5,3.0,15.0,UNKNOWN,UNKNOWN,2023-03-28,Tuesday,March
9670,TXN_5478129,Juice,4,3.0,12.0,Credit Card,UNKNOWN,2023-01-22,Sunday,January
9671,TXN_7267366,Sandwich,3,4.0,12.0,Digital Wallet,Takeaway,2023-06-02,Friday,June
9674,TXN_8688603,Coffee,2,2.0,4.0,Cash,UNKNOWN,2023-05-05,Friday,May
9675,TXN_6148811,Tea,5,1.5,7.5,Credit Card,Takeaway,2023-06-18,Sunday,June
9677,TXN_4382406,Coffee,5,2.0,10.0,UNKNOWN,Takeaway,2023-09-26,Tuesday,September
9678,TXN_5426507,Juice,2,3.0,6.0,Cash,Takeaway,2023-06-13,Tuesday,June
9679,TXN_3855408,Cookie,1,1.0,1.0,Cash,Takeaway,2023-06-02,Friday,June
9680,TXN_6992783,Tea,1,1.5,1.5,Digital Wallet,Takeaway,2023-01-29,Sunday,January
9682,TXN_2638810,Tea,2,1.5,3.0,UNKNOWN,Takeaway,2023-11-16,Thursday,November
9683,TXN_9158251,Salad,2,5.0,10.0,Credit Card,UNKNOWN,2023-03-24,Friday,March
9684,TXN_3390610,Sandwich,2,4.0,8.0,UNKNOWN,UNKNOWN,2023-02-01,Wednesday,February
9685,TXN_6498876,Sandwich,3,4.0,12.0,UNKNOWN,Takeaway,2023-08-20,Sunday,August
9686,TXN_1627038,Juice,4,3.0,12.0,UNKNOWN,Takeaway,2023-12-25,Monday,December
9687,TXN_2785262,Salad,3,5.0,15.0,Cash,Takeaway,2023-08-30,Wednesday,August
9688,TXN_9944730,Tea,1,1.5,1.5,Digital Wallet,UNKNOWN,2023-04-10,Monday,April
9689,TXN_7002929,Cookie,1,1.0,1.0,UNKNOWN,In-store,2023-01-30,Monday,January
9690,TXN_7484886,Smoothie,3,4.0,12.0,UNKNOWN,UNKNOWN,2023-04-17,Monday,April
9691,TXN_7316790,Coffee,1,2.0,2.0,Credit Card,In-store,2023-11-07,Tuesday,November
9692,TXN_4663529,Sandwich,5,4.0,20.0,Digital Wallet,UNKNOWN,2023-12-24,Sunday,December
9693,TXN_2675174,Salad,2,5.0,10.0,UNKNOWN,Takeaway,2023-12-04,Monday,December
9695,TXN_7229543,Cake,1,3.0,3.0,Credit Card,UNKNOWN,2023-07-10,Monday,July
9696,TXN_4330643,Cookie,3,1.0,3.0,Cash,Takeaway,2023-05-15,Monday,May
9697,TXN_2003488,Juice,3,3.0,9.0,UNKNOWN,Takeaway,2023-09-25,Monday,September
9699,TXN_3492393,Coffee,1,2.0,2.0,UNKNOWN,In-store,2023-05-29,Monday,May
9700,TXN_3894660,Juice,2,3.0,6.0,UNKNOWN,UNKNOWN,2023-02-09,Thursday,February
9701,TXN_5766532,Smoothie,5,4.0,20.0,Cash,In-store,2023-06-23,Friday,June
9702,TXN_5476485,Juice,2,3.0,6.0,Cash,In-store,2023-01-07,Saturday,January
9703,TXN_9335226,Sandwich,5,4.0,20.0,UNKNOWN,UNKNOWN,2023-05-08,Monday,May
9704,TXN_2581559,Sandwich,1,4.0,4.0,Credit Card,Takeaway,2023-03-25,Saturday,March
9705,TXN_9146123,Coffee,2,2.0,4.0,Digital Wallet,UNKNOWN,2023-12-12,Tuesday,December
9706,TXN_1335256,Coffee,5,2.0,10.0,UNKNOWN,Takeaway,2023-08-04,Friday,August
9707,TXN_5968921,Salad,5,5.0,25.0,Credit Card,Takeaway,2023-10-10,Tuesday,October
9708,TXN_6895558,Coffee,2,2.0,4.0,Credit Card,UNKNOWN,2023-04-10,Monday,April
9709,TXN_6428404,Salad,2,5.0,10.0,Digital Wallet,In-store,2023-02-06,Monday,February
9711,TXN_1190402,Cake,1,3.0,3.0,Credit Card,Takeaway,2023-12-01,Friday,December
9714,TXN_6349424,Sandwich,5,4.0,20.0,Cash,Takeaway,2023-02-24,Friday,February
9715,TXN_1401771,Sandwich,2,4.0,8.0,Cash,UNKNOWN,2023-12-08,Friday,December
9718,TXN_3851928,Juice,3,3.0,9.0,Credit Card,In-store,2023-02-07,Tuesday,February
9719,TXN_8267915,Sandwich,2,4.0,8.0,UNKNOWN,Takeaway,2023-03-22,Wednesday,March
9720,TXN_3726397,Salad,5,5.0,25.0,UNKNOWN,Takeaway,2023-01-30,Monday,January
9721,TXN_1210058,Tea,5,1.5,7.5,UNKNOWN,UNKNOWN,2023-11-25,Saturday,November
9722,TXN_7791293,Salad,3,5.0,15.0,Credit Card,Takeaway,2023-04-08,Saturday,April
9723,TXN_6343367,Juice,2,3.0,6.0,UNKNOWN,In-store,2023-09-17,Sunday,September
9724,TXN_2653224,Juice,3,3.0,9.0,Digital Wallet,UNKNOWN,2023-03-27,Monday,March
9726,TXN_4693942,Sandwich,4,4.0,16.0,Cash,Takeaway,2023-12-16,Saturday,December
9728,TXN_7963324,Coffee,3,2.0,6.0,UNKNOWN,Takeaway,2023-12-09,Saturday,December
9729,TXN_5563486,Juice,5,3.0,15.0,Digital Wallet,In-store,2023-03-13,Monday,March
9731,TXN_6932752,Smoothie,5,4.0,20.0,UNKNOWN,UNKNOWN,2023-09-20,Wednesday,September
9732,TXN_5697414,Cake,5,3.0,15.0,Credit Card,In-store,2023-02-16,Thursday,February
9733,TXN_5434310,Smoothie,3,4.0,12.0,Cash,UNKNOWN,2023-11-21,Tuesday,November
9735,TXN_5422843,Sandwich,2,4.0,8.0,Cash,In-store,2023-07-21,Friday,July
9736,TXN_1704041,Coffee,4,2.0,8.0,Credit Card,UNKNOWN,2023-05-21,Sunday,May
9737,TXN_9729178,Coffee,3,2.0,6.0,Credit Card,UNKNOWN,2023-05-28,Sunday,May
9738,TXN_4663964,Cookie,4,1.0,4.0,Digital Wallet,In-store,2023-06-29,Thursday,June
9739,TXN_6805057,Cookie,4,1.0,4.0,Credit Card,UNKNOWN,2023-10-15,Sunday,October
9740,TXN_8162690,Salad,2,5.0,10.0,Digital Wallet,UNKNOWN,2023-05-08,Monday,May
9741,TXN_7089712,Cake,5,3.0,15.0,Cash,UNKNOWN,2023-08-13,Sunday,August
9742,TXN_8077812,Salad,5,5.0,25.0,Cash,In-store,2023-01-16,Monday,January
9743,TXN_4834450,Cake,2,3.0,6.0,Cash,UNKNOWN,2023-06-26,Monday,June
9744,TXN_9081686,Cookie,5,1.0,5.0,UNKNOWN,UNKNOWN,2023-06-11,Sunday,June
9745,TXN_6650875,Cookie,5,1.0,5.0,Credit Card,Takeaway,2023-01-29,Sunday,January
9746,TXN_2133223,Cake,3,3.0,9.0,Cash,UNKNOWN,2023-11-17,Friday,November
9747,TXN_5879154,Salad,2,5.0,10.0,UNKNOWN,Takeaway,2023-06-28,Wednesday,June
9748,TXN_9575926,Sandwich,3,4.0,12.0,Credit Card,UNKNOWN,2023-12-12,Tuesday,December
9749,TXN_5425911,Smoothie,1,4.0,4.0,Digital Wallet,UNKNOWN,2023-11-30,Thursday,November
9751,TXN_9860308,Smoothie,2,4.0,8.0,Digital Wallet,UNKNOWN,2023-02-20,Monday,February
9753,TXN_3507013,Juice,1,3.0,3.0,Digital Wallet,In-store,2023-01-16,Monday,January
9754,TXN_7896733,Cake,4,3.0,12.0,Digital Wallet,UNKNOWN,2023-06-03,Saturday,June
9755,TXN_3092390,Sandwich,3,4.0,12.0,UNKNOWN,In-store,2023-07-24,Monday,July
9756,TXN_8131570,Salad,4,5.0,20.0,UNKNOWN,In-store,2023-12-02,Saturday,December
9757,TXN_3898445,Sandwich,3,4.0,12.0,Cash,Takeaway,2023-06-17,Saturday,June
9759,TXN_7641606,Coffee,3,2.0,6.0,Credit Card,Takeaway,2023-12-26,Tuesday,December
9760,TXN_1414039,Juice,4,3.0,12.0,UNKNOWN,UNKNOWN,2023-02-13,Monday,February
9762,TXN_6190857,Tea,1,1.5,1.5,UNKNOWN,In-store,2023-10-14,Saturday,October
9765,TXN_1805937,Juice,3,3.0,9.0,Credit Card,UNKNOWN,2023-06-12,Monday,June
9767,TXN_4717715,Sandwich,3,4.0,12.0,Digital Wallet,UNKNOWN,2023-07-27,Thursday,July
9770,TXN_2672972,Sandwich,1,4.0,4.0,Digital Wallet,Takeaway,2023-06-15,Thursday,June
9772,TXN_6970542,Sandwich,4,4.0,16.0,Credit Card,UNKNOWN,2023-08-04,Friday,August
9773,TXN_6091542,Juice,5,3.0,15.0,Digital Wallet,Takeaway,2023-01-17,Tuesday,January
9774,TXN_4184461,Salad,2,5.0,10.0,Digital Wallet,In-store,2023-02-22,Wednesday,February
9775,TXN_3224397,Cookie,4,1.0,4.0,Digital Wallet,Takeaway,2023-05-15,Monday,May
9776,TXN_2772639,Tea,4,1.5,6.0,Credit Card,In-store,2023-08-30,Wednesday,August
9778,TXN_5109348,Cake,4,3.0,12.0,Digital Wallet,In-store,2023-02-10,Friday,February
9779,TXN_6137985,Coffee,5,2.0,10.0,Credit Card,In-store,2023-03-15,Wednesday,March
9781,TXN_3526255,Smoothie,4,4.0,16.0,UNKNOWN,Takeaway,2023-06-23,Friday,June
9782,TXN_7310356,Juice,4,3.0,12.0,Digital Wallet,UNKNOWN,2023-10-20,Friday,October
9783,TXN_9054074,Cake,1,3.0,3.0,Credit Card,Takeaway,2023-10-15,Sunday,October
9784,TXN_7538724,Sandwich,1,4.0,4.0,UNKNOWN,In-store,2023-05-17,Wednesday,May
9785,TXN_6715991,Juice,1,3.0,3.0,Cash,UNKNOWN,2023-06-18,Sunday,June
9786,TXN_2271725,Smoothie,5,4.0,20.0,Cash,UNKNOWN,2023-12-21,Thursday,December
9787,TXN_1488481,Coffee,4,2.0,8.0,Credit Card,Takeaway,2023-07-28,Friday,July
9789,TXN_3494652,Coffee,1,2.0,2.0,UNKNOWN,UNKNOWN,2023-05-23,Tuesday,May
9790,TXN_2860281,Smoothie,4,4.0,16.0,Cash,UNKNOWN,2023-09-19,Tuesday,September
9791,TXN_1232346,Salad,5,5.0,25.0,Digital Wallet,In-store,2023-01-04,Wednesday,January
9792,TXN_1911093,Tea,2,1.5,3.0,Digital Wallet,In-store,2023-10-07,Saturday,October
9793,TXN_1672229,Cookie,2,1.0,2.0,Cash,UNKNOWN,2023-11-12,Sunday,November
9794,TXN_7056162,Smoothie,3,4.0,12.0,Digital Wallet,In-store,2023-03-04,Saturday,March
9795,TXN_2064049,Salad,4,5.0,20.0,Credit Card,Takeaway,2023-09-21,Thursday,September
9796,TXN_8191202,Cookie,2,1.0,2.0,Digital Wallet,In-store,2023-01-14,Saturday,January
9798,TXN_2823220,Salad,4,5.0,20.0,UNKNOWN,In-store,2023-05-17,Wednesday,May
9799,TXN_6826409,Sandwich,1,4.0,4.0,Credit Card,Takeaway,2023-10-21,Saturday,October
9800,TXN_2954833,Coffee,1,2.0,2.0,UNKNOWN,UNKNOWN,2023-01-29,Sunday,January
9801,TXN_5309677,Coffee,4,2.0,8.0,Cash,In-store,2023-08-09,Wednesday,August
9802,TXN_6011106,Juice,2,3.0,6.0,Digital Wallet,UNKNOWN,2023-09-07,Thursday,September
9803,TXN_4714592,Tea,1,1.5,1.5,Cash,UNKNOWN,2023-06-02,Friday,June
9804,TXN_6704284,Salad,2,5.0,10.0,Credit Card,Takeaway,2023-08-31,Thursday,August
9805,TXN_9506076,Salad,5,5.0,25.0,UNKNOWN,UNKNOWN,2023-01-17,Tuesday,January
9806,TXN_2354394,Tea,4,1.5,6.0,Cash,In-store,2023-04-17,Monday,April
9807,TXN_3436344,Smoothie,2,4.0,8.0,UNKNOWN,UNKNOWN,2023-02-28,Tuesday,February
9808,TXN_7826516,Cake,4,3.0,12.0,Credit Card,UNKNOWN,2023-06-21,Wednesday,June
9809,TXN_2699745,Coffee,4,2.0,8.0,UNKNOWN,In-store,2023-12-30,Saturday,December
9810,TXN_6097664,Salad,4,5.0,20.0,Digital Wallet,In-store,2023-11-27,Monday,November
9811,TXN_3858288,Tea,2,1.5,3.0,UNKNOWN,UNKNOWN,2023-04-12,Wednesday,April
9812,TXN_1272815,Juice,4,3.0,12.0,Credit Card,UNKNOWN,2023-08-07,Monday,August
9813,TXN_4755623,Juice,3,3.0,9.0,Cash,UNKNOWN,2023-11-23,Thursday,November
9814,TXN_8261045,Tea,3,1.5,4.5,Cash,UNKNOWN,2023-01-21,Saturday,January
9815,TXN_2217015,Coffee,3,2.0,6.0,UNKNOWN,Takeaway,2023-04-17,Monday,April
9816,TXN_1660104,Smoothie,2,4.0,8.0,Credit Card,Takeaway,2023-02-04,Saturday,February
9817,TXN_6589078,Tea,3,1.5,4.5,Digital Wallet,UNKNOWN,2023-08-03,Thursday,August
9818,TXN_6306555,Smoothie,1,4.0,4.0,Digital Wallet,Takeaway,2023-04-12,Wednesday,April
9821,TXN_2079029,Cake,5,3.0,15.0,Cash,In-store,2023-05-11,Thursday,May
9822,TXN_5737641,Cookie,1,1.0,1.0,UNKNOWN,UNKNOWN,2023-02-16,Thursday,February
9823,TXN_2845506,Tea,2,1.5,3.0,Digital Wallet,Takeaway,2023-12-30,Saturday,December
9824,TXN_8565799,Smoothie,4,4.0,16.0,Credit Card,In-store,2023-04-22,Saturday,April
9825,TXN_3052584,Salad,1,5.0,5.0,Cash,In-store,2023-01-21,Saturday,January
9826,TXN_1530892,Juice,2,3.0,6.0,Digital Wallet,UNKNOWN,2023-09-09,Saturday,September
9827,TXN_3392953,Coffee,1,2.0,2.0,Digital Wallet,Takeaway,2023-01-06,Friday,January
9828,TXN_4606893,Juice,5,3.0,15.0,Digital Wallet,In-store,2023-05-24,Wednesday,May
9829,TXN_7300653,Cookie,5,1.0,5.0,UNKNOWN,UNKNOWN,2023-04-24,Monday,April
9830,TXN_1759063,Cookie,2,1.0,2.0,Digital Wallet,Takeaway,2023-09-09,Saturday,September
9831,TXN_1706896,Smoothie,3,4.0,12.0,Cash,UNKNOWN,2023-07-15,Saturday,July
9834,TXN_1976619,Coffee,2,2.0,4.0,Digital Wallet,UNKNOWN,2023-08-02,Wednesday,August
9835,TXN_7953750,Sandwich,5,4.0,20.0,Cash,In-store,2023-06-16,Friday,June
9837,TXN_8367194,Juice,1,3.0,3.0,Digital Wallet,Takeaway,2023-02-04,Saturday,February
9839,TXN_4959078,Cake,2,3.0,6.0,Digital Wallet,Takeaway,2023-09-13,Wednesday,September
9840,TXN_4552137,Tea,2,1.5,3.0,UNKNOWN,In-store,2023-04-05,Wednesday,April
9841,TXN_1748121,Cake,2,3.0,6.0,UNKNOWN,In-store,2023-12-07,Thursday,December
9842,TXN_7922350,Coffee,2,2.0,4.0,UNKNOWN,Takeaway,2023-05-09,Tuesday,May
9843,TXN_1944293,Coffee,3,2.0,6.0,UNKNOWN,In-store,2023-02-25,Saturday,February
9845,TXN_1928401,Sandwich,5,4.0,20.0,Digital Wallet,In-store,2023-06-15,Thursday,June
9847,TXN_7861799,Cookie,2,1.0,2.0,Cash,Takeaway,2023-05-23,Tuesday,May
9848,TXN_5244674,Cake,5,3.0,15.0,UNKNOWN,UNKNOWN,2023-04-27,Thursday,April
9849,TXN_9679675,Coffee,1,2.0,2.0,Cash,UNKNOWN,2023-07-07,Friday,July
9850,TXN_2562041,Cake,5,3.0,15.0,Cash,Takeaway,2023-12-24,Sunday,December
9851,TXN_2738904,Smoothie,4,4.0,16.0,Digital Wallet,UNKNOWN,2023-11-23,Thursday,November
9853,TXN_9266499,Cake,1,3.0,3.0,Digital Wallet,UNKNOWN,2023-02-16,Thursday,February
9854,TXN_9196229,Sandwich,5,4.0,20.0,Credit Card,UNKNOWN,2023-12-08,Friday,December
9856,TXN_4308634,Coffee,3,2.0,6.0,Cash,In-store,2023-02-14,Tuesday,February
9857,TXN_3450880,Tea,3,1.5,4.5,UNKNOWN,In-store,2023-05-29,Monday,May
9858,TXN_6838411,Coffee,1,2.0,2.0,Cash,UNKNOWN,2023-07-04,Tuesday,July
9859,TXN_7548396,Tea,2,1.5,3.0,Digital Wallet,UNKNOWN,2023-04-06,Thursday,April
9860,TXN_8786286,Sandwich,5,4.0,20.0,Digital Wallet,UNKNOWN,2023-05-28,Sunday,May
9861,TXN_7439400,Salad,3,5.0,15.0,UNKNOWN,Takeaway,2023-06-28,Wednesday,June
9862,TXN_7461658,Coffee,3,2.0,6.0,Credit Card,UNKNOWN,2023-08-13,Sunday,August
9863,TXN_6017034,Cake,4,3.0,12.0,UNKNOWN,UNKNOWN,2023-10-06,Friday,October
9864,TXN_3649492,Salad,4,5.0,20.0,Digital Wallet,UNKNOWN,2023-12-01,Friday,December
9866,TXN_8150967,Smoothie,3,4.0,12.0,Cash,UNKNOWN,2023-01-08,Sunday,January
9867,TXN_3792683,Salad,4,5.0,20.0,Digital Wallet,In-store,2023-08-06,Sunday,August
9868,TXN_4006067,Juice,4,3.0,12.0,Cash,Takeaway,2023-01-30,Monday,January
9870,TXN_3456242,Sandwich,5,4.0,20.0,Credit Card,UNKNOWN,2023-04-28,Friday,April
9871,TXN_1928131,Smoothie,1,4.0,4.0,Credit Card,Takeaway,2023-04-17,Monday,April
9872,TXN_8318388,Cake,5,3.0,15.0,UNKNOWN,UNKNOWN,2023-11-26,Sunday,November
9873,TXN_8270768,Juice,5,3.0,15.0,Digital Wallet,Takeaway,2023-02-28,Tuesday,February
9874,TXN_4157300,Tea,4,1.5,6.0,Cash,Takeaway,2023-09-23,Saturday,September
9875,TXN_3224156,Cookie,1,1.0,1.0,Credit Card,In-store,2023-03-16,Thursday,March
9878,TXN_7936851,Sandwich,3,4.0,12.0,UNKNOWN,UNKNOWN,2023-10-07,Saturday,October
9879,TXN_6393305,Salad,5,5.0,25.0,Digital Wallet,In-store,2023-10-19,Thursday,October
9880,TXN_7326720,Cake,2,3.0,6.0,UNKNOWN,In-store,2023-12-08,Friday,December
9881,TXN_3069563,Sandwich,2,4.0,8.0,Cash,UNKNOWN,2023-04-25,Tuesday,April
9882,TXN_1728427,Coffee,5,2.0,10.0,Cash,UNKNOWN,2023-02-11,Saturday,February
9883,TXN_9176288,Tea,2,1.5,3.0,Digital Wallet,In-store,2023-02-08,Wednesday,February
9884,TXN_9071439,Juice,3,3.0,9.0,Credit Card,UNKNOWN,2023-02-05,Sunday,February
9886,TXN_1841204,Salad,3,5.0,15.0,Digital Wallet,In-store,2023-04-18,Tuesday,April
9888,TXN_8330240,Sandwich,4,4.0,16.0,Digital Wallet,UNKNOWN,2023-06-06,Tuesday,June
9889,TXN_3534588,Salad,1,5.0,5.0,Cash,UNKNOWN,2023-07-05,Wednesday,July
9890,TXN_2749289,Smoothie,2,4.0,8.0,Digital Wallet,Takeaway,2023-05-05,Friday,May
9891,TXN_6587628,Coffee,5,2.0,10.0,UNKNOWN,In-store,2023-05-09,Tuesday,May
9892,TXN_1711872,Juice,1,3.0,3.0,UNKNOWN,Takeaway,2023-01-27,Friday,January
9893,TXN_3809533,Juice,2,3.0,6.0,Digital Wallet,Takeaway,2023-02-02,Thursday,February
9894,TXN_4339925,Cookie,1,1.0,1.0,Cash,Takeaway,2023-11-23,Thursday,November
9895,TXN_1183208,Smoothie,5,4.0,20.0,UNKNOWN,UNKNOWN,2023-08-26,Saturday,August
9897,TXN_9503145,Juice,5,3.0,15.0,Digital Wallet,UNKNOWN,2023-09-21,Thursday,September
9898,TXN_8999360,Juice,3,3.0,9.0,Cash,Takeaway,2023-09-27,Wednesday,September
9899,TXN_6188262,Juice,1,3.0,3.0,Cash,Takeaway,2023-10-24,Tuesday,October
9900,TXN_5967452,Juice,5,3.0,15.0,Credit Card,UNKNOWN,2023-03-07,Tuesday,March
9901,TXN_9053365,Cookie,1,1.0,1.0,Digital Wallet,In-store,2023-07-15,Saturday,July
9902,TXN_3706457,Tea,5,1.5,7.5,Credit Card,Takeaway,2023-07-18,Tuesday,July
9903,TXN_9612533,Cake,2,3.0,6.0,Digital Wallet,In-store,2023-01-26,Thursday,January
9904,TXN_4948026,Tea,4,1.5,6.0,Digital Wallet,In-store,2023-07-02,Sunday,July
9905,TXN_8741663,Smoothie,1,4.0,4.0,Credit Card,Takeaway,2023-01-21,Saturday,January
9906,TXN_7249396,Cake,1,3.0,3.0,Cash,UNKNOWN,2023-09-26,Tuesday,September
9908,TXN_8922585,Salad,5,5.0,25.0,Credit Card,UNKNOWN,2023-06-22,Thursday,June
9909,TXN_2112522,Sandwich,5,4.0,20.0,Digital Wallet,Takeaway,2023-04-30,Sunday,April
9912,TXN_6133115,Smoothie,5,4.0,20.0,UNKNOWN,In-store,2023-12-08,Friday,December
9913,TXN_8408353,Tea,1,1.5,1.5,Credit Card,UNKNOWN,2023-12-13,Wednesday,December
9914,TXN_6420902,Cake,3,3.0,9.0,Credit Card,Takeaway,2023-11-22,Wednesday,November
9915,TXN_9400245,Salad,1,5.0,5.0,UNKNOWN,In-store,2023-02-24,Friday,February
9916,TXN_4767609,Coffee,3,2.0,6.0,Digital Wallet,In-store,2023-10-15,Sunday,October
9917,TXN_1425591,Smoothie,1,4.0,4.0,Cash,UNKNOWN,2023-09-10,Sunday,September
9919,TXN_6706599,Cake,1,3.0,3.0,UNKNOWN,Takeaway,2023-09-20,Wednesday,September
9920,TXN_4365321,Salad,4,5.0,20.0,Cash,In-store,2023-03-09,Thursday,March
9921,TXN_4457299,Smoothie,3,4.0,12.0,Credit Card,In-store,2023-09-19,Tuesday,September
9922,TXN_4671375,Tea,1,1.5,1.5,UNKNOWN,UNKNOWN,2023-06-28,Wednesday,June
9923,TXN_1184715,Cake,2,3.0,6.0,UNKNOWN,UNKNOWN,2023-09-10,Sunday,September
9924,TXN_5981429,Juice,2,3.0,6.0,Digital Wallet,UNKNOWN,2023-12-24,Sunday,December
9925,TXN_9036527,Smoothie,4,4.0,16.0,Digital Wallet,UNKNOWN,2023-06-27,Tuesday,June
9926,TXN_2464706,Cake,4,3.0,12.0,Digital Wallet,Takeaway,2023-11-09,Thursday,November
9927,TXN_8844497,Sandwich,3,4.0,12.0,UNKNOWN,Takeaway,2023-11-18,Saturday,November
9928,TXN_5171519,Salad,3,5.0,15.0,UNKNOWN,In-store,2023-04-06,Thursday,April
9929,TXN_6049240,Juice,1,3.0,3.0,Cash,UNKNOWN,2023-05-31,Wednesday,May
9930,TXN_4428252,Sandwich,3,4.0,12.0,UNKNOWN,Takeaway,2023-10-31,Tuesday,October
9934,TXN_1169615,Smoothie,5,4.0,20.0,Digital Wallet,In-store,2023-03-16,Thursday,March
9936,TXN_1949093,Smoothie,2,4.0,8.0,Cash,UNKNOWN,2023-02-05,Sunday,February
9938,TXN_9357808,Sandwich,4,4.0,16.0,Cash,UNKNOWN,2023-05-20,Saturday,May
9939,TXN_9026468,Sandwich,2,4.0,8.0,Credit Card,UNKNOWN,2023-08-23,Wednesday,August
9940,TXN_8273780,Salad,2,5.0,10.0,Digital Wallet,Takeaway,2023-10-15,Sunday,October
9941,TXN_4224427,Juice,4,3.0,12.0,Cash,Takeaway,2023-01-23,Monday,January
9942,TXN_5344848,Salad,1,5.0,5.0,Digital Wallet,Takeaway,2023-09-27,Wednesday,September
9943,TXN_6411708,Coffee,4,2.0,8.0,Credit Card,In-store,2023-05-20,Saturday,May
9945,TXN_8153550,Cookie,2,1.0,2.0,Cash,Takeaway,2023-10-12,Thursday,October
9947,TXN_5921442,Smoothie,4,4.0,16.0,Cash,Takeaway,2023-02-04,Saturday,February
9948,TXN_9496697,Tea,1,1.5,1.5,UNKNOWN,In-store,2023-09-27,Wednesday,September
9950,TXN_2818204,Cake,1,3.0,3.0,Digital Wallet,UNKNOWN,2023-03-09,Thursday,March
9952,TXN_9407169,Sandwich,1,4.0,4.0,Digital Wallet,UNKNOWN,2023-01-28,Saturday,January
9953,TXN_8966400,Cake,5,3.0,15.0,Credit Card,Takeaway,2023-11-29,Wednesday,November
9954,TXN_1191659,Coffee,4,2.0,8.0,Credit Card,In-store,2023-11-21,Tuesday,November
9955,TXN_9187008,Tea,4,1.5,6.0,UNKNOWN,UNKNOWN,2023-09-16,Saturday,September
9956,TXN_1958525,Cookie,3,1.0,3.0,UNKNOWN,Takeaway,2023-10-08,Sunday,October
9959,TXN_4556831,Juice,2,3.0,6.0,Digital Wallet,In-store,2023-05-28,Sunday,May
9960,TXN_3546629,Juice,5,3.0,15.0,UNKNOWN,In-store,2023-03-04,Saturday,March
9961,TXN_2153100,Tea,2,1.5,3.0,Cash,UNKNOWN,2023-12-29,Friday,December
9962,TXN_4723089,Sandwich,4,4.0,16.0,Cash,In-store,2023-05-23,Tuesday,May
9963,TXN_8545707,Cake,5,3.0,15.0,UNKNOWN,Takeaway,2023-02-14,Tuesday,February
9964,TXN_8938445,Cake,3,3.0,9.0,UNKNOWN,In-store,2023-11-07,Tuesday,November
9965,TXN_5846013,Tea,2,1.5,3.0,Digital Wallet,UNKNOWN,2023-12-20,Wednesday,December
9966,TXN_6494265,Coffee,2,2.0,4.0,UNKNOWN,UNKNOWN,2023-05-24,Wednesday,May
9967,TXN_8563793,Juice,4,3.0,12.0,UNKNOWN,In-store,2023-03-26,Sunday,March
9968,TXN_8866974,Smoothie,3,4.0,12.0,Digital Wallet,Takeaway,2023-03-14,Tuesday,March
9969,TXN_9954652,Coffee,2,2.0,4.0,Cash,In-store,2023-09-12,Tuesday,September
9970,TXN_5762440,Sandwich,5,4.0,20.0,Cash,In-store,2023-03-05,Sunday,March
9971,TXN_6120851,Salad,5,5.0,25.0,Cash,Takeaway,2023-02-04,Saturday,February
9972,TXN_3124078,Cake,4,3.0,12.0,UNKNOWN,In-store,2023-08-06,Sunday,August
9973,TXN_7936002,Salad,2,5.0,10.0,Digital Wallet,UNKNOWN,2023-01-26,Thursday,January
9974,TXN_8076061,Tea,4,1.5,6.0,Cash,In-store,2023-04-01,Saturday,April
9975,TXN_9668108,Cake,1,3.0,3.0,Cash,In-store,2023-01-20,Friday,January
9976,TXN_3528020,Cookie,1,1.0,1.0,UNKNOWN,Takeaway,2023-08-26,Saturday,August
9977,TXN_5548914,Juice,2,3.0,6.0,Digital Wallet,In-store,2023-11-04,Saturday,November
9978,TXN_4302199,Tea,3,1.5,4.5,UNKNOWN,UNKNOWN,2023-02-16,Thursday,February
9979,TXN_9933628,Smoothie,5,4.0,20.0,Cash,In-store,2023-07-20,Thursday,July
9980,TXN_6796890,Tea,4,1.5,6.0,UNKNOWN,UNKNOWN,2023-08-24,Thursday,August
9982,TXN_8567525,Cookie,2,1.0,2.0,UNKNOWN,Takeaway,2023-12-30,Saturday,December
9985,TXN_3297457,Cake,2,3.0,6.0,UNKNOWN,UNKNOWN,2023-01-03,Tuesday,January
9986,TXN_2858441,Sandwich,2,4.0,8.0,Credit Card,In-store,2023-12-14,Thursday,December
9987,TXN_1784478,Juice,5,3.0,15.0,Cash,UNKNOWN,2023-07-31,Monday,July
9989,TXN_1741685,Juice,5,3.0,15.0,Cash,UNKNOWN,2023-08-18,Friday,August
9990,TXN_1538510,Coffee,5,2.0,10.0,Digital Wallet,UNKNOWN,2023-05-22,Monday,May
9991,TXN_3897619,Sandwich,3,4.0,12.0,Cash,Takeaway,2023-02-24,Friday,February
9992,TXN_2739140,Smoothie,4,4.0,16.0,UNKNOWN,In-store,2023-07-05,Wednesday,July
9993,TXN_4766549,Smoothie,2,4.0,8.0,Cash,UNKNOWN,2023-10-20,Friday,October
9995,TXN_7672686,Coffee,2,2.0,4.0,UNKNOWN,UNKNOWN,2023-08-30,Wednesday,August
9997,TXN_5255387,Coffee,4,2.0,8.0,Digital Wallet,UNKNOWN,2023-03-02,Thursday,March
9998,TXN_7695629,Cookie,3,1.0,3.0,Digital Wallet,UNKNOWN,2023-12-02,Saturday,December
9999,TXN_6170729,Sandwich,3,4.0,12.0,Cash,In-store,2023-11-07,Tuesday,November
